2025-06-15 20:32:45,123 - __main__ - INFO - ==================================================
2025-06-15 20:32:45,123 - __main__ - INFO - Trading Algorithm Starting
2025-06-15 20:32:45,123 - __main__ - INFO - Paper Trading: True
2025-06-15 20:32:45,123 - __main__ - INFO - Dry Run: False
2025-06-15 20:32:45,123 - __main__ - INFO - ==================================================
2025-06-15 20:32:45,138 - __main__ - INFO - 🚀🚀🚀🚀🚀🚀🚀🚀🚀🚀🚀🚀🚀🚀🚀🚀🚀🚀🚀🚀
2025-06-15 20:32:45,138 - __main__ - INFO - 🚀 TRADING ALGORITHM STARTING
2025-06-15 20:32:45,138 - __main__ - INFO - 🚀🚀🚀🚀🚀🚀🚀🚀🚀🚀🚀🚀🚀🚀🚀🚀🚀🚀🚀🚀
2025-06-15 20:32:45,138 - __main__ - INFO - 📅 Session Date: 2025-06-15 20:32:45
2025-06-15 20:32:45,138 - __main__ - INFO - 💼 Paper Trading: True
2025-06-15 20:32:45,138 - __main__ - INFO - 🔄 Force Backtest: False
2025-06-15 20:32:45,138 - __main__ - INFO - 🔍 Dry Run Mode: False
2025-06-15 20:32:45,138 - __main__ - INFO - ============================================================
2025-06-15 20:32:45,138 - trading_engine - INFO - 🚀 LIVE TRADING MODE ENABLED - Orders will be placed
2025-06-15 20:32:45,138 - __main__ - INFO - 🔍 Checking account status and current positions...
2025-06-15 20:32:46,366 - cloud_storage - INFO - Loaded position entries from positions_20250615_201458.csv
2025-06-15 20:32:46,512 - cloud_storage - INFO - Saved positions to qa/Positions/positions_20250615_203246.csv
2025-06-15 20:32:46,513 - __main__ - INFO - 💰 Account Summary:
2025-06-15 20:32:46,513 - __main__ - INFO -    • Equity: $9769.13
2025-06-15 20:32:46,513 - __main__ - INFO -    • Cash Available: $6445.25
2025-06-15 20:32:46,513 - __main__ - INFO -    • Current Positions: 5
2025-06-15 20:32:46,513 - __main__ - INFO - ────────────────────────────────────────
2025-06-15 20:32:46,513 - __main__ - INFO - 🔍 Checking for recent cached backtest results...
2025-06-15 20:32:46,610 - __main__ - INFO - Most recent backtest file: backtest_results_20250615_201411.csv
2025-06-15 20:32:46,827 - cloud_storage - INFO - Loaded 215 backtest results from backtest_results_20250615_201411.csv
2025-06-15 20:32:46,827 - __main__ - INFO - ✅ Found cached results: 215 profitable strategies
2025-06-15 20:32:46,827 - __main__ - INFO - ⚡ Skipping backtest - using cached data
2025-06-15 20:32:46,827 - __main__ - INFO - 🎯 Analyzing trading opportunities and executing orders...
2025-06-15 20:32:46,827 - trading_engine - INFO - Starting trading session...
2025-06-15 20:32:47,227 - cloud_storage - INFO - Loaded position entries from positions_20250615_203246.csv
2025-06-15 20:32:47,409 - cloud_storage - INFO - Saved positions to qa/Positions/positions_20250615_203247.csv
2025-06-15 20:32:47,743 - trading_engine - INFO - Calculated target price for BBWI based on RSI: $37.81
2025-06-15 20:32:47,809 - data_provider - WARNING - No data found for symbol BBWI
2025-06-15 20:32:47,981 - data_provider - WARNING - No data found for symbol BBWI
2025-06-15 20:32:48,088 - trading_engine - ERROR - Could not get current price for BBWI
2025-06-15 20:32:48,290 - trading_engine - INFO - Calculated target price for ENPH based on RSI: $46.20
2025-06-15 20:32:48,425 - data_provider - WARNING - No data found for symbol ENPH
2025-06-15 20:32:48,592 - data_provider - WARNING - No data found for symbol ENPH
2025-06-15 20:32:48,698 - trading_engine - ERROR - Could not get current price for ENPH
2025-06-15 20:32:48,888 - trading_engine - INFO - Calculated target price for IONQ based on RSI: $56.76
2025-06-15 20:32:48,945 - data_provider - WARNING - No data found for symbol IONQ
2025-06-15 20:32:49,095 - data_provider - WARNING - No data found for symbol IONQ
2025-06-15 20:32:49,201 - trading_engine - ERROR - Could not get current price for IONQ
2025-06-15 20:32:49,379 - trading_engine - INFO - Calculated target price for MRNA based on RSI: $32.50
2025-06-15 20:32:49,422 - data_provider - WARNING - No data found for symbol MRNA
2025-06-15 20:32:49,586 - data_provider - WARNING - No data found for symbol MRNA
2025-06-15 20:32:49,690 - trading_engine - ERROR - Could not get current price for MRNA
2025-06-15 20:32:49,848 - trading_engine - INFO - Calculated target price for ORLY based on RSI: $134.87
2025-06-15 20:32:49,891 - data_provider - WARNING - No data found for symbol ORLY
2025-06-15 20:32:50,036 - data_provider - WARNING - No data found for symbol ORLY
2025-06-15 20:32:50,141 - trading_engine - ERROR - Could not get current price for ORLY
2025-06-15 20:32:50,141 - trading_engine - INFO - Updated existing positions with new stop loss and take profit orders
2025-06-15 20:32:50,672 - data_provider - WARNING - No data found for symbol ORLY
2025-06-15 20:32:50,984 - data_provider - WARNING - No data found for symbol IONQ
2025-06-15 20:32:51,651 - data_provider - WARNING - No data found for symbol RKLB
2025-06-15 20:32:53,058 - data_provider - WARNING - No data found for symbol MARA
2025-06-15 20:32:53,547 - data_provider - WARNING - No data found for symbol GAP
2025-06-15 20:32:54,726 - data_provider - WARNING - No data found for symbol GME
2025-06-15 20:32:55,188 - data_provider - WARNING - No data found for symbol COIN
2025-06-15 20:32:56,509 - data_provider - WARNING - No data found for symbol SIRI
2025-06-15 20:32:57,852 - data_provider - WARNING - No data found for symbol PENN
2025-06-15 20:32:58,657 - data_provider - WARNING - No data found for symbol X
2025-06-15 20:32:59,868 - data_provider - WARNING - No data found for symbol ETHA
2025-06-15 20:33:00,205 - data_provider - WARNING - No data found for symbol GOOG
2025-06-15 20:33:00,685 - data_provider - WARNING - No data found for symbol GOOGL
2025-06-15 20:33:00,996 - data_provider - WARNING - No data found for symbol GPK
2025-06-15 20:33:01,449 - data_provider - WARNING - No data found for symbol IBIT
2025-06-15 20:33:02,726 - data_provider - WARNING - No data found for symbol OMC
2025-06-15 20:33:03,028 - data_provider - WARNING - No data found for symbol BITO
2025-06-15 20:33:04,326 - data_provider - WARNING - No data found for symbol IPG
2025-06-15 20:33:05,117 - data_provider - WARNING - No data found for symbol NCLH
2025-06-15 20:33:05,625 - data_provider - WARNING - No data found for symbol CVNA
2025-06-15 20:33:06,738 - data_provider - WARNING - No data found for symbol CPB
2025-06-15 20:33:07,058 - data_provider - WARNING - No data found for symbol CFG
2025-06-15 20:33:07,417 - data_provider - WARNING - No data found for symbol XBI
2025-06-15 20:33:09,934 - data_provider - WARNING - No data found for symbol CPRT
2025-06-15 20:33:10,299 - data_provider - WARNING - No data found for symbol TEAM
2025-06-15 20:33:11,115 - data_provider - WARNING - No data found for symbol RF
2025-06-15 20:33:11,439 - data_provider - WARNING - No data found for symbol DAL
2025-06-15 20:33:12,080 - data_provider - WARNING - No data found for symbol CAG
2025-06-15 20:33:12,408 - data_provider - WARNING - No data found for symbol ETSY
2025-06-15 20:33:13,254 - data_provider - WARNING - No data found for symbol XPEV
2025-06-15 20:33:14,079 - data_provider - WARNING - No data found for symbol CNM
2025-06-15 20:33:15,069 - __main__ - INFO - Algorithm interrupted by user
2025-06-15 20:35:51,188 - __main__ - INFO - Testing single symbol data fetch...
2025-06-15 20:36:04,954 - __main__ - INFO - Testing single symbol data fetch...
2025-06-15 20:36:19,678 - __main__ - INFO - Testing single symbol data fetch...
2025-06-15 20:36:19,956 - data_provider - DEBUG - API response type: <class 'alpaca.data.models.bars.BarSet'>
2025-06-15 20:36:19,956 - data_provider - DEBUG - API response dir: ['__abstractmethods__', '__annotations__', '__class__', '__class_getitem__', '__class_vars__', '__copy__', '__deepcopy__', '__delattr__', '__dict__', '__dir__', '__doc__', '__eq__', '__fields__', '__fields_set__', '__firstlineno__', '__format__', '__ge__', '__get_pydantic_core_schema__', '__get_pydantic_json_schema__', '__getattr__', '__getattribute__', '__getitem__', '__getstate__', '__gt__', '__hash__', '__init__', '__init_subclass__', '__iter__', '__le__', '__lt__', '__module__', '__ne__', '__new__', '__pretty__', '__private_attributes__', '__pydantic_complete__', '__pydantic_computed_fields__', '__pydantic_core_schema__', '__pydantic_custom_init__', '__pydantic_decorators__', '__pydantic_extra__', '__pydantic_fields__', '__pydantic_fields_set__', '__pydantic_generic_metadata__', '__pydantic_init_subclass__', '__pydantic_parent_namespace__', '__pydantic_post_init__', '__pydantic_private__', '__pydantic_root_model__', '__pydantic_serializer__', '__pydantic_setattr_handlers__', '__pydantic_validator__', '__reduce__', '__reduce_ex__', '__replace__', '__repr__', '__repr_args__', '__repr_name__', '__repr_recursion__', '__repr_str__', '__rich_repr__', '__setattr__', '__setstate__', '__signature__', '__sizeof__', '__slots__', '__static_attributes__', '__str__', '__subclasshook__', '__weakref__', '_abc_impl', '_calculate_keys', '_copy_and_set_values', '_get_value', '_iter', '_setattr_handler', 'construct', 'copy', 'data', 'df', 'dict', 'from_orm', 'json', 'model_computed_fields', 'model_config', 'model_construct', 'model_copy', 'model_dump', 'model_dump_json', 'model_extra', 'model_fields', 'model_fields_set', 'model_json_schema', 'model_parametrized_name', 'model_post_init', 'model_rebuild', 'model_validate', 'model_validate_json', 'model_validate_strings', 'parse_file', 'parse_obj', 'parse_raw', 'schema', 'schema_json', 'update_forward_refs', 'validate']
2025-06-15 20:36:19,957 - data_provider - DEBUG - Raw API response for symbol AAPL: data={'AAPL': [{   'close': 208.78,
    'high': 209.48,
    'low': 204.26,
    'open': 207.91,
    'symbol': 'AAPL',
    'timestamp': datetime.datetime(2025, 5, 19, 4, 0, tzinfo=TzInfo(UTC)),
    'trade_count': 617742.0,
    'volume': 46140527.0,
    'vwap': 207.544666}, {   'close': 206.86,
    'high': 208.47,
    'low': 205.03,
    'open': 207.67,
    'symbol': 'AAPL',
    'timestamp': datetime.datetime(2025, 5, 20, 4, 0, tzinfo=TzInfo(UTC)),
    'trade_count': 511393.0,
    'volume': 42496635.0,
    'vwap': 207.012839}, {   'close': 202.09,
    'high': 207.04,
    'low': 200.71,
    'open': 205.17,
    'symbol': 'AAPL',
    'timestamp': datetime.datetime(2025, 5, 21, 4, 0, tzinfo=TzInfo(UTC)),
    'trade_count': 783994.0,
    'volume': 59211774.0,
    'vwap': 203.41488}, {   'close': 201.36,
    'high': 202.75,
    'low': 199.7,
    'open': 200.71,
    'symbol': 'AAPL',
    'timestamp': datetime.datetime(2025, 5, 22, 4, 0, tzinfo=TzInfo(UTC)),
    'trade_count': 615608.0,
    'volume': 46742407.0,
    'vwap': 201.381366}, {   'close': 195.27,
    'high': 197.7,
    'low': 193.46,
    'open': 193.665,
    'symbol': 'AAPL',
    'timestamp': datetime.datetime(2025, 5, 23, 4, 0, tzinfo=TzInfo(UTC)),
    'trade_count': 1035410.0,
    'volume': 78432918.0,
    'vwap': 195.921086}, {   'close': 200.21,
    'high': 200.74,
    'low': 197.43,
    'open': 198.3,
    'symbol': 'AAPL',
    'timestamp': datetime.datetime(2025, 5, 27, 4, 0, tzinfo=TzInfo(UTC)),
    'trade_count': 710445.0,
    'volume': 56288475.0,
    'vwap': 199.536657}, {   'close': 200.42,
    'high': 202.73,
    'low': 199.9,
    'open': 200.59,
    'symbol': 'AAPL',
    'timestamp': datetime.datetime(2025, 5, 28, 4, 0, tzinfo=TzInfo(UTC)),
    'trade_count': 549615.0,
    'volume': 45339678.0,
    'vwap': 200.829719}, {   'close': 199.95,
    'high': 203.81,
    'low': 198.51,
    'open': 203.575,
    'symbol': 'AAPL',
    'timestamp': datetime.datetime(2025, 5, 29, 4, 0, tzinfo=TzInfo(UTC)),
    'trade_count': 652509.0,
    'volume': 51477938.0,
    'vwap': 200.374911}, {   'close': 200.85,
    'high': 201.96,
    'low': 196.78,
    'open': 199.37,
    'symbol': 'AAPL',
    'timestamp': datetime.datetime(2025, 5, 30, 4, 0, tzinfo=TzInfo(UTC)),
    'trade_count': 605924.0,
    'volume': 70819942.0,
    'vwap': 199.860142}, {   'close': 201.7,
    'high': 202.13,
    'low': 200.12,
    'open': 200.28,
    'symbol': 'AAPL',
    'timestamp': datetime.datetime(2025, 6, 2, 4, 0, tzinfo=TzInfo(UTC)),
    'trade_count': 501431.0,
    'volume': 35423294.0,
    'vwap': 201.213591}, {   'close': 203.27,
    'high': 203.77,
    'low': 200.955,
    'open': 201.35,
    'symbol': 'AAPL',
    'timestamp': datetime.datetime(2025, 6, 3, 4, 0, tzinfo=TzInfo(UTC)),
    'trade_count': 519820.0,
    'volume': 46381567.0,
    'vwap': 202.782254}, {   'close': 202.82,
    'high': 206.24,
    'low': 202.1,
    'open': 202.91,
    'symbol': 'AAPL',
    'timestamp': datetime.datetime(2025, 6, 4, 4, 0, tzinfo=TzInfo(UTC)),
    'trade_count': 568214.0,
    'volume': 43603985.0,
    'vwap': 203.716632}, {   'close': 200.63,
    'high': 204.75,
    'low': 200.15,
    'open': 203.5,
    'symbol': 'AAPL',
    'timestamp': datetime.datetime(2025, 6, 5, 4, 0, tzinfo=TzInfo(UTC)),
    'trade_count': 637645.0,
    'volume': 55221235.0,
    'vwap': 201.868062}, {   'close': 203.92,
    'high': 205.7,
    'low': 202.05,
    'open': 203.0,
    'symbol': 'AAPL',
    'timestamp': datetime.datetime(2025, 6, 6, 4, 0, tzinfo=TzInfo(UTC)),
    'trade_count': 556357.0,
    'volume': 46607693.0,
    'vwap': 204.114905}, {   'close': 201.45,
    'high': 206.0,
    'low': 200.02,
    'open': 204.39,
    'symbol': 'AAPL',
    'timestamp': datetime.datetime(2025, 6, 9, 4, 0, tzinfo=TzInfo(UTC)),
    'trade_count': 860118.0,
    'volume': 72862557.0,
    'vwap': 202.490754}, {   'close': 202.67,
    'high': 204.35,
    'low': 200.57,
    'open': 200.6,
    'symbol': 'AAPL',
    'timestamp': datetime.datetime(2025, 6, 10, 4, 0, tzinfo=TzInfo(UTC)),
    'trade_count': 611323.0,
    'volume': 54672608.0,
    'vwap': 202.546622}, {   'close': 198.78,
    'high': 204.5,
    'low': 198.41,
    'open': 203.5,
    'symbol': 'AAPL',
    'timestamp': datetime.datetime(2025, 6, 11, 4, 0, tzinfo=TzInfo(UTC)),
    'trade_count': 770310.0,
    'volume': 60989857.0,
    'vwap': 200.489444}, {   'close': 199.2,
    'high': 199.68,
    'low': 197.3601,
    'open': 199.08,
    'symbol': 'AAPL',
    'timestamp': datetime.datetime(2025, 6, 12, 4, 0, tzinfo=TzInfo(UTC)),
    'trade_count': 541843.0,
    'volume': 43904635.0,
    'vwap': 198.668035}, {   'close': 196.45,
    'high': 200.37,
    'low': 195.7,
    'open': 199.73,
    'symbol': 'AAPL',
    'timestamp': datetime.datetime(2025, 6, 13, 4, 0, tzinfo=TzInfo(UTC)),
    'trade_count': 716210.0,
    'volume': 51447349.0,
    'vwap': 197.004454}]}
2025-06-15 20:36:19,963 - data_provider - DEBUG - Using object response, data type: <class 'dict'>
2025-06-15 20:36:19,966 - data_provider - DEBUG - Data dir: ['__class__', '__class_getitem__', '__contains__', '__delattr__', '__delitem__', '__dir__', '__doc__', '__eq__', '__format__', '__ge__', '__getattribute__', '__getitem__', '__getstate__', '__gt__', '__hash__', '__init__', '__init_subclass__', '__ior__', '__iter__', '__le__', '__len__', '__lt__', '__ne__', '__new__', '__or__', '__reduce__', '__reduce_ex__', '__repr__', '__reversed__', '__ror__', '__setattr__', '__setitem__', '__sizeof__', '__str__', '__subclasshook__', 'clear', 'copy', 'fromkeys', 'get', 'items', 'keys', 'pop', 'popitem', 'setdefault', 'update', 'values']
2025-06-15 20:36:19,966 - data_provider - DEBUG - Data content for symbol AAPL: {'AAPL': [{   'close': 208.78,
    'high': 209.48,
    'low': 204.26,
    'open': 207.91,
    'symbol': 'AAPL',
    'timestamp': datetime.datetime(2025, 5, 19, 4, 0, tzinfo=TzInfo(UTC)),
    'trade_count': 617742.0,
    'volume': 46140527.0,
    'vwap': 207.544666}, {   'close': 206.86,
    'high': 208.47,
    'low': 205.03,
    'open': 207.67,
    'symbol': 'AAPL',
    'timestamp': datetime.datetime(2025, 5, 20, 4, 0, tzinfo=TzInfo(UTC)),
    'trade_count': 511393.0,
    'volume': 42496635.0,
    'vwap': 207.012839}, {   'close': 202.09,
    'high': 207.04,
    'low': 200.71,
    'open': 205.17,
    'symbol': 'AAPL',
    'timestamp': datetime.datetime(2025, 5, 21, 4, 0, tzinfo=TzInfo(UTC)),
    'trade_count': 783994.0,
    'volume': 59211774.0,
    'vwap': 203.41488}, {   'close': 201.36,
    'high': 202.75,
    'low': 199.7,
    'open': 200.71,
    'symbol': 'AAPL',
    'timestamp': datetime.datetime(2025, 5, 22, 4, 0, tzinfo=TzInfo(UTC)),
    'trade_count': 615608.0,
    'volume': 46742407.0,
    'vwap': 201.381366}, {   'close': 195.27,
    'high': 197.7,
    'low': 193.46,
    'open': 193.665,
    'symbol': 'AAPL',
    'timestamp': datetime.datetime(2025, 5, 23, 4, 0, tzinfo=TzInfo(UTC)),
    'trade_count': 1035410.0,
    'volume': 78432918.0,
    'vwap': 195.921086}, {   'close': 200.21,
    'high': 200.74,
    'low': 197.43,
    'open': 198.3,
    'symbol': 'AAPL',
    'timestamp': datetime.datetime(2025, 5, 27, 4, 0, tzinfo=TzInfo(UTC)),
    'trade_count': 710445.0,
    'volume': 56288475.0,
    'vwap': 199.536657}, {   'close': 200.42,
    'high': 202.73,
    'low': 199.9,
    'open': 200.59,
    'symbol': 'AAPL',
    'timestamp': datetime.datetime(2025, 5, 28, 4, 0, tzinfo=TzInfo(UTC)),
    'trade_count': 549615.0,
    'volume': 45339678.0,
    'vwap': 200.829719}, {   'close': 199.95,
    'high': 203.81,
    'low': 198.51,
    'open': 203.575,
    'symbol': 'AAPL',
    'timestamp': datetime.datetime(2025, 5, 29, 4, 0, tzinfo=TzInfo(UTC)),
    'trade_count': 652509.0,
    'volume': 51477938.0,
    'vwap': 200.374911}, {   'close': 200.85,
    'high': 201.96,
    'low': 196.78,
    'open': 199.37,
    'symbol': 'AAPL',
    'timestamp': datetime.datetime(2025, 5, 30, 4, 0, tzinfo=TzInfo(UTC)),
    'trade_count': 605924.0,
    'volume': 70819942.0,
    'vwap': 199.860142}, {   'close': 201.7,
    'high': 202.13,
    'low': 200.12,
    'open': 200.28,
    'symbol': 'AAPL',
    'timestamp': datetime.datetime(2025, 6, 2, 4, 0, tzinfo=TzInfo(UTC)),
    'trade_count': 501431.0,
    'volume': 35423294.0,
    'vwap': 201.213591}, {   'close': 203.27,
    'high': 203.77,
    'low': 200.955,
    'open': 201.35,
    'symbol': 'AAPL',
    'timestamp': datetime.datetime(2025, 6, 3, 4, 0, tzinfo=TzInfo(UTC)),
    'trade_count': 519820.0,
    'volume': 46381567.0,
    'vwap': 202.782254}, {   'close': 202.82,
    'high': 206.24,
    'low': 202.1,
    'open': 202.91,
    'symbol': 'AAPL',
    'timestamp': datetime.datetime(2025, 6, 4, 4, 0, tzinfo=TzInfo(UTC)),
    'trade_count': 568214.0,
    'volume': 43603985.0,
    'vwap': 203.716632}, {   'close': 200.63,
    'high': 204.75,
    'low': 200.15,
    'open': 203.5,
    'symbol': 'AAPL',
    'timestamp': datetime.datetime(2025, 6, 5, 4, 0, tzinfo=TzInfo(UTC)),
    'trade_count': 637645.0,
    'volume': 55221235.0,
    'vwap': 201.868062}, {   'close': 203.92,
    'high': 205.7,
    'low': 202.05,
    'open': 203.0,
    'symbol': 'AAPL',
    'timestamp': datetime.datetime(2025, 6, 6, 4, 0, tzinfo=TzInfo(UTC)),
    'trade_count': 556357.0,
    'volume': 46607693.0,
    'vwap': 204.114905}, {   'close': 201.45,
    'high': 206.0,
    'low': 200.02,
    'open': 204.39,
    'symbol': 'AAPL',
    'timestamp': datetime.datetime(2025, 6, 9, 4, 0, tzinfo=TzInfo(UTC)),
    'trade_count': 860118.0,
    'volume': 72862557.0,
    'vwap': 202.490754}, {   'close': 202.67,
    'high': 204.35,
    'low': 200.57,
    'open': 200.6,
    'symbol': 'AAPL',
    'timestamp': datetime.datetime(2025, 6, 10, 4, 0, tzinfo=TzInfo(UTC)),
    'trade_count': 611323.0,
    'volume': 54672608.0,
    'vwap': 202.546622}, {   'close': 198.78,
    'high': 204.5,
    'low': 198.41,
    'open': 203.5,
    'symbol': 'AAPL',
    'timestamp': datetime.datetime(2025, 6, 11, 4, 0, tzinfo=TzInfo(UTC)),
    'trade_count': 770310.0,
    'volume': 60989857.0,
    'vwap': 200.489444}, {   'close': 199.2,
    'high': 199.68,
    'low': 197.3601,
    'open': 199.08,
    'symbol': 'AAPL',
    'timestamp': datetime.datetime(2025, 6, 12, 4, 0, tzinfo=TzInfo(UTC)),
    'trade_count': 541843.0,
    'volume': 43904635.0,
    'vwap': 198.668035}, {   'close': 196.45,
    'high': 200.37,
    'low': 195.7,
    'open': 199.73,
    'symbol': 'AAPL',
    'timestamp': datetime.datetime(2025, 6, 13, 4, 0, tzinfo=TzInfo(UTC)),
    'trade_count': 716210.0,
    'volume': 51447349.0,
    'vwap': 197.004454}]}
2025-06-15 20:36:19,970 - data_provider - DEBUG - Looking for symbol AAPL in data
2025-06-15 20:36:19,970 - data_provider - DEBUG - Dict access result for AAPL: Found
2025-06-15 20:36:20,086 - __main__ - INFO - AAPL data shape: (19, 5)
2025-06-15 20:36:20,086 - __main__ - INFO - AAPL data columns: ['open', 'high', 'low', 'close', 'volume']
2025-06-15 20:36:34,336 - __main__ - INFO - Testing batch symbol data fetch...
2025-06-15 20:36:34,336 - __main__ - INFO - Fetching data for AAPL...
2025-06-15 20:36:34,564 - data_provider - DEBUG - API response type: <class 'alpaca.data.models.bars.BarSet'>
2025-06-15 20:36:34,565 - data_provider - DEBUG - API response dir: ['__abstractmethods__', '__annotations__', '__class__', '__class_getitem__', '__class_vars__', '__copy__', '__deepcopy__', '__delattr__', '__dict__', '__dir__', '__doc__', '__eq__', '__fields__', '__fields_set__', '__firstlineno__', '__format__', '__ge__', '__get_pydantic_core_schema__', '__get_pydantic_json_schema__', '__getattr__', '__getattribute__', '__getitem__', '__getstate__', '__gt__', '__hash__', '__init__', '__init_subclass__', '__iter__', '__le__', '__lt__', '__module__', '__ne__', '__new__', '__pretty__', '__private_attributes__', '__pydantic_complete__', '__pydantic_computed_fields__', '__pydantic_core_schema__', '__pydantic_custom_init__', '__pydantic_decorators__', '__pydantic_extra__', '__pydantic_fields__', '__pydantic_fields_set__', '__pydantic_generic_metadata__', '__pydantic_init_subclass__', '__pydantic_parent_namespace__', '__pydantic_post_init__', '__pydantic_private__', '__pydantic_root_model__', '__pydantic_serializer__', '__pydantic_setattr_handlers__', '__pydantic_validator__', '__reduce__', '__reduce_ex__', '__replace__', '__repr__', '__repr_args__', '__repr_name__', '__repr_recursion__', '__repr_str__', '__rich_repr__', '__setattr__', '__setstate__', '__signature__', '__sizeof__', '__slots__', '__static_attributes__', '__str__', '__subclasshook__', '__weakref__', '_abc_impl', '_calculate_keys', '_copy_and_set_values', '_get_value', '_iter', '_setattr_handler', 'construct', 'copy', 'data', 'df', 'dict', 'from_orm', 'json', 'model_computed_fields', 'model_config', 'model_construct', 'model_copy', 'model_dump', 'model_dump_json', 'model_extra', 'model_fields', 'model_fields_set', 'model_json_schema', 'model_parametrized_name', 'model_post_init', 'model_rebuild', 'model_validate', 'model_validate_json', 'model_validate_strings', 'parse_file', 'parse_obj', 'parse_raw', 'schema', 'schema_json', 'update_forward_refs', 'validate']
2025-06-15 20:36:34,565 - data_provider - DEBUG - Raw API response for symbol AAPL: data={'AAPL': [{   'close': 198.78,
    'high': 204.5,
    'low': 198.41,
    'open': 203.5,
    'symbol': 'AAPL',
    'timestamp': datetime.datetime(2025, 6, 11, 4, 0, tzinfo=TzInfo(UTC)),
    'trade_count': 770310.0,
    'volume': 60989857.0,
    'vwap': 200.489444}, {   'close': 199.2,
    'high': 199.68,
    'low': 197.3601,
    'open': 199.08,
    'symbol': 'AAPL',
    'timestamp': datetime.datetime(2025, 6, 12, 4, 0, tzinfo=TzInfo(UTC)),
    'trade_count': 541843.0,
    'volume': 43904635.0,
    'vwap': 198.668035}, {   'close': 196.45,
    'high': 200.37,
    'low': 195.7,
    'open': 199.73,
    'symbol': 'AAPL',
    'timestamp': datetime.datetime(2025, 6, 13, 4, 0, tzinfo=TzInfo(UTC)),
    'trade_count': 716210.0,
    'volume': 51447349.0,
    'vwap': 197.004454}]}
2025-06-15 20:36:34,567 - data_provider - DEBUG - Using object response, data type: <class 'dict'>
2025-06-15 20:36:34,567 - data_provider - DEBUG - Data dir: ['__class__', '__class_getitem__', '__contains__', '__delattr__', '__delitem__', '__dir__', '__doc__', '__eq__', '__format__', '__ge__', '__getattribute__', '__getitem__', '__getstate__', '__gt__', '__hash__', '__init__', '__init_subclass__', '__ior__', '__iter__', '__le__', '__len__', '__lt__', '__ne__', '__new__', '__or__', '__reduce__', '__reduce_ex__', '__repr__', '__reversed__', '__ror__', '__setattr__', '__setitem__', '__sizeof__', '__str__', '__subclasshook__', 'clear', 'copy', 'fromkeys', 'get', 'items', 'keys', 'pop', 'popitem', 'setdefault', 'update', 'values']
2025-06-15 20:36:34,567 - data_provider - DEBUG - Data content for symbol AAPL: {'AAPL': [{   'close': 198.78,
    'high': 204.5,
    'low': 198.41,
    'open': 203.5,
    'symbol': 'AAPL',
    'timestamp': datetime.datetime(2025, 6, 11, 4, 0, tzinfo=TzInfo(UTC)),
    'trade_count': 770310.0,
    'volume': 60989857.0,
    'vwap': 200.489444}, {   'close': 199.2,
    'high': 199.68,
    'low': 197.3601,
    'open': 199.08,
    'symbol': 'AAPL',
    'timestamp': datetime.datetime(2025, 6, 12, 4, 0, tzinfo=TzInfo(UTC)),
    'trade_count': 541843.0,
    'volume': 43904635.0,
    'vwap': 198.668035}, {   'close': 196.45,
    'high': 200.37,
    'low': 195.7,
    'open': 199.73,
    'symbol': 'AAPL',
    'timestamp': datetime.datetime(2025, 6, 13, 4, 0, tzinfo=TzInfo(UTC)),
    'trade_count': 716210.0,
    'volume': 51447349.0,
    'vwap': 197.004454}]}
2025-06-15 20:36:34,568 - data_provider - DEBUG - Looking for symbol AAPL in data
2025-06-15 20:36:34,568 - data_provider - DEBUG - Dict access result for AAPL: Found
2025-06-15 20:36:34,677 - __main__ - INFO - AAPL data shape: (3, 5)
2025-06-15 20:36:34,684 - __main__ - INFO - AAPL first few rows: [{'open': 203.5, 'high': 204.5, 'low': 198.41, 'close': 198.78, 'volume': 60989857.0}, {'open': 199.08, 'high': 199.68, 'low': 197.3601, 'close': 199.2, 'volume': 43904635.0}]
2025-06-15 20:36:34,685 - __main__ - INFO - Fetching data for MSFT...
2025-06-15 20:36:34,744 - data_provider - DEBUG - API response type: <class 'alpaca.data.models.bars.BarSet'>
2025-06-15 20:36:34,744 - data_provider - DEBUG - API response dir: ['__abstractmethods__', '__annotations__', '__class__', '__class_getitem__', '__class_vars__', '__copy__', '__deepcopy__', '__delattr__', '__dict__', '__dir__', '__doc__', '__eq__', '__fields__', '__fields_set__', '__firstlineno__', '__format__', '__ge__', '__get_pydantic_core_schema__', '__get_pydantic_json_schema__', '__getattr__', '__getattribute__', '__getitem__', '__getstate__', '__gt__', '__hash__', '__init__', '__init_subclass__', '__iter__', '__le__', '__lt__', '__module__', '__ne__', '__new__', '__pretty__', '__private_attributes__', '__pydantic_complete__', '__pydantic_computed_fields__', '__pydantic_core_schema__', '__pydantic_custom_init__', '__pydantic_decorators__', '__pydantic_extra__', '__pydantic_fields__', '__pydantic_fields_set__', '__pydantic_generic_metadata__', '__pydantic_init_subclass__', '__pydantic_parent_namespace__', '__pydantic_post_init__', '__pydantic_private__', '__pydantic_root_model__', '__pydantic_serializer__', '__pydantic_setattr_handlers__', '__pydantic_validator__', '__reduce__', '__reduce_ex__', '__replace__', '__repr__', '__repr_args__', '__repr_name__', '__repr_recursion__', '__repr_str__', '__rich_repr__', '__setattr__', '__setstate__', '__signature__', '__sizeof__', '__slots__', '__static_attributes__', '__str__', '__subclasshook__', '__weakref__', '_abc_impl', '_calculate_keys', '_copy_and_set_values', '_get_value', '_iter', '_setattr_handler', 'construct', 'copy', 'data', 'df', 'dict', 'from_orm', 'json', 'model_computed_fields', 'model_config', 'model_construct', 'model_copy', 'model_dump', 'model_dump_json', 'model_extra', 'model_fields', 'model_fields_set', 'model_json_schema', 'model_parametrized_name', 'model_post_init', 'model_rebuild', 'model_validate', 'model_validate_json', 'model_validate_strings', 'parse_file', 'parse_obj', 'parse_raw', 'schema', 'schema_json', 'update_forward_refs', 'validate']
2025-06-15 20:36:34,745 - data_provider - DEBUG - Raw API response for symbol MSFT: data={'MSFT': [{   'close': 472.62,
    'high': 475.47,
    'low': 469.655,
    'open': 470.02,
    'symbol': 'MSFT',
    'timestamp': datetime.datetime(2025, 6, 11, 4, 0, tzinfo=TzInfo(UTC)),
    'trade_count': 316703.0,
    'volume': 16399176.0,
    'vwap': 473.174691}, {   'close': 478.87,
    'high': 480.415,
    'low': 473.52,
    'open': 475.02,
    'symbol': 'MSFT',
    'timestamp': datetime.datetime(2025, 6, 12, 4, 0, tzinfo=TzInfo(UTC)),
    'trade_count': 351653.0,
    'volume': 18950582.0,
    'vwap': 478.071538}, {   'close': 474.96,
    'high': 479.18,
    'low': 472.76,
    'open': 476.41,
    'symbol': 'MSFT',
    'timestamp': datetime.datetime(2025, 6, 13, 4, 0, tzinfo=TzInfo(UTC)),
    'trade_count': 354555.0,
    'volume': 16814456.0,
    'vwap': 475.747829}]}
2025-06-15 20:36:34,745 - data_provider - DEBUG - Using object response, data type: <class 'dict'>
2025-06-15 20:36:34,745 - data_provider - DEBUG - Data dir: ['__class__', '__class_getitem__', '__contains__', '__delattr__', '__delitem__', '__dir__', '__doc__', '__eq__', '__format__', '__ge__', '__getattribute__', '__getitem__', '__getstate__', '__gt__', '__hash__', '__init__', '__init_subclass__', '__ior__', '__iter__', '__le__', '__len__', '__lt__', '__ne__', '__new__', '__or__', '__reduce__', '__reduce_ex__', '__repr__', '__reversed__', '__ror__', '__setattr__', '__setitem__', '__sizeof__', '__str__', '__subclasshook__', 'clear', 'copy', 'fromkeys', 'get', 'items', 'keys', 'pop', 'popitem', 'setdefault', 'update', 'values']
2025-06-15 20:36:34,745 - data_provider - DEBUG - Data content for symbol MSFT: {'MSFT': [{   'close': 472.62,
    'high': 475.47,
    'low': 469.655,
    'open': 470.02,
    'symbol': 'MSFT',
    'timestamp': datetime.datetime(2025, 6, 11, 4, 0, tzinfo=TzInfo(UTC)),
    'trade_count': 316703.0,
    'volume': 16399176.0,
    'vwap': 473.174691}, {   'close': 478.87,
    'high': 480.415,
    'low': 473.52,
    'open': 475.02,
    'symbol': 'MSFT',
    'timestamp': datetime.datetime(2025, 6, 12, 4, 0, tzinfo=TzInfo(UTC)),
    'trade_count': 351653.0,
    'volume': 18950582.0,
    'vwap': 478.071538}, {   'close': 474.96,
    'high': 479.18,
    'low': 472.76,
    'open': 476.41,
    'symbol': 'MSFT',
    'timestamp': datetime.datetime(2025, 6, 13, 4, 0, tzinfo=TzInfo(UTC)),
    'trade_count': 354555.0,
    'volume': 16814456.0,
    'vwap': 475.747829}]}
2025-06-15 20:36:34,746 - data_provider - DEBUG - Looking for symbol MSFT in data
2025-06-15 20:36:34,746 - data_provider - DEBUG - Dict access result for MSFT: Found
2025-06-15 20:36:34,853 - __main__ - INFO - MSFT data shape: (3, 5)
2025-06-15 20:36:34,856 - __main__ - INFO - MSFT first few rows: [{'open': 470.02, 'high': 475.47, 'low': 469.655, 'close': 472.62, 'volume': 16399176.0}, {'open': 475.02, 'high': 480.415, 'low': 473.52, 'close': 478.87, 'volume': 18950582.0}]
2025-06-15 20:36:34,857 - __main__ - INFO - Fetching data for GOOGL...
2025-06-15 20:36:34,932 - data_provider - DEBUG - API response type: <class 'alpaca.data.models.bars.BarSet'>
2025-06-15 20:36:34,933 - data_provider - DEBUG - API response dir: ['__abstractmethods__', '__annotations__', '__class__', '__class_getitem__', '__class_vars__', '__copy__', '__deepcopy__', '__delattr__', '__dict__', '__dir__', '__doc__', '__eq__', '__fields__', '__fields_set__', '__firstlineno__', '__format__', '__ge__', '__get_pydantic_core_schema__', '__get_pydantic_json_schema__', '__getattr__', '__getattribute__', '__getitem__', '__getstate__', '__gt__', '__hash__', '__init__', '__init_subclass__', '__iter__', '__le__', '__lt__', '__module__', '__ne__', '__new__', '__pretty__', '__private_attributes__', '__pydantic_complete__', '__pydantic_computed_fields__', '__pydantic_core_schema__', '__pydantic_custom_init__', '__pydantic_decorators__', '__pydantic_extra__', '__pydantic_fields__', '__pydantic_fields_set__', '__pydantic_generic_metadata__', '__pydantic_init_subclass__', '__pydantic_parent_namespace__', '__pydantic_post_init__', '__pydantic_private__', '__pydantic_root_model__', '__pydantic_serializer__', '__pydantic_setattr_handlers__', '__pydantic_validator__', '__reduce__', '__reduce_ex__', '__replace__', '__repr__', '__repr_args__', '__repr_name__', '__repr_recursion__', '__repr_str__', '__rich_repr__', '__setattr__', '__setstate__', '__signature__', '__sizeof__', '__slots__', '__static_attributes__', '__str__', '__subclasshook__', '__weakref__', '_abc_impl', '_calculate_keys', '_copy_and_set_values', '_get_value', '_iter', '_setattr_handler', 'construct', 'copy', 'data', 'df', 'dict', 'from_orm', 'json', 'model_computed_fields', 'model_config', 'model_construct', 'model_copy', 'model_dump', 'model_dump_json', 'model_extra', 'model_fields', 'model_fields_set', 'model_json_schema', 'model_parametrized_name', 'model_post_init', 'model_rebuild', 'model_validate', 'model_validate_json', 'model_validate_strings', 'parse_file', 'parse_obj', 'parse_raw', 'schema', 'schema_json', 'update_forward_refs', 'validate']
2025-06-15 20:36:34,933 - data_provider - DEBUG - Raw API response for symbol GOOGL: data={'GOOGL': [{   'close': 177.35,
    'high': 180.37,
    'low': 176.75,
    'open': 179.77,
    'symbol': 'GOOGL',
    'timestamp': datetime.datetime(2025, 6, 11, 4, 0, tzinfo=TzInfo(UTC)),
    'trade_count': 412336.0,
    'volume': 31646757.0,
    'vwap': 178.107706}, {   'close': 175.7,
    'high': 176.72,
    'low': 174.745,
    'open': 176.18,
    'symbol': 'GOOGL',
    'timestamp': datetime.datetime(2025, 6, 12, 4, 0, tzinfo=TzInfo(UTC)),
    'trade_count': 320822.0,
    'volume': 20941873.0,
    'vwap': 175.864417}, {   'close': 174.67,
    'high': 177.13,
    'low': 172.385,
    'open': 172.44,
    'symbol': 'GOOGL',
    'timestamp': datetime.datetime(2025, 6, 13, 4, 0, tzinfo=TzInfo(UTC)),
    'trade_count': 428532.0,
    'volume': 27663107.0,
    'vwap': 175.151658}]}
2025-06-15 20:36:34,935 - data_provider - DEBUG - Using object response, data type: <class 'dict'>
2025-06-15 20:36:34,936 - data_provider - DEBUG - Data dir: ['__class__', '__class_getitem__', '__contains__', '__delattr__', '__delitem__', '__dir__', '__doc__', '__eq__', '__format__', '__ge__', '__getattribute__', '__getitem__', '__getstate__', '__gt__', '__hash__', '__init__', '__init_subclass__', '__ior__', '__iter__', '__le__', '__len__', '__lt__', '__ne__', '__new__', '__or__', '__reduce__', '__reduce_ex__', '__repr__', '__reversed__', '__ror__', '__setattr__', '__setitem__', '__sizeof__', '__str__', '__subclasshook__', 'clear', 'copy', 'fromkeys', 'get', 'items', 'keys', 'pop', 'popitem', 'setdefault', 'update', 'values']
2025-06-15 20:36:34,936 - data_provider - DEBUG - Data content for symbol GOOGL: {'GOOGL': [{   'close': 177.35,
    'high': 180.37,
    'low': 176.75,
    'open': 179.77,
    'symbol': 'GOOGL',
    'timestamp': datetime.datetime(2025, 6, 11, 4, 0, tzinfo=TzInfo(UTC)),
    'trade_count': 412336.0,
    'volume': 31646757.0,
    'vwap': 178.107706}, {   'close': 175.7,
    'high': 176.72,
    'low': 174.745,
    'open': 176.18,
    'symbol': 'GOOGL',
    'timestamp': datetime.datetime(2025, 6, 12, 4, 0, tzinfo=TzInfo(UTC)),
    'trade_count': 320822.0,
    'volume': 20941873.0,
    'vwap': 175.864417}, {   'close': 174.67,
    'high': 177.13,
    'low': 172.385,
    'open': 172.44,
    'symbol': 'GOOGL',
    'timestamp': datetime.datetime(2025, 6, 13, 4, 0, tzinfo=TzInfo(UTC)),
    'trade_count': 428532.0,
    'volume': 27663107.0,
    'vwap': 175.151658}]}
2025-06-15 20:36:34,937 - data_provider - DEBUG - Looking for symbol GOOGL in data
2025-06-15 20:36:34,938 - data_provider - DEBUG - Dict access result for GOOGL: Found
2025-06-15 20:36:35,044 - __main__ - INFO - GOOGL data shape: (3, 5)
2025-06-15 20:36:35,045 - __main__ - INFO - GOOGL first few rows: [{'open': 179.77, 'high': 180.37, 'low': 176.75, 'close': 177.35, 'volume': 31646757.0}, {'open': 176.18, 'high': 176.72, 'low': 174.745, 'close': 175.7, 'volume': 20941873.0}]
2025-06-15 20:49:33,981 - __main__ - INFO - ==================================================
2025-06-15 20:49:33,982 - __main__ - INFO - Trading Algorithm Starting
2025-06-15 20:49:33,982 - __main__ - INFO - Paper Trading: True
2025-06-15 20:49:33,982 - __main__ - INFO - Dry Run: True
2025-06-15 20:49:33,982 - __main__ - INFO - ==================================================
2025-06-15 20:49:33,997 - __main__ - INFO - 🚀🚀🚀🚀🚀🚀🚀🚀🚀🚀🚀🚀🚀🚀🚀🚀🚀🚀🚀🚀
2025-06-15 20:49:33,997 - __main__ - INFO - 🚀 TRADING ALGORITHM STARTING
2025-06-15 20:49:33,997 - __main__ - INFO - 🚀🚀🚀🚀🚀🚀🚀🚀🚀🚀🚀🚀🚀🚀🚀🚀🚀🚀🚀🚀
2025-06-15 20:49:33,997 - __main__ - INFO - 📅 Session Date: 2025-06-15 20:49:33
2025-06-15 20:49:33,997 - __main__ - INFO - 💼 Paper Trading: True
2025-06-15 20:49:33,997 - __main__ - INFO - 🔄 Force Backtest: False
2025-06-15 20:49:33,997 - __main__ - INFO - 🔍 Dry Run Mode: True
2025-06-15 20:49:33,997 - __main__ - INFO - ============================================================
2025-06-15 20:49:33,997 - trading_engine - INFO - 🌵 DRY RUN MODE ENABLED - No actual orders will be placed
2025-06-15 20:49:33,997 - __main__ - INFO - 🔍 Checking account status and current positions...
2025-06-15 20:49:35,310 - cloud_storage - INFO - Loaded position entries from positions_20250615_203247.csv
2025-06-15 20:49:35,487 - cloud_storage - INFO - Saved positions to qa/Positions/positions_20250615_204935.csv
2025-06-15 20:49:35,488 - __main__ - INFO - 💰 Account Summary:
2025-06-15 20:49:35,488 - __main__ - INFO -    • Equity: $9769.13
2025-06-15 20:49:35,488 - __main__ - INFO -    • Cash Available: $6445.25
2025-06-15 20:49:35,488 - __main__ - INFO -    • Current Positions: 5
2025-06-15 20:49:35,488 - __main__ - INFO - ────────────────────────────────────────
2025-06-15 20:49:35,488 - __main__ - INFO - 🔍 Checking for recent cached backtest results...
2025-06-15 20:49:35,600 - __main__ - INFO - Most recent backtest file: backtest_results_20250615_201411.csv
2025-06-15 20:49:35,759 - cloud_storage - INFO - Loaded 215 backtest results from backtest_results_20250615_201411.csv
2025-06-15 20:49:35,759 - __main__ - INFO - ✅ Found cached results: 215 profitable strategies
2025-06-15 20:49:35,759 - __main__ - INFO - ⚡ Skipping backtest - using cached data
2025-06-15 20:49:35,759 - __main__ - INFO - 🎯 Analyzing trading opportunities and executing orders...
2025-06-15 20:49:35,759 - trading_engine - INFO - Starting trading session...
2025-06-15 20:49:36,043 - cloud_storage - INFO - Loaded position entries from positions_20250615_204935.csv
2025-06-15 20:49:36,180 - cloud_storage - INFO - Saved positions to qa/Positions/positions_20250615_204936.csv
2025-06-15 20:49:36,367 - data_provider - DEBUG - API response type: <class 'alpaca.data.models.bars.BarSet'>
2025-06-15 20:49:36,368 - data_provider - DEBUG - API response dir: ['__abstractmethods__', '__annotations__', '__class__', '__class_getitem__', '__class_vars__', '__copy__', '__deepcopy__', '__delattr__', '__dict__', '__dir__', '__doc__', '__eq__', '__fields__', '__fields_set__', '__firstlineno__', '__format__', '__ge__', '__get_pydantic_core_schema__', '__get_pydantic_json_schema__', '__getattr__', '__getattribute__', '__getitem__', '__getstate__', '__gt__', '__hash__', '__init__', '__init_subclass__', '__iter__', '__le__', '__lt__', '__module__', '__ne__', '__new__', '__pretty__', '__private_attributes__', '__pydantic_complete__', '__pydantic_computed_fields__', '__pydantic_core_schema__', '__pydantic_custom_init__', '__pydantic_decorators__', '__pydantic_extra__', '__pydantic_fields__', '__pydantic_fields_set__', '__pydantic_generic_metadata__', '__pydantic_init_subclass__', '__pydantic_parent_namespace__', '__pydantic_post_init__', '__pydantic_private__', '__pydantic_root_model__', '__pydantic_serializer__', '__pydantic_setattr_handlers__', '__pydantic_validator__', '__reduce__', '__reduce_ex__', '__replace__', '__repr__', '__repr_args__', '__repr_name__', '__repr_recursion__', '__repr_str__', '__rich_repr__', '__setattr__', '__setstate__', '__signature__', '__sizeof__', '__slots__', '__static_attributes__', '__str__', '__subclasshook__', '__weakref__', '_abc_impl', '_calculate_keys', '_copy_and_set_values', '_get_value', '_iter', '_setattr_handler', 'construct', 'copy', 'data', 'df', 'dict', 'from_orm', 'json', 'model_computed_fields', 'model_config', 'model_construct', 'model_copy', 'model_dump', 'model_dump_json', 'model_extra', 'model_fields', 'model_fields_set', 'model_json_schema', 'model_parametrized_name', 'model_post_init', 'model_rebuild', 'model_validate', 'model_validate_json', 'model_validate_strings', 'parse_file', 'parse_obj', 'parse_raw', 'schema', 'schema_json', 'update_forward_refs', 'validate']
2025-06-15 20:49:36,369 - data_provider - DEBUG - Raw API response for symbol BBWI: data={'BBWI': [{   'close': 30.32,
    'high': 30.94,
    'low': 30.27,
    'open': 30.9,
    'symbol': 'BBWI',
    'timestamp': datetime.datetime(2025, 5, 5, 4, 0, tzinfo=TzInfo(UTC)),
    'trade_count': 36885.0,
    'volume': 3307278.0,
    'vwap': 30.527481}, {   'close': 29.87,
    'high': 30.28,
    'low': 29.74,
    'open': 29.93,
    'symbol': 'BBWI',
    'timestamp': datetime.datetime(2025, 5, 6, 4, 0, tzinfo=TzInfo(UTC)),
    'trade_count': 33698.0,
    'volume': 2627807.0,
    'vwap': 29.949787}, {   'close': 30.49,
    'high': 30.825,
    'low': 29.87,
    'open': 30.38,
    'symbol': 'BBWI',
    'timestamp': datetime.datetime(2025, 5, 7, 4, 0, tzinfo=TzInfo(UTC)),
    'trade_count': 35805.0,
    'volume': 2509756.0,
    'vwap': 30.362802}, {   'close': 31.74,
    'high': 31.915,
    'low': 30.77,
    'open': 31.09,
    'symbol': 'BBWI',
    'timestamp': datetime.datetime(2025, 5, 8, 4, 0, tzinfo=TzInfo(UTC)),
    'trade_count': 37212.0,
    'volume': 3140459.0,
    'vwap': 31.593961}, {   'close': 31.05,
    'high': 32.06,
    'low': 30.97,
    'open': 31.88,
    'symbol': 'BBWI',
    'timestamp': datetime.datetime(2025, 5, 9, 4, 0, tzinfo=TzInfo(UTC)),
    'trade_count': 28587.0,
    'volume': 2329384.0,
    'vwap': 31.197472}, {   'close': 33.43,
    'high': 34.66,
    'low': 32.79,
    'open': 32.9,
    'symbol': 'BBWI',
    'timestamp': datetime.datetime(2025, 5, 12, 4, 0, tzinfo=TzInfo(UTC)),
    'trade_count': 51301.0,
    'volume': 4863898.0,
    'vwap': 33.499953}, {   'close': 33.67,
    'high': 33.82,
    'low': 33.14,
    'open': 33.63,
    'symbol': 'BBWI',
    'timestamp': datetime.datetime(2025, 5, 13, 4, 0, tzinfo=TzInfo(UTC)),
    'trade_count': 32139.0,
    'volume': 3073046.0,
    'vwap': 33.62353}, {   'close': 34.03,
    'high': 34.64,
    'low': 33.375,
    'open': 33.63,
    'symbol': 'BBWI',
    'timestamp': datetime.datetime(2025, 5, 14, 4, 0, tzinfo=TzInfo(UTC)),
    'trade_count': 42920.0,
    'volume': 3641015.0,
    'vwap': 34.107066}, {   'close': 33.97,
    'high': 34.11,
    'low': 33.35,
    'open': 34.06,
    'symbol': 'BBWI',
    'timestamp': datetime.datetime(2025, 5, 15, 4, 0, tzinfo=TzInfo(UTC)),
    'trade_count': 32986.0,
    'volume': 2665767.0,
    'vwap': 33.913579}, {   'close': 33.76,
    'high': 34.2,
    'low': 33.5,
    'open': 34.13,
    'symbol': 'BBWI',
    'timestamp': datetime.datetime(2025, 5, 16, 4, 0, tzinfo=TzInfo(UTC)),
    'trade_count': 44897.0,
    'volume': 5680716.0,
    'vwap': 33.91136}, {   'close': 33.58,
    'high': 33.85,
    'low': 32.7,
    'open': 32.92,
    'symbol': 'BBWI',
    'timestamp': datetime.datetime(2025, 5, 19, 4, 0, tzinfo=TzInfo(UTC)),
    'trade_count': 47706.0,
    'volume': 5259972.0,
    'vwap': 33.499022}, {   'close': 33.46,
    'high': 34.29,
    'low': 33.38,
    'open': 34.18,
    'symbol': 'BBWI',
    'timestamp': datetime.datetime(2025, 5, 20, 4, 0, tzinfo=TzInfo(UTC)),
    'trade_count': 40710.0,
    'volume': 4007784.0,
    'vwap': 33.597641}, {   'close': 31.17,
    'high': 33.24,
    'low': 31.12,
    'open': 32.9,
    'symbol': 'BBWI',
    'timestamp': datetime.datetime(2025, 5, 21, 4, 0, tzinfo=TzInfo(UTC)),
    'trade_count': 48180.0,
    'volume': 4526570.0,
    'vwap': 31.688863}, {   'close': 31.38,
    'high': 31.66,
    'low': 30.99,
    'open': 31.13,
    'symbol': 'BBWI',
    'timestamp': datetime.datetime(2025, 5, 22, 4, 0, tzinfo=TzInfo(UTC)),
    'trade_count': 41062.0,
    'volume': 4085302.0,
    'vwap': 31.401646}, {   'close': 30.27,
    'high': 31.16,
    'low': 30.19,
    'open': 30.86,
    'symbol': 'BBWI',
    'timestamp': datetime.datetime(2025, 5, 23, 4, 0, tzinfo=TzInfo(UTC)),
    'trade_count': 42365.0,
    'volume': 4249730.0,
    'vwap': 30.501609}, {   'close': 30.54,
    'high': 31.11,
    'low': 30.26,
    'open': 30.91,
    'symbol': 'BBWI',
    'timestamp': datetime.datetime(2025, 5, 27, 4, 0, tzinfo=TzInfo(UTC)),
    'trade_count': 66652.0,
    'volume': 7606968.0,
    'vwap': 30.589274}, {   'close': 30.48,
    'high': 30.82,
    'low': 30.13,
    'open': 30.74,
    'symbol': 'BBWI',
    'timestamp': datetime.datetime(2025, 5, 28, 4, 0, tzinfo=TzInfo(UTC)),
    'trade_count': 67052.0,
    'volume': 8570626.0,
    'vwap': 30.492958}, {   'close': 28.58,
    'high': 31.3,
    'low': 28.08,
    'open': 31.22,
    'symbol': 'BBWI',
    'timestamp': datetime.datetime(2025, 5, 29, 4, 0, tzinfo=TzInfo(UTC)),
    'trade_count': 112665.0,
    'volume': 11888041.0,
    'vwap': 28.68866}, {   'close': 28.12,
    'high': 28.74,
    'low': 27.86,
    'open': 28.42,
    'symbol': 'BBWI',
    'timestamp': datetime.datetime(2025, 5, 30, 4, 0, tzinfo=TzInfo(UTC)),
    'trade_count': 55515.0,
    'volume': 6155197.0,
    'vwap': 28.198584}, {   'close': 26.73,
    'high': 28.035,
    'low': 26.45,
    'open': 27.95,
    'symbol': 'BBWI',
    'timestamp': datetime.datetime(2025, 6, 2, 4, 0, tzinfo=TzInfo(UTC)),
    'trade_count': 77445.0,
    'volume': 9521764.0,
    'vwap': 26.843927}, {   'close': 27.15,
    'high': 27.53,
    'low': 26.55,
    'open': 26.83,
    'symbol': 'BBWI',
    'timestamp': datetime.datetime(2025, 6, 3, 4, 0, tzinfo=TzInfo(UTC)),
    'trade_count': 53582.0,
    'volume': 6370301.0,
    'vwap': 27.166432}, {   'close': 27.04,
    'high': 27.32,
    'low': 26.65,
    'open': 27.16,
    'symbol': 'BBWI',
    'timestamp': datetime.datetime(2025, 6, 4, 4, 0, tzinfo=TzInfo(UTC)),
    'trade_count': 56162.0,
    'volume': 6019138.0,
    'vwap': 27.011332}, {   'close': 26.59,
    'high': 27.04,
    'low': 26.35,
    'open': 26.63,
    'symbol': 'BBWI',
    'timestamp': datetime.datetime(2025, 6, 5, 4, 0, tzinfo=TzInfo(UTC)),
    'trade_count': 50746.0,
    'volume': 5165129.0,
    'vwap': 26.683379}, {   'close': 26.63,
    'high': 26.97,
    'low': 26.42,
    'open': 26.66,
    'symbol': 'BBWI',
    'timestamp': datetime.datetime(2025, 6, 6, 4, 0, tzinfo=TzInfo(UTC)),
    'trade_count': 43149.0,
    'volume': 4339043.0,
    'vwap': 26.666917}, {   'close': 26.83,
    'high': 27.44,
    'low': 26.65,
    'open': 26.93,
    'symbol': 'BBWI',
    'timestamp': datetime.datetime(2025, 6, 9, 4, 0, tzinfo=TzInfo(UTC)),
    'trade_count': 45676.0,
    'volume': 4724120.0,
    'vwap': 26.897684}, {   'close': 26.65,
    'high': 27.29,
    'low': 26.555,
    'open': 27.11,
    'symbol': 'BBWI',
    'timestamp': datetime.datetime(2025, 6, 10, 4, 0, tzinfo=TzInfo(UTC)),
    'trade_count': 48688.0,
    'volume': 4772467.0,
    'vwap': 26.748579}, {   'close': 26.26,
    'high': 27.14,
    'low': 26.115,
    'open': 26.78,
    'symbol': 'BBWI',
    'timestamp': datetime.datetime(2025, 6, 11, 4, 0, tzinfo=TzInfo(UTC)),
    'trade_count': 46287.0,
    'volume': 4102585.0,
    'vwap': 26.503592}, {   'close': 26.11,
    'high': 26.29,
    'low': 25.84,
    'open': 26.0,
    'symbol': 'BBWI',
    'timestamp': datetime.datetime(2025, 6, 12, 4, 0, tzinfo=TzInfo(UTC)),
    'trade_count': 45357.0,
    'volume': 4446306.0,
    'vwap': 26.047027}, {   'close': 25.21,
    'high': 26.43,
    'low': 24.94,
    'open': 25.82,
    'symbol': 'BBWI',
    'timestamp': datetime.datetime(2025, 6, 13, 4, 0, tzinfo=TzInfo(UTC)),
    'trade_count': 54973.0,
    'volume': 5886894.0,
    'vwap': 25.529656}]}
2025-06-15 20:49:36,377 - data_provider - DEBUG - Using object response, data type: <class 'dict'>
2025-06-15 20:49:36,377 - data_provider - DEBUG - Data dir: ['__class__', '__class_getitem__', '__contains__', '__delattr__', '__delitem__', '__dir__', '__doc__', '__eq__', '__format__', '__ge__', '__getattribute__', '__getitem__', '__getstate__', '__gt__', '__hash__', '__init__', '__init_subclass__', '__ior__', '__iter__', '__le__', '__len__', '__lt__', '__ne__', '__new__', '__or__', '__reduce__', '__reduce_ex__', '__repr__', '__reversed__', '__ror__', '__setattr__', '__setitem__', '__sizeof__', '__str__', '__subclasshook__', 'clear', 'copy', 'fromkeys', 'get', 'items', 'keys', 'pop', 'popitem', 'setdefault', 'update', 'values']
2025-06-15 20:49:36,377 - data_provider - DEBUG - Data content for symbol BBWI: {'BBWI': [{   'close': 30.32,
    'high': 30.94,
    'low': 30.27,
    'open': 30.9,
    'symbol': 'BBWI',
    'timestamp': datetime.datetime(2025, 5, 5, 4, 0, tzinfo=TzInfo(UTC)),
    'trade_count': 36885.0,
    'volume': 3307278.0,
    'vwap': 30.527481}, {   'close': 29.87,
    'high': 30.28,
    'low': 29.74,
    'open': 29.93,
    'symbol': 'BBWI',
    'timestamp': datetime.datetime(2025, 5, 6, 4, 0, tzinfo=TzInfo(UTC)),
    'trade_count': 33698.0,
    'volume': 2627807.0,
    'vwap': 29.949787}, {   'close': 30.49,
    'high': 30.825,
    'low': 29.87,
    'open': 30.38,
    'symbol': 'BBWI',
    'timestamp': datetime.datetime(2025, 5, 7, 4, 0, tzinfo=TzInfo(UTC)),
    'trade_count': 35805.0,
    'volume': 2509756.0,
    'vwap': 30.362802}, {   'close': 31.74,
    'high': 31.915,
    'low': 30.77,
    'open': 31.09,
    'symbol': 'BBWI',
    'timestamp': datetime.datetime(2025, 5, 8, 4, 0, tzinfo=TzInfo(UTC)),
    'trade_count': 37212.0,
    'volume': 3140459.0,
    'vwap': 31.593961}, {   'close': 31.05,
    'high': 32.06,
    'low': 30.97,
    'open': 31.88,
    'symbol': 'BBWI',
    'timestamp': datetime.datetime(2025, 5, 9, 4, 0, tzinfo=TzInfo(UTC)),
    'trade_count': 28587.0,
    'volume': 2329384.0,
    'vwap': 31.197472}, {   'close': 33.43,
    'high': 34.66,
    'low': 32.79,
    'open': 32.9,
    'symbol': 'BBWI',
    'timestamp': datetime.datetime(2025, 5, 12, 4, 0, tzinfo=TzInfo(UTC)),
    'trade_count': 51301.0,
    'volume': 4863898.0,
    'vwap': 33.499953}, {   'close': 33.67,
    'high': 33.82,
    'low': 33.14,
    'open': 33.63,
    'symbol': 'BBWI',
    'timestamp': datetime.datetime(2025, 5, 13, 4, 0, tzinfo=TzInfo(UTC)),
    'trade_count': 32139.0,
    'volume': 3073046.0,
    'vwap': 33.62353}, {   'close': 34.03,
    'high': 34.64,
    'low': 33.375,
    'open': 33.63,
    'symbol': 'BBWI',
    'timestamp': datetime.datetime(2025, 5, 14, 4, 0, tzinfo=TzInfo(UTC)),
    'trade_count': 42920.0,
    'volume': 3641015.0,
    'vwap': 34.107066}, {   'close': 33.97,
    'high': 34.11,
    'low': 33.35,
    'open': 34.06,
    'symbol': 'BBWI',
    'timestamp': datetime.datetime(2025, 5, 15, 4, 0, tzinfo=TzInfo(UTC)),
    'trade_count': 32986.0,
    'volume': 2665767.0,
    'vwap': 33.913579}, {   'close': 33.76,
    'high': 34.2,
    'low': 33.5,
    'open': 34.13,
    'symbol': 'BBWI',
    'timestamp': datetime.datetime(2025, 5, 16, 4, 0, tzinfo=TzInfo(UTC)),
    'trade_count': 44897.0,
    'volume': 5680716.0,
    'vwap': 33.91136}, {   'close': 33.58,
    'high': 33.85,
    'low': 32.7,
    'open': 32.92,
    'symbol': 'BBWI',
    'timestamp': datetime.datetime(2025, 5, 19, 4, 0, tzinfo=TzInfo(UTC)),
    'trade_count': 47706.0,
    'volume': 5259972.0,
    'vwap': 33.499022}, {   'close': 33.46,
    'high': 34.29,
    'low': 33.38,
    'open': 34.18,
    'symbol': 'BBWI',
    'timestamp': datetime.datetime(2025, 5, 20, 4, 0, tzinfo=TzInfo(UTC)),
    'trade_count': 40710.0,
    'volume': 4007784.0,
    'vwap': 33.597641}, {   'close': 31.17,
    'high': 33.24,
    'low': 31.12,
    'open': 32.9,
    'symbol': 'BBWI',
    'timestamp': datetime.datetime(2025, 5, 21, 4, 0, tzinfo=TzInfo(UTC)),
    'trade_count': 48180.0,
    'volume': 4526570.0,
    'vwap': 31.688863}, {   'close': 31.38,
    'high': 31.66,
    'low': 30.99,
    'open': 31.13,
    'symbol': 'BBWI',
    'timestamp': datetime.datetime(2025, 5, 22, 4, 0, tzinfo=TzInfo(UTC)),
    'trade_count': 41062.0,
    'volume': 4085302.0,
    'vwap': 31.401646}, {   'close': 30.27,
    'high': 31.16,
    'low': 30.19,
    'open': 30.86,
    'symbol': 'BBWI',
    'timestamp': datetime.datetime(2025, 5, 23, 4, 0, tzinfo=TzInfo(UTC)),
    'trade_count': 42365.0,
    'volume': 4249730.0,
    'vwap': 30.501609}, {   'close': 30.54,
    'high': 31.11,
    'low': 30.26,
    'open': 30.91,
    'symbol': 'BBWI',
    'timestamp': datetime.datetime(2025, 5, 27, 4, 0, tzinfo=TzInfo(UTC)),
    'trade_count': 66652.0,
    'volume': 7606968.0,
    'vwap': 30.589274}, {   'close': 30.48,
    'high': 30.82,
    'low': 30.13,
    'open': 30.74,
    'symbol': 'BBWI',
    'timestamp': datetime.datetime(2025, 5, 28, 4, 0, tzinfo=TzInfo(UTC)),
    'trade_count': 67052.0,
    'volume': 8570626.0,
    'vwap': 30.492958}, {   'close': 28.58,
    'high': 31.3,
    'low': 28.08,
    'open': 31.22,
    'symbol': 'BBWI',
    'timestamp': datetime.datetime(2025, 5, 29, 4, 0, tzinfo=TzInfo(UTC)),
    'trade_count': 112665.0,
    'volume': 11888041.0,
    'vwap': 28.68866}, {   'close': 28.12,
    'high': 28.74,
    'low': 27.86,
    'open': 28.42,
    'symbol': 'BBWI',
    'timestamp': datetime.datetime(2025, 5, 30, 4, 0, tzinfo=TzInfo(UTC)),
    'trade_count': 55515.0,
    'volume': 6155197.0,
    'vwap': 28.198584}, {   'close': 26.73,
    'high': 28.035,
    'low': 26.45,
    'open': 27.95,
    'symbol': 'BBWI',
    'timestamp': datetime.datetime(2025, 6, 2, 4, 0, tzinfo=TzInfo(UTC)),
    'trade_count': 77445.0,
    'volume': 9521764.0,
    'vwap': 26.843927}, {   'close': 27.15,
    'high': 27.53,
    'low': 26.55,
    'open': 26.83,
    'symbol': 'BBWI',
    'timestamp': datetime.datetime(2025, 6, 3, 4, 0, tzinfo=TzInfo(UTC)),
    'trade_count': 53582.0,
    'volume': 6370301.0,
    'vwap': 27.166432}, {   'close': 27.04,
    'high': 27.32,
    'low': 26.65,
    'open': 27.16,
    'symbol': 'BBWI',
    'timestamp': datetime.datetime(2025, 6, 4, 4, 0, tzinfo=TzInfo(UTC)),
    'trade_count': 56162.0,
    'volume': 6019138.0,
    'vwap': 27.011332}, {   'close': 26.59,
    'high': 27.04,
    'low': 26.35,
    'open': 26.63,
    'symbol': 'BBWI',
    'timestamp': datetime.datetime(2025, 6, 5, 4, 0, tzinfo=TzInfo(UTC)),
    'trade_count': 50746.0,
    'volume': 5165129.0,
    'vwap': 26.683379}, {   'close': 26.63,
    'high': 26.97,
    'low': 26.42,
    'open': 26.66,
    'symbol': 'BBWI',
    'timestamp': datetime.datetime(2025, 6, 6, 4, 0, tzinfo=TzInfo(UTC)),
    'trade_count': 43149.0,
    'volume': 4339043.0,
    'vwap': 26.666917}, {   'close': 26.83,
    'high': 27.44,
    'low': 26.65,
    'open': 26.93,
    'symbol': 'BBWI',
    'timestamp': datetime.datetime(2025, 6, 9, 4, 0, tzinfo=TzInfo(UTC)),
    'trade_count': 45676.0,
    'volume': 4724120.0,
    'vwap': 26.897684}, {   'close': 26.65,
    'high': 27.29,
    'low': 26.555,
    'open': 27.11,
    'symbol': 'BBWI',
    'timestamp': datetime.datetime(2025, 6, 10, 4, 0, tzinfo=TzInfo(UTC)),
    'trade_count': 48688.0,
    'volume': 4772467.0,
    'vwap': 26.748579}, {   'close': 26.26,
    'high': 27.14,
    'low': 26.115,
    'open': 26.78,
    'symbol': 'BBWI',
    'timestamp': datetime.datetime(2025, 6, 11, 4, 0, tzinfo=TzInfo(UTC)),
    'trade_count': 46287.0,
    'volume': 4102585.0,
    'vwap': 26.503592}, {   'close': 26.11,
    'high': 26.29,
    'low': 25.84,
    'open': 26.0,
    'symbol': 'BBWI',
    'timestamp': datetime.datetime(2025, 6, 12, 4, 0, tzinfo=TzInfo(UTC)),
    'trade_count': 45357.0,
    'volume': 4446306.0,
    'vwap': 26.047027}, {   'close': 25.21,
    'high': 26.43,
    'low': 24.94,
    'open': 25.82,
    'symbol': 'BBWI',
    'timestamp': datetime.datetime(2025, 6, 13, 4, 0, tzinfo=TzInfo(UTC)),
    'trade_count': 54973.0,
    'volume': 5886894.0,
    'vwap': 25.529656}]}
2025-06-15 20:49:36,384 - data_provider - DEBUG - Looking for symbol BBWI in data
2025-06-15 20:49:36,384 - data_provider - DEBUG - Dict access result for BBWI: Found
2025-06-15 20:49:36,495 - trading_engine - INFO - Calculated target price for BBWI based on RSI: $37.81
2025-06-15 20:49:36,562 - data_provider - DEBUG - API response type: <class 'alpaca.data.models.bars.BarSet'>
2025-06-15 20:49:36,563 - data_provider - DEBUG - API response dir: ['__abstractmethods__', '__annotations__', '__class__', '__class_getitem__', '__class_vars__', '__copy__', '__deepcopy__', '__delattr__', '__dict__', '__dir__', '__doc__', '__eq__', '__fields__', '__fields_set__', '__firstlineno__', '__format__', '__ge__', '__get_pydantic_core_schema__', '__get_pydantic_json_schema__', '__getattr__', '__getattribute__', '__getitem__', '__getstate__', '__gt__', '__hash__', '__init__', '__init_subclass__', '__iter__', '__le__', '__lt__', '__module__', '__ne__', '__new__', '__pretty__', '__private_attributes__', '__pydantic_complete__', '__pydantic_computed_fields__', '__pydantic_core_schema__', '__pydantic_custom_init__', '__pydantic_decorators__', '__pydantic_extra__', '__pydantic_fields__', '__pydantic_fields_set__', '__pydantic_generic_metadata__', '__pydantic_init_subclass__', '__pydantic_parent_namespace__', '__pydantic_post_init__', '__pydantic_private__', '__pydantic_root_model__', '__pydantic_serializer__', '__pydantic_setattr_handlers__', '__pydantic_validator__', '__reduce__', '__reduce_ex__', '__replace__', '__repr__', '__repr_args__', '__repr_name__', '__repr_recursion__', '__repr_str__', '__rich_repr__', '__setattr__', '__setstate__', '__signature__', '__sizeof__', '__slots__', '__static_attributes__', '__str__', '__subclasshook__', '__weakref__', '_abc_impl', '_calculate_keys', '_copy_and_set_values', '_get_value', '_iter', '_setattr_handler', 'construct', 'copy', 'data', 'df', 'dict', 'from_orm', 'json', 'model_computed_fields', 'model_config', 'model_construct', 'model_copy', 'model_dump', 'model_dump_json', 'model_extra', 'model_fields', 'model_fields_set', 'model_json_schema', 'model_parametrized_name', 'model_post_init', 'model_rebuild', 'model_validate', 'model_validate_json', 'model_validate_strings', 'parse_file', 'parse_obj', 'parse_raw', 'schema', 'schema_json', 'update_forward_refs', 'validate']
2025-06-15 20:49:36,563 - data_provider - DEBUG - Raw API response for symbol BBWI: data={}
2025-06-15 20:49:36,563 - data_provider - DEBUG - Using object response, data type: <class 'dict'>
2025-06-15 20:49:36,564 - data_provider - DEBUG - No data found for symbol BBWI
2025-06-15 20:49:36,670 - trading_engine - INFO - 🔍 DRY RUN: Would update stop loss for BBWI to $25.62 and take profit to $31.02
2025-06-15 20:49:36,772 - data_provider - DEBUG - API response type: <class 'alpaca.data.models.bars.BarSet'>
2025-06-15 20:49:36,773 - data_provider - DEBUG - API response dir: ['__abstractmethods__', '__annotations__', '__class__', '__class_getitem__', '__class_vars__', '__copy__', '__deepcopy__', '__delattr__', '__dict__', '__dir__', '__doc__', '__eq__', '__fields__', '__fields_set__', '__firstlineno__', '__format__', '__ge__', '__get_pydantic_core_schema__', '__get_pydantic_json_schema__', '__getattr__', '__getattribute__', '__getitem__', '__getstate__', '__gt__', '__hash__', '__init__', '__init_subclass__', '__iter__', '__le__', '__lt__', '__module__', '__ne__', '__new__', '__pretty__', '__private_attributes__', '__pydantic_complete__', '__pydantic_computed_fields__', '__pydantic_core_schema__', '__pydantic_custom_init__', '__pydantic_decorators__', '__pydantic_extra__', '__pydantic_fields__', '__pydantic_fields_set__', '__pydantic_generic_metadata__', '__pydantic_init_subclass__', '__pydantic_parent_namespace__', '__pydantic_post_init__', '__pydantic_private__', '__pydantic_root_model__', '__pydantic_serializer__', '__pydantic_setattr_handlers__', '__pydantic_validator__', '__reduce__', '__reduce_ex__', '__replace__', '__repr__', '__repr_args__', '__repr_name__', '__repr_recursion__', '__repr_str__', '__rich_repr__', '__setattr__', '__setstate__', '__signature__', '__sizeof__', '__slots__', '__static_attributes__', '__str__', '__subclasshook__', '__weakref__', '_abc_impl', '_calculate_keys', '_copy_and_set_values', '_get_value', '_iter', '_setattr_handler', 'construct', 'copy', 'data', 'df', 'dict', 'from_orm', 'json', 'model_computed_fields', 'model_config', 'model_construct', 'model_copy', 'model_dump', 'model_dump_json', 'model_extra', 'model_fields', 'model_fields_set', 'model_json_schema', 'model_parametrized_name', 'model_post_init', 'model_rebuild', 'model_validate', 'model_validate_json', 'model_validate_strings', 'parse_file', 'parse_obj', 'parse_raw', 'schema', 'schema_json', 'update_forward_refs', 'validate']
2025-06-15 20:49:36,773 - data_provider - DEBUG - Raw API response for symbol ENPH: data={'ENPH': [{   'close': 44.42,
    'high': 45.62,
    'low': 44.12,
    'open': 45.5,
    'symbol': 'ENPH',
    'timestamp': datetime.datetime(2025, 5, 5, 4, 0, tzinfo=TzInfo(UTC)),
    'trade_count': 55694.0,
    'volume': 4156051.0,
    'vwap': 44.594297}, {   'close': 43.87,
    'high': 45.98,
    'low': 43.78,
    'open': 44.765,
    'symbol': 'ENPH',
    'timestamp': datetime.datetime(2025, 5, 6, 4, 0, tzinfo=TzInfo(UTC)),
    'trade_count': 76153.0,
    'volume': 5876844.0,
    'vwap': 44.764094}, {   'close': 43.73,
    'high': 44.32,
    'low': 43.09,
    'open': 43.56,
    'symbol': 'ENPH',
    'timestamp': datetime.datetime(2025, 5, 7, 4, 0, tzinfo=TzInfo(UTC)),
    'trade_count': 60769.0,
    'volume': 4682562.0,
    'vwap': 43.674494}, {   'close': 49.05,
    'high': 50.48,
    'low': 43.77,
    'open': 43.96,
    'symbol': 'ENPH',
    'timestamp': datetime.datetime(2025, 5, 8, 4, 0, tzinfo=TzInfo(UTC)),
    'trade_count': 115423.0,
    'volume': 10304512.0,
    'vwap': 47.483884}, {   'close': 50.775,
    'high': 51.18,
    'low': 48.83,
    'open': 49.29,
    'symbol': 'ENPH',
    'timestamp': datetime.datetime(2025, 5, 9, 4, 0, tzinfo=TzInfo(UTC)),
    'trade_count': 77836.0,
    'volume': 6578328.0,
    'vwap': 50.265628}, {   'close': 47.94,
    'high': 54.43,
    'low': 47.24,
    'open': 54.165,
    'symbol': 'ENPH',
    'timestamp': datetime.datetime(2025, 5, 12, 4, 0, tzinfo=TzInfo(UTC)),
    'trade_count': 176366.0,
    'volume': 14879522.0,
    'vwap': 49.484594}, {   'close': 45.63,
    'high': 47.19,
    'low': 43.93,
    'open': 45.27,
    'symbol': 'ENPH',
    'timestamp': datetime.datetime(2025, 5, 13, 4, 0, tzinfo=TzInfo(UTC)),
    'trade_count': 201278.0,
    'volume': 18298764.0,
    'vwap': 45.338275}, {   'close': 48.27,
    'high': 48.725,
    'low': 45.485,
    'open': 45.6,
    'symbol': 'ENPH',
    'timestamp': datetime.datetime(2025, 5, 14, 4, 0, tzinfo=TzInfo(UTC)),
    'trade_count': 110706.0,
    'volume': 8374661.0,
    'vwap': 47.440935}, {   'close': 49.725,
    'high': 50.29,
    'low': 46.57,
    'open': 47.325,
    'symbol': 'ENPH',
    'timestamp': datetime.datetime(2025, 5, 15, 4, 0, tzinfo=TzInfo(UTC)),
    'trade_count': 81039.0,
    'volume': 6505196.0,
    'vwap': 48.828987}, {   'close': 50.4,
    'high': 51.88,
    'low': 49.1,
    'open': 49.945,
    'symbol': 'ENPH',
    'timestamp': datetime.datetime(2025, 5, 16, 4, 0, tzinfo=TzInfo(UTC)),
    'trade_count': 73995.0,
    'volume': 6249593.0,
    'vwap': 50.400128}, {   'close': 48.78,
    'high': 49.3,
    'low': 47.75,
    'open': 48.87,
    'symbol': 'ENPH',
    'timestamp': datetime.datetime(2025, 5, 19, 4, 0, tzinfo=TzInfo(UTC)),
    'trade_count': 66527.0,
    'volume': 5521337.0,
    'vwap': 48.575457}, {   'close': 49.04,
    'high': 50.529,
    'low': 48.665,
    'open': 48.78,
    'symbol': 'ENPH',
    'timestamp': datetime.datetime(2025, 5, 20, 4, 0, tzinfo=TzInfo(UTC)),
    'trade_count': 57981.0,
    'volume': 4367389.0,
    'vwap': 49.420858}, {   'close': 47.29,
    'high': 48.4799,
    'low': 46.94,
    'open': 48.35,
    'symbol': 'ENPH',
    'timestamp': datetime.datetime(2025, 5, 21, 4, 0, tzinfo=TzInfo(UTC)),
    'trade_count': 65239.0,
    'volume': 5738648.0,
    'vwap': 47.444263}, {   'close': 38.005,
    'high': 40.5,
    'low': 37.59,
    'open': 37.8,
    'symbol': 'ENPH',
    'timestamp': datetime.datetime(2025, 5, 22, 4, 0, tzinfo=TzInfo(UTC)),
    'trade_count': 308459.0,
    'volume': 30803200.0,
    'vwap': 38.685182}, {   'close': 39.64,
    'high': 39.98,
    'low': 37.6,
    'open': 37.77,
    'symbol': 'ENPH',
    'timestamp': datetime.datetime(2025, 5, 23, 4, 0, tzinfo=TzInfo(UTC)),
    'trade_count': 119948.0,
    'volume': 10168324.0,
    'vwap': 39.390218}, {   'close': 40.22,
    'high': 40.8,
    'low': 39.5,
    'open': 40.15,
    'symbol': 'ENPH',
    'timestamp': datetime.datetime(2025, 5, 27, 4, 0, tzinfo=TzInfo(UTC)),
    'trade_count': 74683.0,
    'volume': 6167287.0,
    'vwap': 40.136512}, {   'close': 38.96,
    'high': 40.115,
    'low': 38.94,
    'open': 40.085,
    'symbol': 'ENPH',
    'timestamp': datetime.datetime(2025, 5, 28, 4, 0, tzinfo=TzInfo(UTC)),
    'trade_count': 65580.0,
    'volume': 4880720.0,
    'vwap': 39.396016}, {   'close': 39.24,
    'high': 39.9,
    'low': 38.6,
    'open': 39.46,
    'symbol': 'ENPH',
    'timestamp': datetime.datetime(2025, 5, 29, 4, 0, tzinfo=TzInfo(UTC)),
    'trade_count': 79564.0,
    'volume': 6359656.0,
    'vwap': 39.165389}, {   'close': 41.39,
    'high': 41.805,
    'low': 38.15,
    'open': 38.985,
    'symbol': 'ENPH',
    'timestamp': datetime.datetime(2025, 5, 30, 4, 0, tzinfo=TzInfo(UTC)),
    'trade_count': 98163.0,
    'volume': 9516472.0,
    'vwap': 40.596021}, {   'close': 41.32,
    'high': 41.72,
    'low': 40.342,
    'open': 41.39,
    'symbol': 'ENPH',
    'timestamp': datetime.datetime(2025, 6, 2, 4, 0, tzinfo=TzInfo(UTC)),
    'trade_count': 71050.0,
    'volume': 5034860.0,
    'vwap': 41.211482}, {   'close': 43.75,
    'high': 43.855,
    'low': 40.39,
    'open': 40.88,
    'symbol': 'ENPH',
    'timestamp': datetime.datetime(2025, 6, 3, 4, 0, tzinfo=TzInfo(UTC)),
    'trade_count': 80242.0,
    'volume': 6100362.0,
    'vwap': 42.926926}, {   'close': 43.16,
    'high': 44.1357,
    'low': 42.8,
    'open': 44.07,
    'symbol': 'ENPH',
    'timestamp': datetime.datetime(2025, 6, 4, 4, 0, tzinfo=TzInfo(UTC)),
    'trade_count': 51936.0,
    'volume': 4167891.0,
    'vwap': 43.461525}, {   'close': 41.3,
    'high': 43.165,
    'low': 41.06,
    'open': 43.13,
    'symbol': 'ENPH',
    'timestamp': datetime.datetime(2025, 6, 5, 4, 0, tzinfo=TzInfo(UTC)),
    'trade_count': 74992.0,
    'volume': 7291671.0,
    'vwap': 41.864094}, {   'close': 41.18,
    'high': 41.96,
    'low': 41.01,
    'open': 41.68,
    'symbol': 'ENPH',
    'timestamp': datetime.datetime(2025, 6, 6, 4, 0, tzinfo=TzInfo(UTC)),
    'trade_count': 82131.0,
    'volume': 6994651.0,
    'vwap': 41.291038}, {   'close': 43.26,
    'high': 44.4,
    'low': 41.52,
    'open': 41.75,
    'symbol': 'ENPH',
    'timestamp': datetime.datetime(2025, 6, 9, 4, 0, tzinfo=TzInfo(UTC)),
    'trade_count': 89048.0,
    'volume': 6755719.0,
    'vwap': 43.353417}, {   'close': 45.08,
    'high': 46.3993,
    'low': 43.95,
    'open': 44.84,
    'symbol': 'ENPH',
    'timestamp': datetime.datetime(2025, 6, 10, 4, 0, tzinfo=TzInfo(UTC)),
    'trade_count': 80364.0,
    'volume': 6139114.0,
    'vwap': 45.377502}, {   'close': 45.28,
    'high': 46.24,
    'low': 45.03,
    'open': 45.67,
    'symbol': 'ENPH',
    'timestamp': datetime.datetime(2025, 6, 11, 4, 0, tzinfo=TzInfo(UTC)),
    'trade_count': 53202.0,
    'volume': 3956323.0,
    'vwap': 45.483686}, {   'close': 44.695,
    'high': 45.8378,
    'low': 44.02,
    'open': 45.55,
    'symbol': 'ENPH',
    'timestamp': datetime.datetime(2025, 6, 12, 4, 0, tzinfo=TzInfo(UTC)),
    'trade_count': 53664.0,
    'volume': 3755722.0,
    'vwap': 44.659018}, {   'close': 45.6,
    'high': 46.94,
    'low': 44.1046,
    'open': 44.34,
    'symbol': 'ENPH',
    'timestamp': datetime.datetime(2025, 6, 13, 4, 0, tzinfo=TzInfo(UTC)),
    'trade_count': 83875.0,
    'volume': 6456416.0,
    'vwap': 45.548104}]}
2025-06-15 20:49:36,781 - data_provider - DEBUG - Using object response, data type: <class 'dict'>
2025-06-15 20:49:36,781 - data_provider - DEBUG - Data dir: ['__class__', '__class_getitem__', '__contains__', '__delattr__', '__delitem__', '__dir__', '__doc__', '__eq__', '__format__', '__ge__', '__getattribute__', '__getitem__', '__getstate__', '__gt__', '__hash__', '__init__', '__init_subclass__', '__ior__', '__iter__', '__le__', '__len__', '__lt__', '__ne__', '__new__', '__or__', '__reduce__', '__reduce_ex__', '__repr__', '__reversed__', '__ror__', '__setattr__', '__setitem__', '__sizeof__', '__str__', '__subclasshook__', 'clear', 'copy', 'fromkeys', 'get', 'items', 'keys', 'pop', 'popitem', 'setdefault', 'update', 'values']
2025-06-15 20:49:36,781 - data_provider - DEBUG - Data content for symbol ENPH: {'ENPH': [{   'close': 44.42,
    'high': 45.62,
    'low': 44.12,
    'open': 45.5,
    'symbol': 'ENPH',
    'timestamp': datetime.datetime(2025, 5, 5, 4, 0, tzinfo=TzInfo(UTC)),
    'trade_count': 55694.0,
    'volume': 4156051.0,
    'vwap': 44.594297}, {   'close': 43.87,
    'high': 45.98,
    'low': 43.78,
    'open': 44.765,
    'symbol': 'ENPH',
    'timestamp': datetime.datetime(2025, 5, 6, 4, 0, tzinfo=TzInfo(UTC)),
    'trade_count': 76153.0,
    'volume': 5876844.0,
    'vwap': 44.764094}, {   'close': 43.73,
    'high': 44.32,
    'low': 43.09,
    'open': 43.56,
    'symbol': 'ENPH',
    'timestamp': datetime.datetime(2025, 5, 7, 4, 0, tzinfo=TzInfo(UTC)),
    'trade_count': 60769.0,
    'volume': 4682562.0,
    'vwap': 43.674494}, {   'close': 49.05,
    'high': 50.48,
    'low': 43.77,
    'open': 43.96,
    'symbol': 'ENPH',
    'timestamp': datetime.datetime(2025, 5, 8, 4, 0, tzinfo=TzInfo(UTC)),
    'trade_count': 115423.0,
    'volume': 10304512.0,
    'vwap': 47.483884}, {   'close': 50.775,
    'high': 51.18,
    'low': 48.83,
    'open': 49.29,
    'symbol': 'ENPH',
    'timestamp': datetime.datetime(2025, 5, 9, 4, 0, tzinfo=TzInfo(UTC)),
    'trade_count': 77836.0,
    'volume': 6578328.0,
    'vwap': 50.265628}, {   'close': 47.94,
    'high': 54.43,
    'low': 47.24,
    'open': 54.165,
    'symbol': 'ENPH',
    'timestamp': datetime.datetime(2025, 5, 12, 4, 0, tzinfo=TzInfo(UTC)),
    'trade_count': 176366.0,
    'volume': 14879522.0,
    'vwap': 49.484594}, {   'close': 45.63,
    'high': 47.19,
    'low': 43.93,
    'open': 45.27,
    'symbol': 'ENPH',
    'timestamp': datetime.datetime(2025, 5, 13, 4, 0, tzinfo=TzInfo(UTC)),
    'trade_count': 201278.0,
    'volume': 18298764.0,
    'vwap': 45.338275}, {   'close': 48.27,
    'high': 48.725,
    'low': 45.485,
    'open': 45.6,
    'symbol': 'ENPH',
    'timestamp': datetime.datetime(2025, 5, 14, 4, 0, tzinfo=TzInfo(UTC)),
    'trade_count': 110706.0,
    'volume': 8374661.0,
    'vwap': 47.440935}, {   'close': 49.725,
    'high': 50.29,
    'low': 46.57,
    'open': 47.325,
    'symbol': 'ENPH',
    'timestamp': datetime.datetime(2025, 5, 15, 4, 0, tzinfo=TzInfo(UTC)),
    'trade_count': 81039.0,
    'volume': 6505196.0,
    'vwap': 48.828987}, {   'close': 50.4,
    'high': 51.88,
    'low': 49.1,
    'open': 49.945,
    'symbol': 'ENPH',
    'timestamp': datetime.datetime(2025, 5, 16, 4, 0, tzinfo=TzInfo(UTC)),
    'trade_count': 73995.0,
    'volume': 6249593.0,
    'vwap': 50.400128}, {   'close': 48.78,
    'high': 49.3,
    'low': 47.75,
    'open': 48.87,
    'symbol': 'ENPH',
    'timestamp': datetime.datetime(2025, 5, 19, 4, 0, tzinfo=TzInfo(UTC)),
    'trade_count': 66527.0,
    'volume': 5521337.0,
    'vwap': 48.575457}, {   'close': 49.04,
    'high': 50.529,
    'low': 48.665,
    'open': 48.78,
    'symbol': 'ENPH',
    'timestamp': datetime.datetime(2025, 5, 20, 4, 0, tzinfo=TzInfo(UTC)),
    'trade_count': 57981.0,
    'volume': 4367389.0,
    'vwap': 49.420858}, {   'close': 47.29,
    'high': 48.4799,
    'low': 46.94,
    'open': 48.35,
    'symbol': 'ENPH',
    'timestamp': datetime.datetime(2025, 5, 21, 4, 0, tzinfo=TzInfo(UTC)),
    'trade_count': 65239.0,
    'volume': 5738648.0,
    'vwap': 47.444263}, {   'close': 38.005,
    'high': 40.5,
    'low': 37.59,
    'open': 37.8,
    'symbol': 'ENPH',
    'timestamp': datetime.datetime(2025, 5, 22, 4, 0, tzinfo=TzInfo(UTC)),
    'trade_count': 308459.0,
    'volume': 30803200.0,
    'vwap': 38.685182}, {   'close': 39.64,
    'high': 39.98,
    'low': 37.6,
    'open': 37.77,
    'symbol': 'ENPH',
    'timestamp': datetime.datetime(2025, 5, 23, 4, 0, tzinfo=TzInfo(UTC)),
    'trade_count': 119948.0,
    'volume': 10168324.0,
    'vwap': 39.390218}, {   'close': 40.22,
    'high': 40.8,
    'low': 39.5,
    'open': 40.15,
    'symbol': 'ENPH',
    'timestamp': datetime.datetime(2025, 5, 27, 4, 0, tzinfo=TzInfo(UTC)),
    'trade_count': 74683.0,
    'volume': 6167287.0,
    'vwap': 40.136512}, {   'close': 38.96,
    'high': 40.115,
    'low': 38.94,
    'open': 40.085,
    'symbol': 'ENPH',
    'timestamp': datetime.datetime(2025, 5, 28, 4, 0, tzinfo=TzInfo(UTC)),
    'trade_count': 65580.0,
    'volume': 4880720.0,
    'vwap': 39.396016}, {   'close': 39.24,
    'high': 39.9,
    'low': 38.6,
    'open': 39.46,
    'symbol': 'ENPH',
    'timestamp': datetime.datetime(2025, 5, 29, 4, 0, tzinfo=TzInfo(UTC)),
    'trade_count': 79564.0,
    'volume': 6359656.0,
    'vwap': 39.165389}, {   'close': 41.39,
    'high': 41.805,
    'low': 38.15,
    'open': 38.985,
    'symbol': 'ENPH',
    'timestamp': datetime.datetime(2025, 5, 30, 4, 0, tzinfo=TzInfo(UTC)),
    'trade_count': 98163.0,
    'volume': 9516472.0,
    'vwap': 40.596021}, {   'close': 41.32,
    'high': 41.72,
    'low': 40.342,
    'open': 41.39,
    'symbol': 'ENPH',
    'timestamp': datetime.datetime(2025, 6, 2, 4, 0, tzinfo=TzInfo(UTC)),
    'trade_count': 71050.0,
    'volume': 5034860.0,
    'vwap': 41.211482}, {   'close': 43.75,
    'high': 43.855,
    'low': 40.39,
    'open': 40.88,
    'symbol': 'ENPH',
    'timestamp': datetime.datetime(2025, 6, 3, 4, 0, tzinfo=TzInfo(UTC)),
    'trade_count': 80242.0,
    'volume': 6100362.0,
    'vwap': 42.926926}, {   'close': 43.16,
    'high': 44.1357,
    'low': 42.8,
    'open': 44.07,
    'symbol': 'ENPH',
    'timestamp': datetime.datetime(2025, 6, 4, 4, 0, tzinfo=TzInfo(UTC)),
    'trade_count': 51936.0,
    'volume': 4167891.0,
    'vwap': 43.461525}, {   'close': 41.3,
    'high': 43.165,
    'low': 41.06,
    'open': 43.13,
    'symbol': 'ENPH',
    'timestamp': datetime.datetime(2025, 6, 5, 4, 0, tzinfo=TzInfo(UTC)),
    'trade_count': 74992.0,
    'volume': 7291671.0,
    'vwap': 41.864094}, {   'close': 41.18,
    'high': 41.96,
    'low': 41.01,
    'open': 41.68,
    'symbol': 'ENPH',
    'timestamp': datetime.datetime(2025, 6, 6, 4, 0, tzinfo=TzInfo(UTC)),
    'trade_count': 82131.0,
    'volume': 6994651.0,
    'vwap': 41.291038}, {   'close': 43.26,
    'high': 44.4,
    'low': 41.52,
    'open': 41.75,
    'symbol': 'ENPH',
    'timestamp': datetime.datetime(2025, 6, 9, 4, 0, tzinfo=TzInfo(UTC)),
    'trade_count': 89048.0,
    'volume': 6755719.0,
    'vwap': 43.353417}, {   'close': 45.08,
    'high': 46.3993,
    'low': 43.95,
    'open': 44.84,
    'symbol': 'ENPH',
    'timestamp': datetime.datetime(2025, 6, 10, 4, 0, tzinfo=TzInfo(UTC)),
    'trade_count': 80364.0,
    'volume': 6139114.0,
    'vwap': 45.377502}, {   'close': 45.28,
    'high': 46.24,
    'low': 45.03,
    'open': 45.67,
    'symbol': 'ENPH',
    'timestamp': datetime.datetime(2025, 6, 11, 4, 0, tzinfo=TzInfo(UTC)),
    'trade_count': 53202.0,
    'volume': 3956323.0,
    'vwap': 45.483686}, {   'close': 44.695,
    'high': 45.8378,
    'low': 44.02,
    'open': 45.55,
    'symbol': 'ENPH',
    'timestamp': datetime.datetime(2025, 6, 12, 4, 0, tzinfo=TzInfo(UTC)),
    'trade_count': 53664.0,
    'volume': 3755722.0,
    'vwap': 44.659018}, {   'close': 45.6,
    'high': 46.94,
    'low': 44.1046,
    'open': 44.34,
    'symbol': 'ENPH',
    'timestamp': datetime.datetime(2025, 6, 13, 4, 0, tzinfo=TzInfo(UTC)),
    'trade_count': 83875.0,
    'volume': 6456416.0,
    'vwap': 45.548104}]}
2025-06-15 20:49:36,787 - data_provider - DEBUG - Looking for symbol ENPH in data
2025-06-15 20:49:36,787 - data_provider - DEBUG - Dict access result for ENPH: Found
2025-06-15 20:49:36,895 - trading_engine - INFO - Calculated target price for ENPH based on RSI: $46.20
2025-06-15 20:49:36,950 - data_provider - DEBUG - API response type: <class 'alpaca.data.models.bars.BarSet'>
2025-06-15 20:49:36,950 - data_provider - DEBUG - API response dir: ['__abstractmethods__', '__annotations__', '__class__', '__class_getitem__', '__class_vars__', '__copy__', '__deepcopy__', '__delattr__', '__dict__', '__dir__', '__doc__', '__eq__', '__fields__', '__fields_set__', '__firstlineno__', '__format__', '__ge__', '__get_pydantic_core_schema__', '__get_pydantic_json_schema__', '__getattr__', '__getattribute__', '__getitem__', '__getstate__', '__gt__', '__hash__', '__init__', '__init_subclass__', '__iter__', '__le__', '__lt__', '__module__', '__ne__', '__new__', '__pretty__', '__private_attributes__', '__pydantic_complete__', '__pydantic_computed_fields__', '__pydantic_core_schema__', '__pydantic_custom_init__', '__pydantic_decorators__', '__pydantic_extra__', '__pydantic_fields__', '__pydantic_fields_set__', '__pydantic_generic_metadata__', '__pydantic_init_subclass__', '__pydantic_parent_namespace__', '__pydantic_post_init__', '__pydantic_private__', '__pydantic_root_model__', '__pydantic_serializer__', '__pydantic_setattr_handlers__', '__pydantic_validator__', '__reduce__', '__reduce_ex__', '__replace__', '__repr__', '__repr_args__', '__repr_name__', '__repr_recursion__', '__repr_str__', '__rich_repr__', '__setattr__', '__setstate__', '__signature__', '__sizeof__', '__slots__', '__static_attributes__', '__str__', '__subclasshook__', '__weakref__', '_abc_impl', '_calculate_keys', '_copy_and_set_values', '_get_value', '_iter', '_setattr_handler', 'construct', 'copy', 'data', 'df', 'dict', 'from_orm', 'json', 'model_computed_fields', 'model_config', 'model_construct', 'model_copy', 'model_dump', 'model_dump_json', 'model_extra', 'model_fields', 'model_fields_set', 'model_json_schema', 'model_parametrized_name', 'model_post_init', 'model_rebuild', 'model_validate', 'model_validate_json', 'model_validate_strings', 'parse_file', 'parse_obj', 'parse_raw', 'schema', 'schema_json', 'update_forward_refs', 'validate']
2025-06-15 20:49:36,950 - data_provider - DEBUG - Raw API response for symbol ENPH: data={}
2025-06-15 20:49:36,951 - data_provider - DEBUG - Using object response, data type: <class 'dict'>
2025-06-15 20:49:36,951 - data_provider - DEBUG - No data found for symbol ENPH
2025-06-15 20:49:37,054 - trading_engine - INFO - 🔍 DRY RUN: Would update stop loss for ENPH to $43.19 and take profit to $52.28
2025-06-15 20:49:37,133 - data_provider - DEBUG - API response type: <class 'alpaca.data.models.bars.BarSet'>
2025-06-15 20:49:37,133 - data_provider - DEBUG - API response dir: ['__abstractmethods__', '__annotations__', '__class__', '__class_getitem__', '__class_vars__', '__copy__', '__deepcopy__', '__delattr__', '__dict__', '__dir__', '__doc__', '__eq__', '__fields__', '__fields_set__', '__firstlineno__', '__format__', '__ge__', '__get_pydantic_core_schema__', '__get_pydantic_json_schema__', '__getattr__', '__getattribute__', '__getitem__', '__getstate__', '__gt__', '__hash__', '__init__', '__init_subclass__', '__iter__', '__le__', '__lt__', '__module__', '__ne__', '__new__', '__pretty__', '__private_attributes__', '__pydantic_complete__', '__pydantic_computed_fields__', '__pydantic_core_schema__', '__pydantic_custom_init__', '__pydantic_decorators__', '__pydantic_extra__', '__pydantic_fields__', '__pydantic_fields_set__', '__pydantic_generic_metadata__', '__pydantic_init_subclass__', '__pydantic_parent_namespace__', '__pydantic_post_init__', '__pydantic_private__', '__pydantic_root_model__', '__pydantic_serializer__', '__pydantic_setattr_handlers__', '__pydantic_validator__', '__reduce__', '__reduce_ex__', '__replace__', '__repr__', '__repr_args__', '__repr_name__', '__repr_recursion__', '__repr_str__', '__rich_repr__', '__setattr__', '__setstate__', '__signature__', '__sizeof__', '__slots__', '__static_attributes__', '__str__', '__subclasshook__', '__weakref__', '_abc_impl', '_calculate_keys', '_copy_and_set_values', '_get_value', '_iter', '_setattr_handler', 'construct', 'copy', 'data', 'df', 'dict', 'from_orm', 'json', 'model_computed_fields', 'model_config', 'model_construct', 'model_copy', 'model_dump', 'model_dump_json', 'model_extra', 'model_fields', 'model_fields_set', 'model_json_schema', 'model_parametrized_name', 'model_post_init', 'model_rebuild', 'model_validate', 'model_validate_json', 'model_validate_strings', 'parse_file', 'parse_obj', 'parse_raw', 'schema', 'schema_json', 'update_forward_refs', 'validate']
2025-06-15 20:49:37,133 - data_provider - DEBUG - Raw API response for symbol IONQ: data={'IONQ': [{   'close': 29.82,
    'high': 30.8299,
    'low': 29.61,
    'open': 30.13,
    'symbol': 'IONQ',
    'timestamp': datetime.datetime(2025, 5, 5, 4, 0, tzinfo=TzInfo(UTC)),
    'trade_count': 122758.0,
    'volume': 9584868.0,
    'vwap': 30.078432}, {   'close': 29.42,
    'high': 29.5,
    'low': 27.97,
    'open': 28.55,
    'symbol': 'IONQ',
    'timestamp': datetime.datetime(2025, 5, 6, 4, 0, tzinfo=TzInfo(UTC)),
    'trade_count': 136083.0,
    'volume': 10913261.0,
    'vwap': 28.746541}, {   'close': 29.14,
    'high': 29.355,
    'low': 28.495,
    'open': 29.025,
    'symbol': 'IONQ',
    'timestamp': datetime.datetime(2025, 5, 7, 4, 0, tzinfo=TzInfo(UTC)),
    'trade_count': 113787.0,
    'volume': 9016737.0,
    'vwap': 28.965532}, {   'close': 31.84,
    'high': 33.5,
    'low': 28.11,
    'open': 31.74,
    'symbol': 'IONQ',
    'timestamp': datetime.datetime(2025, 5, 8, 4, 0, tzinfo=TzInfo(UTC)),
    'trade_count': 399446.0,
    'volume': 39187658.0,
    'vwap': 30.728758}, {   'close': 31.27,
    'high': 32.64,
    'low': 29.93,
    'open': 31.43,
    'symbol': 'IONQ',
    'timestamp': datetime.datetime(2025, 5, 9, 4, 0, tzinfo=TzInfo(UTC)),
    'trade_count': 237365.0,
    'volume': 19086401.0,
    'vwap': 31.23344}, {   'close': 32.89,
    'high': 33.93,
    'low': 31.9312,
    'open': 33.12,
    'symbol': 'IONQ',
    'timestamp': datetime.datetime(2025, 5, 12, 4, 0, tzinfo=TzInfo(UTC)),
    'trade_count': 193635.0,
    'volume': 16465600.0,
    'vwap': 32.867549}, {   'close': 33.22,
    'high': 34.1,
    'low': 32.33,
    'open': 32.61,
    'symbol': 'IONQ',
    'timestamp': datetime.datetime(2025, 5, 13, 4, 0, tzinfo=TzInfo(UTC)),
    'trade_count': 180553.0,
    'volume': 13943072.0,
    'vwap': 32.943015}, {   'close': 33.41,
    'high': 35.29,
    'low': 32.75,
    'open': 33.7,
    'symbol': 'IONQ',
    'timestamp': datetime.datetime(2025, 5, 14, 4, 0, tzinfo=TzInfo(UTC)),
    'trade_count': 239535.0,
    'volume': 18701827.0,
    'vwap': 33.803147}, {   'close': 32.54,
    'high': 34.3946,
    'low': 32.23,
    'open': 32.93,
    'symbol': 'IONQ',
    'timestamp': datetime.datetime(2025, 5, 15, 4, 0, tzinfo=TzInfo(UTC)),
    'trade_count': 147725.0,
    'volume': 11151395.0,
    'vwap': 33.046686}, {   'close': 34.99,
    'high': 35.1501,
    'low': 32.97,
    'open': 33.52,
    'symbol': 'IONQ',
    'timestamp': datetime.datetime(2025, 5, 16, 4, 0, tzinfo=TzInfo(UTC)),
    'trade_count': 203881.0,
    'volume': 17643752.0,
    'vwap': 34.022019}, {   'close': 35.09,
    'high': 35.135,
    'low': 32.83,
    'open': 33.6,
    'symbol': 'IONQ',
    'timestamp': datetime.datetime(2025, 5, 19, 4, 0, tzinfo=TzInfo(UTC)),
    'trade_count': 161602.0,
    'volume': 13255268.0,
    'vwap': 34.188125}, {   'close': 35.31,
    'high': 35.99,
    'low': 34.1901,
    'open': 35.89,
    'symbol': 'IONQ',
    'timestamp': datetime.datetime(2025, 5, 20, 4, 0, tzinfo=TzInfo(UTC)),
    'trade_count': 207816.0,
    'volume': 17686231.0,
    'vwap': 35.098038}, {   'close': 33.54,
    'high': 36.61,
    'low': 33.33,
    'open': 35.08,
    'symbol': 'IONQ',
    'timestamp': datetime.datetime(2025, 5, 21, 4, 0, tzinfo=TzInfo(UTC)),
    'trade_count': 250138.0,
    'volume': 21395195.0,
    'vwap': 35.225214}, {   'close': 45.79,
    'high': 48.92,
    'low': 33.73,
    'open': 33.82,
    'symbol': 'IONQ',
    'timestamp': datetime.datetime(2025, 5, 22, 4, 0, tzinfo=TzInfo(UTC)),
    'trade_count': 1052042.0,
    'volume': 105188117.0,
    'vwap': 43.520708}, {   'close': 45.69,
    'high': 47.8678,
    'low': 41.21,
    'open': 41.96,
    'symbol': 'IONQ',
    'timestamp': datetime.datetime(2025, 5, 23, 4, 0, tzinfo=TzInfo(UTC)),
    'trade_count': 636329.0,
    'volume': 53827271.0,
    'vwap': 45.420504}, {   'close': 48.04,
    'high': 48.08,
    'low': 43.6,
    'open': 46.55,
    'symbol': 'IONQ',
    'timestamp': datetime.datetime(2025, 5, 27, 4, 0, tzinfo=TzInfo(UTC)),
    'trade_count': 359452.0,
    'volume': 30147582.0,
    'vwap': 46.014912}, {   'close': 47.56,
    'high': 48.94,
    'low': 44.65,
    'open': 46.0,
    'symbol': 'IONQ',
    'timestamp': datetime.datetime(2025, 5, 28, 4, 0, tzinfo=TzInfo(UTC)),
    'trade_count': 326280.0,
    'volume': 28831257.0,
    'vwap': 46.846727}, {   'close': 43.2,
    'high': 48.82,
    'low': 42.94,
    'open': 48.0,
    'symbol': 'IONQ',
    'timestamp': datetime.datetime(2025, 5, 29, 4, 0, tzinfo=TzInfo(UTC)),
    'trade_count': 346399.0,
    'volume': 26180352.0,
    'vwap': 44.937374}, {   'close': 40.34,
    'high': 41.61,
    'low': 39.3,
    'open': 40.46,
    'symbol': 'IONQ',
    'timestamp': datetime.datetime(2025, 5, 30, 4, 0, tzinfo=TzInfo(UTC)),
    'trade_count': 344354.0,
    'volume': 27156163.0,
    'vwap': 40.322572}, {   'close': 40.57,
    'high': 41.07,
    'low': 38.35,
    'open': 40.01,
    'symbol': 'IONQ',
    'timestamp': datetime.datetime(2025, 6, 2, 4, 0, tzinfo=TzInfo(UTC)),
    'trade_count': 192219.0,
    'volume': 15261764.0,
    'vwap': 39.765187}, {   'close': 39.81,
    'high': 42.39,
    'low': 39.52,
    'open': 41.74,
    'symbol': 'IONQ',
    'timestamp': datetime.datetime(2025, 6, 3, 4, 0, tzinfo=TzInfo(UTC)),
    'trade_count': 158700.0,
    'volume': 12476187.0,
    'vwap': 40.368774}, {   'close': 39.64,
    'high': 40.15,
    'low': 37.93,
    'open': 40.04,
    'symbol': 'IONQ',
    'timestamp': datetime.datetime(2025, 6, 4, 4, 0, tzinfo=TzInfo(UTC)),
    'trade_count': 161623.0,
    'volume': 12078966.0,
    'vwap': 39.064068}, {   'close': 36.66,
    'high': 39.25,
    'low': 35.9267,
    'open': 39.1,
    'symbol': 'IONQ',
    'timestamp': datetime.datetime(2025, 6, 5, 4, 0, tzinfo=TzInfo(UTC)),
    'trade_count': 231428.0,
    'volume': 17408691.0,
    'vwap': 37.666219}, {   'close': 39.02,
    'high': 39.95,
    'low': 36.8,
    'open': 37.67,
    'symbol': 'IONQ',
    'timestamp': datetime.datetime(2025, 6, 6, 4, 0, tzinfo=TzInfo(UTC)),
    'trade_count': 179655.0,
    'volume': 16146130.0,
    'vwap': 38.761532}, {   'close': 40.06,
    'high': 42.55,
    'low': 38.85,
    'open': 42.535,
    'symbol': 'IONQ',
    'timestamp': datetime.datetime(2025, 6, 9, 4, 0, tzinfo=TzInfo(UTC)),
    'trade_count': 416959.0,
    'volume': 36305055.0,
    'vwap': 40.261065}, {   'close': 39.74,
    'high': 44.05,
    'low': 39.46,
    'open': 40.64,
    'symbol': 'IONQ',
    'timestamp': datetime.datetime(2025, 6, 10, 4, 0, tzinfo=TzInfo(UTC)),
    'trade_count': 361332.0,
    'volume': 31977934.0,
    'vwap': 41.395364}, {   'close': 39.7,
    'high': 43.96,
    'low': 38.94,
    'open': 41.59,
    'symbol': 'IONQ',
    'timestamp': datetime.datetime(2025, 6, 11, 4, 0, tzinfo=TzInfo(UTC)),
    'trade_count': 570256.0,
    'volume': 53397297.0,
    'vwap': 40.821922}, {   'close': 38.71,
    'high': 40.86,
    'low': 38.6207,
    'open': 39.49,
    'symbol': 'IONQ',
    'timestamp': datetime.datetime(2025, 6, 12, 4, 0, tzinfo=TzInfo(UTC)),
    'trade_count': 256466.0,
    'volume': 20079568.0,
    'vwap': 39.370111}, {   'close': 37.84,
    'high': 39.83,
    'low': 37.44,
    'open': 37.59,
    'symbol': 'IONQ',
    'timestamp': datetime.datetime(2025, 6, 13, 4, 0, tzinfo=TzInfo(UTC)),
    'trade_count': 229467.0,
    'volume': 19404499.0,
    'vwap': 38.423929}]}
2025-06-15 20:49:37,135 - data_provider - DEBUG - Using object response, data type: <class 'dict'>
2025-06-15 20:49:37,135 - data_provider - DEBUG - Data dir: ['__class__', '__class_getitem__', '__contains__', '__delattr__', '__delitem__', '__dir__', '__doc__', '__eq__', '__format__', '__ge__', '__getattribute__', '__getitem__', '__getstate__', '__gt__', '__hash__', '__init__', '__init_subclass__', '__ior__', '__iter__', '__le__', '__len__', '__lt__', '__ne__', '__new__', '__or__', '__reduce__', '__reduce_ex__', '__repr__', '__reversed__', '__ror__', '__setattr__', '__setitem__', '__sizeof__', '__str__', '__subclasshook__', 'clear', 'copy', 'fromkeys', 'get', 'items', 'keys', 'pop', 'popitem', 'setdefault', 'update', 'values']
2025-06-15 20:49:37,135 - data_provider - DEBUG - Data content for symbol IONQ: {'IONQ': [{   'close': 29.82,
    'high': 30.8299,
    'low': 29.61,
    'open': 30.13,
    'symbol': 'IONQ',
    'timestamp': datetime.datetime(2025, 5, 5, 4, 0, tzinfo=TzInfo(UTC)),
    'trade_count': 122758.0,
    'volume': 9584868.0,
    'vwap': 30.078432}, {   'close': 29.42,
    'high': 29.5,
    'low': 27.97,
    'open': 28.55,
    'symbol': 'IONQ',
    'timestamp': datetime.datetime(2025, 5, 6, 4, 0, tzinfo=TzInfo(UTC)),
    'trade_count': 136083.0,
    'volume': 10913261.0,
    'vwap': 28.746541}, {   'close': 29.14,
    'high': 29.355,
    'low': 28.495,
    'open': 29.025,
    'symbol': 'IONQ',
    'timestamp': datetime.datetime(2025, 5, 7, 4, 0, tzinfo=TzInfo(UTC)),
    'trade_count': 113787.0,
    'volume': 9016737.0,
    'vwap': 28.965532}, {   'close': 31.84,
    'high': 33.5,
    'low': 28.11,
    'open': 31.74,
    'symbol': 'IONQ',
    'timestamp': datetime.datetime(2025, 5, 8, 4, 0, tzinfo=TzInfo(UTC)),
    'trade_count': 399446.0,
    'volume': 39187658.0,
    'vwap': 30.728758}, {   'close': 31.27,
    'high': 32.64,
    'low': 29.93,
    'open': 31.43,
    'symbol': 'IONQ',
    'timestamp': datetime.datetime(2025, 5, 9, 4, 0, tzinfo=TzInfo(UTC)),
    'trade_count': 237365.0,
    'volume': 19086401.0,
    'vwap': 31.23344}, {   'close': 32.89,
    'high': 33.93,
    'low': 31.9312,
    'open': 33.12,
    'symbol': 'IONQ',
    'timestamp': datetime.datetime(2025, 5, 12, 4, 0, tzinfo=TzInfo(UTC)),
    'trade_count': 193635.0,
    'volume': 16465600.0,
    'vwap': 32.867549}, {   'close': 33.22,
    'high': 34.1,
    'low': 32.33,
    'open': 32.61,
    'symbol': 'IONQ',
    'timestamp': datetime.datetime(2025, 5, 13, 4, 0, tzinfo=TzInfo(UTC)),
    'trade_count': 180553.0,
    'volume': 13943072.0,
    'vwap': 32.943015}, {   'close': 33.41,
    'high': 35.29,
    'low': 32.75,
    'open': 33.7,
    'symbol': 'IONQ',
    'timestamp': datetime.datetime(2025, 5, 14, 4, 0, tzinfo=TzInfo(UTC)),
    'trade_count': 239535.0,
    'volume': 18701827.0,
    'vwap': 33.803147}, {   'close': 32.54,
    'high': 34.3946,
    'low': 32.23,
    'open': 32.93,
    'symbol': 'IONQ',
    'timestamp': datetime.datetime(2025, 5, 15, 4, 0, tzinfo=TzInfo(UTC)),
    'trade_count': 147725.0,
    'volume': 11151395.0,
    'vwap': 33.046686}, {   'close': 34.99,
    'high': 35.1501,
    'low': 32.97,
    'open': 33.52,
    'symbol': 'IONQ',
    'timestamp': datetime.datetime(2025, 5, 16, 4, 0, tzinfo=TzInfo(UTC)),
    'trade_count': 203881.0,
    'volume': 17643752.0,
    'vwap': 34.022019}, {   'close': 35.09,
    'high': 35.135,
    'low': 32.83,
    'open': 33.6,
    'symbol': 'IONQ',
    'timestamp': datetime.datetime(2025, 5, 19, 4, 0, tzinfo=TzInfo(UTC)),
    'trade_count': 161602.0,
    'volume': 13255268.0,
    'vwap': 34.188125}, {   'close': 35.31,
    'high': 35.99,
    'low': 34.1901,
    'open': 35.89,
    'symbol': 'IONQ',
    'timestamp': datetime.datetime(2025, 5, 20, 4, 0, tzinfo=TzInfo(UTC)),
    'trade_count': 207816.0,
    'volume': 17686231.0,
    'vwap': 35.098038}, {   'close': 33.54,
    'high': 36.61,
    'low': 33.33,
    'open': 35.08,
    'symbol': 'IONQ',
    'timestamp': datetime.datetime(2025, 5, 21, 4, 0, tzinfo=TzInfo(UTC)),
    'trade_count': 250138.0,
    'volume': 21395195.0,
    'vwap': 35.225214}, {   'close': 45.79,
    'high': 48.92,
    'low': 33.73,
    'open': 33.82,
    'symbol': 'IONQ',
    'timestamp': datetime.datetime(2025, 5, 22, 4, 0, tzinfo=TzInfo(UTC)),
    'trade_count': 1052042.0,
    'volume': 105188117.0,
    'vwap': 43.520708}, {   'close': 45.69,
    'high': 47.8678,
    'low': 41.21,
    'open': 41.96,
    'symbol': 'IONQ',
    'timestamp': datetime.datetime(2025, 5, 23, 4, 0, tzinfo=TzInfo(UTC)),
    'trade_count': 636329.0,
    'volume': 53827271.0,
    'vwap': 45.420504}, {   'close': 48.04,
    'high': 48.08,
    'low': 43.6,
    'open': 46.55,
    'symbol': 'IONQ',
    'timestamp': datetime.datetime(2025, 5, 27, 4, 0, tzinfo=TzInfo(UTC)),
    'trade_count': 359452.0,
    'volume': 30147582.0,
    'vwap': 46.014912}, {   'close': 47.56,
    'high': 48.94,
    'low': 44.65,
    'open': 46.0,
    'symbol': 'IONQ',
    'timestamp': datetime.datetime(2025, 5, 28, 4, 0, tzinfo=TzInfo(UTC)),
    'trade_count': 326280.0,
    'volume': 28831257.0,
    'vwap': 46.846727}, {   'close': 43.2,
    'high': 48.82,
    'low': 42.94,
    'open': 48.0,
    'symbol': 'IONQ',
    'timestamp': datetime.datetime(2025, 5, 29, 4, 0, tzinfo=TzInfo(UTC)),
    'trade_count': 346399.0,
    'volume': 26180352.0,
    'vwap': 44.937374}, {   'close': 40.34,
    'high': 41.61,
    'low': 39.3,
    'open': 40.46,
    'symbol': 'IONQ',
    'timestamp': datetime.datetime(2025, 5, 30, 4, 0, tzinfo=TzInfo(UTC)),
    'trade_count': 344354.0,
    'volume': 27156163.0,
    'vwap': 40.322572}, {   'close': 40.57,
    'high': 41.07,
    'low': 38.35,
    'open': 40.01,
    'symbol': 'IONQ',
    'timestamp': datetime.datetime(2025, 6, 2, 4, 0, tzinfo=TzInfo(UTC)),
    'trade_count': 192219.0,
    'volume': 15261764.0,
    'vwap': 39.765187}, {   'close': 39.81,
    'high': 42.39,
    'low': 39.52,
    'open': 41.74,
    'symbol': 'IONQ',
    'timestamp': datetime.datetime(2025, 6, 3, 4, 0, tzinfo=TzInfo(UTC)),
    'trade_count': 158700.0,
    'volume': 12476187.0,
    'vwap': 40.368774}, {   'close': 39.64,
    'high': 40.15,
    'low': 37.93,
    'open': 40.04,
    'symbol': 'IONQ',
    'timestamp': datetime.datetime(2025, 6, 4, 4, 0, tzinfo=TzInfo(UTC)),
    'trade_count': 161623.0,
    'volume': 12078966.0,
    'vwap': 39.064068}, {   'close': 36.66,
    'high': 39.25,
    'low': 35.9267,
    'open': 39.1,
    'symbol': 'IONQ',
    'timestamp': datetime.datetime(2025, 6, 5, 4, 0, tzinfo=TzInfo(UTC)),
    'trade_count': 231428.0,
    'volume': 17408691.0,
    'vwap': 37.666219}, {   'close': 39.02,
    'high': 39.95,
    'low': 36.8,
    'open': 37.67,
    'symbol': 'IONQ',
    'timestamp': datetime.datetime(2025, 6, 6, 4, 0, tzinfo=TzInfo(UTC)),
    'trade_count': 179655.0,
    'volume': 16146130.0,
    'vwap': 38.761532}, {   'close': 40.06,
    'high': 42.55,
    'low': 38.85,
    'open': 42.535,
    'symbol': 'IONQ',
    'timestamp': datetime.datetime(2025, 6, 9, 4, 0, tzinfo=TzInfo(UTC)),
    'trade_count': 416959.0,
    'volume': 36305055.0,
    'vwap': 40.261065}, {   'close': 39.74,
    'high': 44.05,
    'low': 39.46,
    'open': 40.64,
    'symbol': 'IONQ',
    'timestamp': datetime.datetime(2025, 6, 10, 4, 0, tzinfo=TzInfo(UTC)),
    'trade_count': 361332.0,
    'volume': 31977934.0,
    'vwap': 41.395364}, {   'close': 39.7,
    'high': 43.96,
    'low': 38.94,
    'open': 41.59,
    'symbol': 'IONQ',
    'timestamp': datetime.datetime(2025, 6, 11, 4, 0, tzinfo=TzInfo(UTC)),
    'trade_count': 570256.0,
    'volume': 53397297.0,
    'vwap': 40.821922}, {   'close': 38.71,
    'high': 40.86,
    'low': 38.6207,
    'open': 39.49,
    'symbol': 'IONQ',
    'timestamp': datetime.datetime(2025, 6, 12, 4, 0, tzinfo=TzInfo(UTC)),
    'trade_count': 256466.0,
    'volume': 20079568.0,
    'vwap': 39.370111}, {   'close': 37.84,
    'high': 39.83,
    'low': 37.44,
    'open': 37.59,
    'symbol': 'IONQ',
    'timestamp': datetime.datetime(2025, 6, 13, 4, 0, tzinfo=TzInfo(UTC)),
    'trade_count': 229467.0,
    'volume': 19404499.0,
    'vwap': 38.423929}]}
2025-06-15 20:49:37,137 - data_provider - DEBUG - Looking for symbol IONQ in data
2025-06-15 20:49:37,137 - data_provider - DEBUG - Dict access result for IONQ: Found
2025-06-15 20:49:37,243 - trading_engine - INFO - Calculated target price for IONQ based on RSI: $56.76
2025-06-15 20:49:37,344 - data_provider - DEBUG - API response type: <class 'alpaca.data.models.bars.BarSet'>
2025-06-15 20:49:37,344 - data_provider - DEBUG - API response dir: ['__abstractmethods__', '__annotations__', '__class__', '__class_getitem__', '__class_vars__', '__copy__', '__deepcopy__', '__delattr__', '__dict__', '__dir__', '__doc__', '__eq__', '__fields__', '__fields_set__', '__firstlineno__', '__format__', '__ge__', '__get_pydantic_core_schema__', '__get_pydantic_json_schema__', '__getattr__', '__getattribute__', '__getitem__', '__getstate__', '__gt__', '__hash__', '__init__', '__init_subclass__', '__iter__', '__le__', '__lt__', '__module__', '__ne__', '__new__', '__pretty__', '__private_attributes__', '__pydantic_complete__', '__pydantic_computed_fields__', '__pydantic_core_schema__', '__pydantic_custom_init__', '__pydantic_decorators__', '__pydantic_extra__', '__pydantic_fields__', '__pydantic_fields_set__', '__pydantic_generic_metadata__', '__pydantic_init_subclass__', '__pydantic_parent_namespace__', '__pydantic_post_init__', '__pydantic_private__', '__pydantic_root_model__', '__pydantic_serializer__', '__pydantic_setattr_handlers__', '__pydantic_validator__', '__reduce__', '__reduce_ex__', '__replace__', '__repr__', '__repr_args__', '__repr_name__', '__repr_recursion__', '__repr_str__', '__rich_repr__', '__setattr__', '__setstate__', '__signature__', '__sizeof__', '__slots__', '__static_attributes__', '__str__', '__subclasshook__', '__weakref__', '_abc_impl', '_calculate_keys', '_copy_and_set_values', '_get_value', '_iter', '_setattr_handler', 'construct', 'copy', 'data', 'df', 'dict', 'from_orm', 'json', 'model_computed_fields', 'model_config', 'model_construct', 'model_copy', 'model_dump', 'model_dump_json', 'model_extra', 'model_fields', 'model_fields_set', 'model_json_schema', 'model_parametrized_name', 'model_post_init', 'model_rebuild', 'model_validate', 'model_validate_json', 'model_validate_strings', 'parse_file', 'parse_obj', 'parse_raw', 'schema', 'schema_json', 'update_forward_refs', 'validate']
2025-06-15 20:49:37,344 - data_provider - DEBUG - Raw API response for symbol IONQ: data={}
2025-06-15 20:49:37,344 - data_provider - DEBUG - Using object response, data type: <class 'dict'>
2025-06-15 20:49:37,344 - data_provider - DEBUG - No data found for symbol IONQ
2025-06-15 20:49:37,450 - trading_engine - INFO - 🔍 DRY RUN: Would update stop loss for IONQ to $37.36 and take profit to $45.23
2025-06-15 20:49:37,488 - data_provider - DEBUG - API response type: <class 'alpaca.data.models.bars.BarSet'>
2025-06-15 20:49:37,488 - data_provider - DEBUG - API response dir: ['__abstractmethods__', '__annotations__', '__class__', '__class_getitem__', '__class_vars__', '__copy__', '__deepcopy__', '__delattr__', '__dict__', '__dir__', '__doc__', '__eq__', '__fields__', '__fields_set__', '__firstlineno__', '__format__', '__ge__', '__get_pydantic_core_schema__', '__get_pydantic_json_schema__', '__getattr__', '__getattribute__', '__getitem__', '__getstate__', '__gt__', '__hash__', '__init__', '__init_subclass__', '__iter__', '__le__', '__lt__', '__module__', '__ne__', '__new__', '__pretty__', '__private_attributes__', '__pydantic_complete__', '__pydantic_computed_fields__', '__pydantic_core_schema__', '__pydantic_custom_init__', '__pydantic_decorators__', '__pydantic_extra__', '__pydantic_fields__', '__pydantic_fields_set__', '__pydantic_generic_metadata__', '__pydantic_init_subclass__', '__pydantic_parent_namespace__', '__pydantic_post_init__', '__pydantic_private__', '__pydantic_root_model__', '__pydantic_serializer__', '__pydantic_setattr_handlers__', '__pydantic_validator__', '__reduce__', '__reduce_ex__', '__replace__', '__repr__', '__repr_args__', '__repr_name__', '__repr_recursion__', '__repr_str__', '__rich_repr__', '__setattr__', '__setstate__', '__signature__', '__sizeof__', '__slots__', '__static_attributes__', '__str__', '__subclasshook__', '__weakref__', '_abc_impl', '_calculate_keys', '_copy_and_set_values', '_get_value', '_iter', '_setattr_handler', 'construct', 'copy', 'data', 'df', 'dict', 'from_orm', 'json', 'model_computed_fields', 'model_config', 'model_construct', 'model_copy', 'model_dump', 'model_dump_json', 'model_extra', 'model_fields', 'model_fields_set', 'model_json_schema', 'model_parametrized_name', 'model_post_init', 'model_rebuild', 'model_validate', 'model_validate_json', 'model_validate_strings', 'parse_file', 'parse_obj', 'parse_raw', 'schema', 'schema_json', 'update_forward_refs', 'validate']
2025-06-15 20:49:37,488 - data_provider - DEBUG - Raw API response for symbol MRNA: data={'MRNA': [{   'close': 27.84,
    'high': 28.52,
    'low': 27.18,
    'open': 27.8,
    'symbol': 'MRNA',
    'timestamp': datetime.datetime(2025, 5, 5, 4, 0, tzinfo=TzInfo(UTC)),
    'trade_count': 79302.0,
    'volume': 7804296.0,
    'vwap': 27.929589}, {   'close': 24.43,
    'high': 27.37,
    'low': 24.16,
    'open': 27.37,
    'symbol': 'MRNA',
    'timestamp': datetime.datetime(2025, 5, 6, 4, 0, tzinfo=TzInfo(UTC)),
    'trade_count': 218147.0,
    'volume': 23279594.0,
    'vwap': 25.199668}, {   'close': 24.06,
    'high': 24.92,
    'low': 23.7,
    'open': 24.6,
    'symbol': 'MRNA',
    'timestamp': datetime.datetime(2025, 5, 7, 4, 0, tzinfo=TzInfo(UTC)),
    'trade_count': 99227.0,
    'volume': 10810622.0,
    'vwap': 24.12205}, {   'close': 24.38,
    'high': 24.98,
    'low': 23.95,
    'open': 24.33,
    'symbol': 'MRNA',
    'timestamp': datetime.datetime(2025, 5, 8, 4, 0, tzinfo=TzInfo(UTC)),
    'trade_count': 99952.0,
    'volume': 9680327.0,
    'vwap': 24.463961}, {   'close': 24.25,
    'high': 25.32,
    'low': 24.22,
    'open': 24.68,
    'symbol': 'MRNA',
    'timestamp': datetime.datetime(2025, 5, 9, 4, 0, tzinfo=TzInfo(UTC)),
    'trade_count': 76497.0,
    'volume': 7129182.0,
    'vwap': 24.707818}, {   'close': 25.7,
    'high': 26.18,
    'low': 24.86,
    'open': 24.86,
    'symbol': 'MRNA',
    'timestamp': datetime.datetime(2025, 5, 12, 4, 0, tzinfo=TzInfo(UTC)),
    'trade_count': 128608.0,
    'volume': 12541187.0,
    'vwap': 25.576455}, {   'close': 25.49,
    'high': 25.88,
    'low': 25.0798,
    'open': 25.6,
    'symbol': 'MRNA',
    'timestamp': datetime.datetime(2025, 5, 13, 4, 0, tzinfo=TzInfo(UTC)),
    'trade_count': 87699.0,
    'volume': 8381384.0,
    'vwap': 25.484535}, {   'close': 24.02,
    'high': 25.58,
    'low': 23.95,
    'open': 25.54,
    'symbol': 'MRNA',
    'timestamp': datetime.datetime(2025, 5, 14, 4, 0, tzinfo=TzInfo(UTC)),
    'trade_count': 111208.0,
    'volume': 12814878.0,
    'vwap': 24.392827}, {   'close': 23.65,
    'high': 24.31,
    'low': 23.155,
    'open': 24.3,
    'symbol': 'MRNA',
    'timestamp': datetime.datetime(2025, 5, 15, 4, 0, tzinfo=TzInfo(UTC)),
    'trade_count': 138127.0,
    'volume': 14890125.0,
    'vwap': 23.58019}, {   'close': 24.86,
    'high': 25.44,
    'low': 23.67,
    'open': 23.87,
    'symbol': 'MRNA',
    'timestamp': datetime.datetime(2025, 5, 16, 4, 0, tzinfo=TzInfo(UTC)),
    'trade_count': 137974.0,
    'volume': 14874031.0,
    'vwap': 24.766027}, {   'close': 26.39,
    'high': 26.9243,
    'low': 25.101,
    'open': 25.27,
    'symbol': 'MRNA',
    'timestamp': datetime.datetime(2025, 5, 19, 4, 0, tzinfo=TzInfo(UTC)),
    'trade_count': 153488.0,
    'volume': 16136391.0,
    'vwap': 26.246353}, {   'close': 27.99,
    'high': 30.3,
    'low': 26.47,
    'open': 26.82,
    'symbol': 'MRNA',
    'timestamp': datetime.datetime(2025, 5, 20, 4, 0, tzinfo=TzInfo(UTC)),
    'trade_count': 310936.0,
    'volume': 37154690.0,
    'vwap': 28.291376}, {   'close': 25.8,
    'high': 28.0668,
    'low': 25.64,
    'open': 27.9,
    'symbol': 'MRNA',
    'timestamp': datetime.datetime(2025, 5, 21, 4, 0, tzinfo=TzInfo(UTC)),
    'trade_count': 163671.0,
    'volume': 17822591.0,
    'vwap': 26.38663}, {   'close': 26.72,
    'high': 26.89,
    'low': 25.22,
    'open': 25.5,
    'symbol': 'MRNA',
    'timestamp': datetime.datetime(2025, 5, 22, 4, 0, tzinfo=TzInfo(UTC)),
    'trade_count': 114844.0,
    'volume': 11296901.0,
    'vwap': 26.247138}, {   'close': 26.26,
    'high': 26.4899,
    'low': 25.55,
    'open': 26.15,
    'symbol': 'MRNA',
    'timestamp': datetime.datetime(2025, 5, 23, 4, 0, tzinfo=TzInfo(UTC)),
    'trade_count': 84690.0,
    'volume': 8258832.0,
    'vwap': 25.997159}, {   'close': 26.76,
    'high': 27.85,
    'low': 26.2,
    'open': 26.79,
    'symbol': 'MRNA',
    'timestamp': datetime.datetime(2025, 5, 27, 4, 0, tzinfo=TzInfo(UTC)),
    'trade_count': 133029.0,
    'volume': 14604949.0,
    'vwap': 27.024826}, {   'close': 26.05,
    'high': 26.77,
    'low': 25.86,
    'open': 26.77,
    'symbol': 'MRNA',
    'timestamp': datetime.datetime(2025, 5, 28, 4, 0, tzinfo=TzInfo(UTC)),
    'trade_count': 79147.0,
    'volume': 8114223.0,
    'vwap': 26.257922}, {   'close': 26.93,
    'high': 27.15,
    'low': 25.76,
    'open': 26.285,
    'symbol': 'MRNA',
    'timestamp': datetime.datetime(2025, 5, 29, 4, 0, tzinfo=TzInfo(UTC)),
    'trade_count': 95113.0,
    'volume': 10126462.0,
    'vwap': 26.738993}, {   'close': 26.56,
    'high': 26.81,
    'low': 25.6,
    'open': 26.345,
    'symbol': 'MRNA',
    'timestamp': datetime.datetime(2025, 5, 30, 4, 0, tzinfo=TzInfo(UTC)),
    'trade_count': 116592.0,
    'volume': 30676244.0,
    'vwap': 26.43657}, {   'close': 27.05,
    'high': 27.43,
    'low': 26.42,
    'open': 26.92,
    'symbol': 'MRNA',
    'timestamp': datetime.datetime(2025, 6, 2, 4, 0, tzinfo=TzInfo(UTC)),
    'trade_count': 119623.0,
    'volume': 12909092.0,
    'vwap': 26.947598}, {   'close': 27.81,
    'high': 28.57,
    'low': 26.28,
    'open': 26.91,
    'symbol': 'MRNA',
    'timestamp': datetime.datetime(2025, 6, 3, 4, 0, tzinfo=TzInfo(UTC)),
    'trade_count': 125677.0,
    'volume': 13439893.0,
    'vwap': 27.721901}, {   'close': 27.27,
    'high': 28.24,
    'low': 27.04,
    'open': 28.17,
    'symbol': 'MRNA',
    'timestamp': datetime.datetime(2025, 6, 4, 4, 0, tzinfo=TzInfo(UTC)),
    'trade_count': 78714.0,
    'volume': 7741689.0,
    'vwap': 27.504822}, {   'close': 26.12,
    'high': 27.16,
    'low': 25.82,
    'open': 27.14,
    'symbol': 'MRNA',
    'timestamp': datetime.datetime(2025, 6, 5, 4, 0, tzinfo=TzInfo(UTC)),
    'trade_count': 93427.0,
    'volume': 9868694.0,
    'vwap': 26.401829}, {   'close': 27.46,
    'high': 27.55,
    'low': 26.12,
    'open': 26.21,
    'symbol': 'MRNA',
    'timestamp': datetime.datetime(2025, 6, 6, 4, 0, tzinfo=TzInfo(UTC)),
    'trade_count': 88151.0,
    'volume': 8525843.0,
    'vwap': 27.151383}, {   'close': 28.14,
    'high': 29.19,
    'low': 27.6531,
    'open': 27.77,
    'symbol': 'MRNA',
    'timestamp': datetime.datetime(2025, 6, 9, 4, 0, tzinfo=TzInfo(UTC)),
    'trade_count': 96114.0,
    'volume': 9387573.0,
    'vwap': 28.364034}, {   'close': 27.68,
    'high': 28.23,
    'low': 27.32,
    'open': 27.86,
    'symbol': 'MRNA',
    'timestamp': datetime.datetime(2025, 6, 10, 4, 0, tzinfo=TzInfo(UTC)),
    'trade_count': 88977.0,
    'volume': 7888861.0,
    'vwap': 27.73258}, {   'close': 27.75,
    'high': 28.72,
    'low': 27.62,
    'open': 28.0,
    'symbol': 'MRNA',
    'timestamp': datetime.datetime(2025, 6, 11, 4, 0, tzinfo=TzInfo(UTC)),
    'trade_count': 93356.0,
    'volume': 9232411.0,
    'vwap': 28.096681}, {   'close': 27.35,
    'high': 27.925,
    'low': 26.81,
    'open': 27.29,
    'symbol': 'MRNA',
    'timestamp': datetime.datetime(2025, 6, 12, 4, 0, tzinfo=TzInfo(UTC)),
    'trade_count': 89834.0,
    'volume': 8326399.0,
    'vwap': 27.308274}, {   'close': 26.67,
    'high': 27.35,
    'low': 26.31,
    'open': 26.57,
    'symbol': 'MRNA',
    'timestamp': datetime.datetime(2025, 6, 13, 4, 0, tzinfo=TzInfo(UTC)),
    'trade_count': 83598.0,
    'volume': 7180263.0,
    'vwap': 26.723727}]}
2025-06-15 20:49:37,496 - data_provider - DEBUG - Using object response, data type: <class 'dict'>
2025-06-15 20:49:37,496 - data_provider - DEBUG - Data dir: ['__class__', '__class_getitem__', '__contains__', '__delattr__', '__delitem__', '__dir__', '__doc__', '__eq__', '__format__', '__ge__', '__getattribute__', '__getitem__', '__getstate__', '__gt__', '__hash__', '__init__', '__init_subclass__', '__ior__', '__iter__', '__le__', '__len__', '__lt__', '__ne__', '__new__', '__or__', '__reduce__', '__reduce_ex__', '__repr__', '__reversed__', '__ror__', '__setattr__', '__setitem__', '__sizeof__', '__str__', '__subclasshook__', 'clear', 'copy', 'fromkeys', 'get', 'items', 'keys', 'pop', 'popitem', 'setdefault', 'update', 'values']
2025-06-15 20:49:37,496 - data_provider - DEBUG - Data content for symbol MRNA: {'MRNA': [{   'close': 27.84,
    'high': 28.52,
    'low': 27.18,
    'open': 27.8,
    'symbol': 'MRNA',
    'timestamp': datetime.datetime(2025, 5, 5, 4, 0, tzinfo=TzInfo(UTC)),
    'trade_count': 79302.0,
    'volume': 7804296.0,
    'vwap': 27.929589}, {   'close': 24.43,
    'high': 27.37,
    'low': 24.16,
    'open': 27.37,
    'symbol': 'MRNA',
    'timestamp': datetime.datetime(2025, 5, 6, 4, 0, tzinfo=TzInfo(UTC)),
    'trade_count': 218147.0,
    'volume': 23279594.0,
    'vwap': 25.199668}, {   'close': 24.06,
    'high': 24.92,
    'low': 23.7,
    'open': 24.6,
    'symbol': 'MRNA',
    'timestamp': datetime.datetime(2025, 5, 7, 4, 0, tzinfo=TzInfo(UTC)),
    'trade_count': 99227.0,
    'volume': 10810622.0,
    'vwap': 24.12205}, {   'close': 24.38,
    'high': 24.98,
    'low': 23.95,
    'open': 24.33,
    'symbol': 'MRNA',
    'timestamp': datetime.datetime(2025, 5, 8, 4, 0, tzinfo=TzInfo(UTC)),
    'trade_count': 99952.0,
    'volume': 9680327.0,
    'vwap': 24.463961}, {   'close': 24.25,
    'high': 25.32,
    'low': 24.22,
    'open': 24.68,
    'symbol': 'MRNA',
    'timestamp': datetime.datetime(2025, 5, 9, 4, 0, tzinfo=TzInfo(UTC)),
    'trade_count': 76497.0,
    'volume': 7129182.0,
    'vwap': 24.707818}, {   'close': 25.7,
    'high': 26.18,
    'low': 24.86,
    'open': 24.86,
    'symbol': 'MRNA',
    'timestamp': datetime.datetime(2025, 5, 12, 4, 0, tzinfo=TzInfo(UTC)),
    'trade_count': 128608.0,
    'volume': 12541187.0,
    'vwap': 25.576455}, {   'close': 25.49,
    'high': 25.88,
    'low': 25.0798,
    'open': 25.6,
    'symbol': 'MRNA',
    'timestamp': datetime.datetime(2025, 5, 13, 4, 0, tzinfo=TzInfo(UTC)),
    'trade_count': 87699.0,
    'volume': 8381384.0,
    'vwap': 25.484535}, {   'close': 24.02,
    'high': 25.58,
    'low': 23.95,
    'open': 25.54,
    'symbol': 'MRNA',
    'timestamp': datetime.datetime(2025, 5, 14, 4, 0, tzinfo=TzInfo(UTC)),
    'trade_count': 111208.0,
    'volume': 12814878.0,
    'vwap': 24.392827}, {   'close': 23.65,
    'high': 24.31,
    'low': 23.155,
    'open': 24.3,
    'symbol': 'MRNA',
    'timestamp': datetime.datetime(2025, 5, 15, 4, 0, tzinfo=TzInfo(UTC)),
    'trade_count': 138127.0,
    'volume': 14890125.0,
    'vwap': 23.58019}, {   'close': 24.86,
    'high': 25.44,
    'low': 23.67,
    'open': 23.87,
    'symbol': 'MRNA',
    'timestamp': datetime.datetime(2025, 5, 16, 4, 0, tzinfo=TzInfo(UTC)),
    'trade_count': 137974.0,
    'volume': 14874031.0,
    'vwap': 24.766027}, {   'close': 26.39,
    'high': 26.9243,
    'low': 25.101,
    'open': 25.27,
    'symbol': 'MRNA',
    'timestamp': datetime.datetime(2025, 5, 19, 4, 0, tzinfo=TzInfo(UTC)),
    'trade_count': 153488.0,
    'volume': 16136391.0,
    'vwap': 26.246353}, {   'close': 27.99,
    'high': 30.3,
    'low': 26.47,
    'open': 26.82,
    'symbol': 'MRNA',
    'timestamp': datetime.datetime(2025, 5, 20, 4, 0, tzinfo=TzInfo(UTC)),
    'trade_count': 310936.0,
    'volume': 37154690.0,
    'vwap': 28.291376}, {   'close': 25.8,
    'high': 28.0668,
    'low': 25.64,
    'open': 27.9,
    'symbol': 'MRNA',
    'timestamp': datetime.datetime(2025, 5, 21, 4, 0, tzinfo=TzInfo(UTC)),
    'trade_count': 163671.0,
    'volume': 17822591.0,
    'vwap': 26.38663}, {   'close': 26.72,
    'high': 26.89,
    'low': 25.22,
    'open': 25.5,
    'symbol': 'MRNA',
    'timestamp': datetime.datetime(2025, 5, 22, 4, 0, tzinfo=TzInfo(UTC)),
    'trade_count': 114844.0,
    'volume': 11296901.0,
    'vwap': 26.247138}, {   'close': 26.26,
    'high': 26.4899,
    'low': 25.55,
    'open': 26.15,
    'symbol': 'MRNA',
    'timestamp': datetime.datetime(2025, 5, 23, 4, 0, tzinfo=TzInfo(UTC)),
    'trade_count': 84690.0,
    'volume': 8258832.0,
    'vwap': 25.997159}, {   'close': 26.76,
    'high': 27.85,
    'low': 26.2,
    'open': 26.79,
    'symbol': 'MRNA',
    'timestamp': datetime.datetime(2025, 5, 27, 4, 0, tzinfo=TzInfo(UTC)),
    'trade_count': 133029.0,
    'volume': 14604949.0,
    'vwap': 27.024826}, {   'close': 26.05,
    'high': 26.77,
    'low': 25.86,
    'open': 26.77,
    'symbol': 'MRNA',
    'timestamp': datetime.datetime(2025, 5, 28, 4, 0, tzinfo=TzInfo(UTC)),
    'trade_count': 79147.0,
    'volume': 8114223.0,
    'vwap': 26.257922}, {   'close': 26.93,
    'high': 27.15,
    'low': 25.76,
    'open': 26.285,
    'symbol': 'MRNA',
    'timestamp': datetime.datetime(2025, 5, 29, 4, 0, tzinfo=TzInfo(UTC)),
    'trade_count': 95113.0,
    'volume': 10126462.0,
    'vwap': 26.738993}, {   'close': 26.56,
    'high': 26.81,
    'low': 25.6,
    'open': 26.345,
    'symbol': 'MRNA',
    'timestamp': datetime.datetime(2025, 5, 30, 4, 0, tzinfo=TzInfo(UTC)),
    'trade_count': 116592.0,
    'volume': 30676244.0,
    'vwap': 26.43657}, {   'close': 27.05,
    'high': 27.43,
    'low': 26.42,
    'open': 26.92,
    'symbol': 'MRNA',
    'timestamp': datetime.datetime(2025, 6, 2, 4, 0, tzinfo=TzInfo(UTC)),
    'trade_count': 119623.0,
    'volume': 12909092.0,
    'vwap': 26.947598}, {   'close': 27.81,
    'high': 28.57,
    'low': 26.28,
    'open': 26.91,
    'symbol': 'MRNA',
    'timestamp': datetime.datetime(2025, 6, 3, 4, 0, tzinfo=TzInfo(UTC)),
    'trade_count': 125677.0,
    'volume': 13439893.0,
    'vwap': 27.721901}, {   'close': 27.27,
    'high': 28.24,
    'low': 27.04,
    'open': 28.17,
    'symbol': 'MRNA',
    'timestamp': datetime.datetime(2025, 6, 4, 4, 0, tzinfo=TzInfo(UTC)),
    'trade_count': 78714.0,
    'volume': 7741689.0,
    'vwap': 27.504822}, {   'close': 26.12,
    'high': 27.16,
    'low': 25.82,
    'open': 27.14,
    'symbol': 'MRNA',
    'timestamp': datetime.datetime(2025, 6, 5, 4, 0, tzinfo=TzInfo(UTC)),
    'trade_count': 93427.0,
    'volume': 9868694.0,
    'vwap': 26.401829}, {   'close': 27.46,
    'high': 27.55,
    'low': 26.12,
    'open': 26.21,
    'symbol': 'MRNA',
    'timestamp': datetime.datetime(2025, 6, 6, 4, 0, tzinfo=TzInfo(UTC)),
    'trade_count': 88151.0,
    'volume': 8525843.0,
    'vwap': 27.151383}, {   'close': 28.14,
    'high': 29.19,
    'low': 27.6531,
    'open': 27.77,
    'symbol': 'MRNA',
    'timestamp': datetime.datetime(2025, 6, 9, 4, 0, tzinfo=TzInfo(UTC)),
    'trade_count': 96114.0,
    'volume': 9387573.0,
    'vwap': 28.364034}, {   'close': 27.68,
    'high': 28.23,
    'low': 27.32,
    'open': 27.86,
    'symbol': 'MRNA',
    'timestamp': datetime.datetime(2025, 6, 10, 4, 0, tzinfo=TzInfo(UTC)),
    'trade_count': 88977.0,
    'volume': 7888861.0,
    'vwap': 27.73258}, {   'close': 27.75,
    'high': 28.72,
    'low': 27.62,
    'open': 28.0,
    'symbol': 'MRNA',
    'timestamp': datetime.datetime(2025, 6, 11, 4, 0, tzinfo=TzInfo(UTC)),
    'trade_count': 93356.0,
    'volume': 9232411.0,
    'vwap': 28.096681}, {   'close': 27.35,
    'high': 27.925,
    'low': 26.81,
    'open': 27.29,
    'symbol': 'MRNA',
    'timestamp': datetime.datetime(2025, 6, 12, 4, 0, tzinfo=TzInfo(UTC)),
    'trade_count': 89834.0,
    'volume': 8326399.0,
    'vwap': 27.308274}, {   'close': 26.67,
    'high': 27.35,
    'low': 26.31,
    'open': 26.57,
    'symbol': 'MRNA',
    'timestamp': datetime.datetime(2025, 6, 13, 4, 0, tzinfo=TzInfo(UTC)),
    'trade_count': 83598.0,
    'volume': 7180263.0,
    'vwap': 26.723727}]}
2025-06-15 20:49:37,501 - data_provider - DEBUG - Looking for symbol MRNA in data
2025-06-15 20:49:37,501 - data_provider - DEBUG - Dict access result for MRNA: Found
2025-06-15 20:49:37,609 - trading_engine - INFO - Calculated target price for MRNA based on RSI: $32.50
2025-06-15 20:49:37,664 - data_provider - DEBUG - API response type: <class 'alpaca.data.models.bars.BarSet'>
2025-06-15 20:49:37,666 - data_provider - DEBUG - API response dir: ['__abstractmethods__', '__annotations__', '__class__', '__class_getitem__', '__class_vars__', '__copy__', '__deepcopy__', '__delattr__', '__dict__', '__dir__', '__doc__', '__eq__', '__fields__', '__fields_set__', '__firstlineno__', '__format__', '__ge__', '__get_pydantic_core_schema__', '__get_pydantic_json_schema__', '__getattr__', '__getattribute__', '__getitem__', '__getstate__', '__gt__', '__hash__', '__init__', '__init_subclass__', '__iter__', '__le__', '__lt__', '__module__', '__ne__', '__new__', '__pretty__', '__private_attributes__', '__pydantic_complete__', '__pydantic_computed_fields__', '__pydantic_core_schema__', '__pydantic_custom_init__', '__pydantic_decorators__', '__pydantic_extra__', '__pydantic_fields__', '__pydantic_fields_set__', '__pydantic_generic_metadata__', '__pydantic_init_subclass__', '__pydantic_parent_namespace__', '__pydantic_post_init__', '__pydantic_private__', '__pydantic_root_model__', '__pydantic_serializer__', '__pydantic_setattr_handlers__', '__pydantic_validator__', '__reduce__', '__reduce_ex__', '__replace__', '__repr__', '__repr_args__', '__repr_name__', '__repr_recursion__', '__repr_str__', '__rich_repr__', '__setattr__', '__setstate__', '__signature__', '__sizeof__', '__slots__', '__static_attributes__', '__str__', '__subclasshook__', '__weakref__', '_abc_impl', '_calculate_keys', '_copy_and_set_values', '_get_value', '_iter', '_setattr_handler', 'construct', 'copy', 'data', 'df', 'dict', 'from_orm', 'json', 'model_computed_fields', 'model_config', 'model_construct', 'model_copy', 'model_dump', 'model_dump_json', 'model_extra', 'model_fields', 'model_fields_set', 'model_json_schema', 'model_parametrized_name', 'model_post_init', 'model_rebuild', 'model_validate', 'model_validate_json', 'model_validate_strings', 'parse_file', 'parse_obj', 'parse_raw', 'schema', 'schema_json', 'update_forward_refs', 'validate']
2025-06-15 20:49:37,666 - data_provider - DEBUG - Raw API response for symbol MRNA: data={}
2025-06-15 20:49:37,666 - data_provider - DEBUG - Using object response, data type: <class 'dict'>
2025-06-15 20:49:37,666 - data_provider - DEBUG - No data found for symbol MRNA
2025-06-15 20:49:37,770 - trading_engine - INFO - 🔍 DRY RUN: Would update stop loss for MRNA to $26.54 and take profit to $32.13
2025-06-15 20:49:37,826 - data_provider - DEBUG - API response type: <class 'alpaca.data.models.bars.BarSet'>
2025-06-15 20:49:37,827 - data_provider - DEBUG - API response dir: ['__abstractmethods__', '__annotations__', '__class__', '__class_getitem__', '__class_vars__', '__copy__', '__deepcopy__', '__delattr__', '__dict__', '__dir__', '__doc__', '__eq__', '__fields__', '__fields_set__', '__firstlineno__', '__format__', '__ge__', '__get_pydantic_core_schema__', '__get_pydantic_json_schema__', '__getattr__', '__getattribute__', '__getitem__', '__getstate__', '__gt__', '__hash__', '__init__', '__init_subclass__', '__iter__', '__le__', '__lt__', '__module__', '__ne__', '__new__', '__pretty__', '__private_attributes__', '__pydantic_complete__', '__pydantic_computed_fields__', '__pydantic_core_schema__', '__pydantic_custom_init__', '__pydantic_decorators__', '__pydantic_extra__', '__pydantic_fields__', '__pydantic_fields_set__', '__pydantic_generic_metadata__', '__pydantic_init_subclass__', '__pydantic_parent_namespace__', '__pydantic_post_init__', '__pydantic_private__', '__pydantic_root_model__', '__pydantic_serializer__', '__pydantic_setattr_handlers__', '__pydantic_validator__', '__reduce__', '__reduce_ex__', '__replace__', '__repr__', '__repr_args__', '__repr_name__', '__repr_recursion__', '__repr_str__', '__rich_repr__', '__setattr__', '__setstate__', '__signature__', '__sizeof__', '__slots__', '__static_attributes__', '__str__', '__subclasshook__', '__weakref__', '_abc_impl', '_calculate_keys', '_copy_and_set_values', '_get_value', '_iter', '_setattr_handler', 'construct', 'copy', 'data', 'df', 'dict', 'from_orm', 'json', 'model_computed_fields', 'model_config', 'model_construct', 'model_copy', 'model_dump', 'model_dump_json', 'model_extra', 'model_fields', 'model_fields_set', 'model_json_schema', 'model_parametrized_name', 'model_post_init', 'model_rebuild', 'model_validate', 'model_validate_json', 'model_validate_strings', 'parse_file', 'parse_obj', 'parse_raw', 'schema', 'schema_json', 'update_forward_refs', 'validate']
2025-06-15 20:49:37,827 - data_provider - DEBUG - Raw API response for symbol ORLY: data={'ORLY': [{   'close': 1387.14,
    'high': 1404.21,
    'low': 1385.04,
    'open': 1400.76,
    'symbol': 'ORLY',
    'timestamp': datetime.datetime(2025, 5, 5, 4, 0, tzinfo=TzInfo(UTC)),
    'trade_count': 18689.0,
    'volume': 335576.0,
    'vwap': 1390.28333}, {   'close': 1386.64,
    'high': 1392.08,
    'low': 1379.93,
    'open': 1385.05,
    'symbol': 'ORLY',
    'timestamp': datetime.datetime(2025, 5, 6, 4, 0, tzinfo=TzInfo(UTC)),
    'trade_count': 16374.0,
    'volume': 378690.0,
    'vwap': 1386.363293}, {   'close': 1378.09,
    'high': 1395.82,
    'low': 1374.555,
    'open': 1386.27,
    'symbol': 'ORLY',
    'timestamp': datetime.datetime(2025, 5, 7, 4, 0, tzinfo=TzInfo(UTC)),
    'trade_count': 19397.0,
    'volume': 338377.0,
    'vwap': 1380.643683}, {   'close': 1360.15,
    'high': 1385.48,
    'low': 1358.205,
    'open': 1380.0,
    'symbol': 'ORLY',
    'timestamp': datetime.datetime(2025, 5, 8, 4, 0, tzinfo=TzInfo(UTC)),
    'trade_count': 22305.0,
    'volume': 297472.0,
    'vwap': 1364.835745}, {   'close': 1359.34,
    'high': 1365.02,
    'low': 1347.6,
    'open': 1360.215,
    'symbol': 'ORLY',
    'timestamp': datetime.datetime(2025, 5, 9, 4, 0, tzinfo=TzInfo(UTC)),
    'trade_count': 18738.0,
    'volume': 271962.0,
    'vwap': 1357.482788}, {   'close': 1339.61,
    'high': 1373.48,
    'low': 1308.41,
    'open': 1373.48,
    'symbol': 'ORLY',
    'timestamp': datetime.datetime(2025, 5, 12, 4, 0, tzinfo=TzInfo(UTC)),
    'trade_count': 35475.0,
    'volume': 573782.0,
    'vwap': 1334.526712}, {   'close': 1320.8,
    'high': 1344.77,
    'low': 1315.41,
    'open': 1343.72,
    'symbol': 'ORLY',
    'timestamp': datetime.datetime(2025, 5, 13, 4, 0, tzinfo=TzInfo(UTC)),
    'trade_count': 32876.0,
    'volume': 695784.0,
    'vwap': 1324.586226}, {   'close': 1325.73,
    'high': 1331.63,
    'low': 1312.0,
    'open': 1312.0,
    'symbol': 'ORLY',
    'timestamp': datetime.datetime(2025, 5, 14, 4, 0, tzinfo=TzInfo(UTC)),
    'trade_count': 25756.0,
    'volume': 423263.0,
    'vwap': 1324.789196}, {   'close': 1370.13,
    'high': 1370.13,
    'low': 1328.85,
    'open': 1328.85,
    'symbol': 'ORLY',
    'timestamp': datetime.datetime(2025, 5, 15, 4, 0, tzinfo=TzInfo(UTC)),
    'trade_count': 25729.0,
    'volume': 446625.0,
    'vwap': 1362.545024}, {   'close': 1381.66,
    'high': 1382.44,
    'low': 1365.04,
    'open': 1373.18,
    'symbol': 'ORLY',
    'timestamp': datetime.datetime(2025, 5, 16, 4, 0, tzinfo=TzInfo(UTC)),
    'trade_count': 20608.0,
    'volume': 322490.0,
    'vwap': 1378.266975}, {   'close': 1393.9,
    'high': 1396.7899,
    'low': 1378.78,
    'open': 1379.0,
    'symbol': 'ORLY',
    'timestamp': datetime.datetime(2025, 5, 19, 4, 0, tzinfo=TzInfo(UTC)),
    'trade_count': 21527.0,
    'volume': 310212.0,
    'vwap': 1392.398074}, {   'close': 1386.22,
    'high': 1398.58,
    'low': 1384.7,
    'open': 1384.99,
    'symbol': 'ORLY',
    'timestamp': datetime.datetime(2025, 5, 20, 4, 0, tzinfo=TzInfo(UTC)),
    'trade_count': 18657.0,
    'volume': 254001.0,
    'vwap': 1387.930174}, {   'close': 1370.49,
    'high': 1389.22,
    'low': 1364.87,
    'open': 1375.6,
    'symbol': 'ORLY',
    'timestamp': datetime.datetime(2025, 5, 21, 4, 0, tzinfo=TzInfo(UTC)),
    'trade_count': 18022.0,
    'volume': 240109.0,
    'vwap': 1371.256901}, {   'close': 1364.79,
    'high': 1382.65,
    'low': 1356.49,
    'open': 1379.49,
    'symbol': 'ORLY',
    'timestamp': datetime.datetime(2025, 5, 22, 4, 0, tzinfo=TzInfo(UTC)),
    'trade_count': 19786.0,
    'volume': 305583.0,
    'vwap': 1365.833245}, {   'close': 1374.37,
    'high': 1381.56,
    'low': 1358.62,
    'open': 1360.87,
    'symbol': 'ORLY',
    'timestamp': datetime.datetime(2025, 5, 23, 4, 0, tzinfo=TzInfo(UTC)),
    'trade_count': 19507.0,
    'volume': 287391.0,
    'vwap': 1373.588743}, {   'close': 1361.38,
    'high': 1389.09,
    'low': 1356.02,
    'open': 1375.0,
    'symbol': 'ORLY',
    'timestamp': datetime.datetime(2025, 5, 27, 4, 0, tzinfo=TzInfo(UTC)),
    'trade_count': 28278.0,
    'volume': 438046.0,
    'vwap': 1364.236823}, {   'close': 1357.56,
    'high': 1373.78,
    'low': 1356.4,
    'open': 1361.0,
    'symbol': 'ORLY',
    'timestamp': datetime.datetime(2025, 5, 28, 4, 0, tzinfo=TzInfo(UTC)),
    'trade_count': 19961.0,
    'volume': 291486.0,
    'vwap': 1360.526678}, {   'close': 1352.06,
    'high': 1360.73,
    'low': 1343.975,
    'open': 1356.18,
    'symbol': 'ORLY',
    'timestamp': datetime.datetime(2025, 5, 29, 4, 0, tzinfo=TzInfo(UTC)),
    'trade_count': 20880.0,
    'volume': 300209.0,
    'vwap': 1351.741217}, {   'close': 1367.5,
    'high': 1372.935,
    'low': 1352.905,
    'open': 1355.16,
    'symbol': 'ORLY',
    'timestamp': datetime.datetime(2025, 5, 30, 4, 0, tzinfo=TzInfo(UTC)),
    'trade_count': 23409.0,
    'volume': 719290.0,
    'vwap': 1366.800906}, {   'close': 1370.68,
    'high': 1373.5099,
    'low': 1351.75,
    'open': 1357.15,
    'symbol': 'ORLY',
    'timestamp': datetime.datetime(2025, 6, 2, 4, 0, tzinfo=TzInfo(UTC)),
    'trade_count': 24449.0,
    'volume': 584266.0,
    'vwap': 1367.180906}, {   'close': 1372.07,
    'high': 1378.09,
    'low': 1352.5,
    'open': 1364.5,
    'symbol': 'ORLY',
    'timestamp': datetime.datetime(2025, 6, 3, 4, 0, tzinfo=TzInfo(UTC)),
    'trade_count': 22089.0,
    'volume': 464085.0,
    'vwap': 1368.352448}, {   'close': 1366.59,
    'high': 1378.5761,
    'low': 1347.51,
    'open': 1372.07,
    'symbol': 'ORLY',
    'timestamp': datetime.datetime(2025, 6, 4, 4, 0, tzinfo=TzInfo(UTC)),
    'trade_count': 20597.0,
    'volume': 306301.0,
    'vwap': 1366.956909}, {   'close': 1371.8,
    'high': 1375.06,
    'low': 1358.86,
    'open': 1362.94,
    'symbol': 'ORLY',
    'timestamp': datetime.datetime(2025, 6, 5, 4, 0, tzinfo=TzInfo(UTC)),
    'trade_count': 19838.0,
    'volume': 266024.0,
    'vwap': 1369.028496}, {   'close': 1377.72,
    'high': 1394.41,
    'low': 1367.375,
    'open': 1378.78,
    'symbol': 'ORLY',
    'timestamp': datetime.datetime(2025, 6, 6, 4, 0, tzinfo=TzInfo(UTC)),
    'trade_count': 22045.0,
    'volume': 333777.0,
    'vwap': 1381.28934}, {   'close': 1348.1,
    'high': 1376.215,
    'low': 1332.3,
    'open': 1375.0,
    'symbol': 'ORLY',
    'timestamp': datetime.datetime(2025, 6, 9, 4, 0, tzinfo=TzInfo(UTC)),
    'trade_count': 27503.0,
    'volume': 372411.0,
    'vwap': 1347.926744}, {   'close': 91.71,
    'high': 92.12,
    'low': 89.61,
    'open': 90.0,
    'symbol': 'ORLY',
    'timestamp': datetime.datetime(2025, 6, 10, 4, 0, tzinfo=TzInfo(UTC)),
    'trade_count': 104835.0,
    'volume': 5204007.0,
    'vwap': 91.259447}, {   'close': 90.01,
    'high': 91.8716,
    'low': 89.53,
    'open': 91.71,
    'symbol': 'ORLY',
    'timestamp': datetime.datetime(2025, 6, 11, 4, 0, tzinfo=TzInfo(UTC)),
    'trade_count': 92610.0,
    'volume': 5804062.0,
    'vwap': 90.231769}, {   'close': 91.05,
    'high': 91.34,
    'low': 90.0,
    'open': 90.05,
    'symbol': 'ORLY',
    'timestamp': datetime.datetime(2025, 6, 12, 4, 0, tzinfo=TzInfo(UTC)),
    'trade_count': 65598.0,
    'volume': 4604028.0,
    'vwap': 90.75299}, {   'close': 89.91,
    'high': 91.64,
    'low': 89.4,
    'open': 90.695,
    'symbol': 'ORLY',
    'timestamp': datetime.datetime(2025, 6, 13, 4, 0, tzinfo=TzInfo(UTC)),
    'trade_count': 68303.0,
    'volume': 4020387.0,
    'vwap': 90.186484}]}
2025-06-15 20:49:37,832 - data_provider - DEBUG - Using object response, data type: <class 'dict'>
2025-06-15 20:49:37,832 - data_provider - DEBUG - Data dir: ['__class__', '__class_getitem__', '__contains__', '__delattr__', '__delitem__', '__dir__', '__doc__', '__eq__', '__format__', '__ge__', '__getattribute__', '__getitem__', '__getstate__', '__gt__', '__hash__', '__init__', '__init_subclass__', '__ior__', '__iter__', '__le__', '__len__', '__lt__', '__ne__', '__new__', '__or__', '__reduce__', '__reduce_ex__', '__repr__', '__reversed__', '__ror__', '__setattr__', '__setitem__', '__sizeof__', '__str__', '__subclasshook__', 'clear', 'copy', 'fromkeys', 'get', 'items', 'keys', 'pop', 'popitem', 'setdefault', 'update', 'values']
2025-06-15 20:49:37,832 - data_provider - DEBUG - Data content for symbol ORLY: {'ORLY': [{   'close': 1387.14,
    'high': 1404.21,
    'low': 1385.04,
    'open': 1400.76,
    'symbol': 'ORLY',
    'timestamp': datetime.datetime(2025, 5, 5, 4, 0, tzinfo=TzInfo(UTC)),
    'trade_count': 18689.0,
    'volume': 335576.0,
    'vwap': 1390.28333}, {   'close': 1386.64,
    'high': 1392.08,
    'low': 1379.93,
    'open': 1385.05,
    'symbol': 'ORLY',
    'timestamp': datetime.datetime(2025, 5, 6, 4, 0, tzinfo=TzInfo(UTC)),
    'trade_count': 16374.0,
    'volume': 378690.0,
    'vwap': 1386.363293}, {   'close': 1378.09,
    'high': 1395.82,
    'low': 1374.555,
    'open': 1386.27,
    'symbol': 'ORLY',
    'timestamp': datetime.datetime(2025, 5, 7, 4, 0, tzinfo=TzInfo(UTC)),
    'trade_count': 19397.0,
    'volume': 338377.0,
    'vwap': 1380.643683}, {   'close': 1360.15,
    'high': 1385.48,
    'low': 1358.205,
    'open': 1380.0,
    'symbol': 'ORLY',
    'timestamp': datetime.datetime(2025, 5, 8, 4, 0, tzinfo=TzInfo(UTC)),
    'trade_count': 22305.0,
    'volume': 297472.0,
    'vwap': 1364.835745}, {   'close': 1359.34,
    'high': 1365.02,
    'low': 1347.6,
    'open': 1360.215,
    'symbol': 'ORLY',
    'timestamp': datetime.datetime(2025, 5, 9, 4, 0, tzinfo=TzInfo(UTC)),
    'trade_count': 18738.0,
    'volume': 271962.0,
    'vwap': 1357.482788}, {   'close': 1339.61,
    'high': 1373.48,
    'low': 1308.41,
    'open': 1373.48,
    'symbol': 'ORLY',
    'timestamp': datetime.datetime(2025, 5, 12, 4, 0, tzinfo=TzInfo(UTC)),
    'trade_count': 35475.0,
    'volume': 573782.0,
    'vwap': 1334.526712}, {   'close': 1320.8,
    'high': 1344.77,
    'low': 1315.41,
    'open': 1343.72,
    'symbol': 'ORLY',
    'timestamp': datetime.datetime(2025, 5, 13, 4, 0, tzinfo=TzInfo(UTC)),
    'trade_count': 32876.0,
    'volume': 695784.0,
    'vwap': 1324.586226}, {   'close': 1325.73,
    'high': 1331.63,
    'low': 1312.0,
    'open': 1312.0,
    'symbol': 'ORLY',
    'timestamp': datetime.datetime(2025, 5, 14, 4, 0, tzinfo=TzInfo(UTC)),
    'trade_count': 25756.0,
    'volume': 423263.0,
    'vwap': 1324.789196}, {   'close': 1370.13,
    'high': 1370.13,
    'low': 1328.85,
    'open': 1328.85,
    'symbol': 'ORLY',
    'timestamp': datetime.datetime(2025, 5, 15, 4, 0, tzinfo=TzInfo(UTC)),
    'trade_count': 25729.0,
    'volume': 446625.0,
    'vwap': 1362.545024}, {   'close': 1381.66,
    'high': 1382.44,
    'low': 1365.04,
    'open': 1373.18,
    'symbol': 'ORLY',
    'timestamp': datetime.datetime(2025, 5, 16, 4, 0, tzinfo=TzInfo(UTC)),
    'trade_count': 20608.0,
    'volume': 322490.0,
    'vwap': 1378.266975}, {   'close': 1393.9,
    'high': 1396.7899,
    'low': 1378.78,
    'open': 1379.0,
    'symbol': 'ORLY',
    'timestamp': datetime.datetime(2025, 5, 19, 4, 0, tzinfo=TzInfo(UTC)),
    'trade_count': 21527.0,
    'volume': 310212.0,
    'vwap': 1392.398074}, {   'close': 1386.22,
    'high': 1398.58,
    'low': 1384.7,
    'open': 1384.99,
    'symbol': 'ORLY',
    'timestamp': datetime.datetime(2025, 5, 20, 4, 0, tzinfo=TzInfo(UTC)),
    'trade_count': 18657.0,
    'volume': 254001.0,
    'vwap': 1387.930174}, {   'close': 1370.49,
    'high': 1389.22,
    'low': 1364.87,
    'open': 1375.6,
    'symbol': 'ORLY',
    'timestamp': datetime.datetime(2025, 5, 21, 4, 0, tzinfo=TzInfo(UTC)),
    'trade_count': 18022.0,
    'volume': 240109.0,
    'vwap': 1371.256901}, {   'close': 1364.79,
    'high': 1382.65,
    'low': 1356.49,
    'open': 1379.49,
    'symbol': 'ORLY',
    'timestamp': datetime.datetime(2025, 5, 22, 4, 0, tzinfo=TzInfo(UTC)),
    'trade_count': 19786.0,
    'volume': 305583.0,
    'vwap': 1365.833245}, {   'close': 1374.37,
    'high': 1381.56,
    'low': 1358.62,
    'open': 1360.87,
    'symbol': 'ORLY',
    'timestamp': datetime.datetime(2025, 5, 23, 4, 0, tzinfo=TzInfo(UTC)),
    'trade_count': 19507.0,
    'volume': 287391.0,
    'vwap': 1373.588743}, {   'close': 1361.38,
    'high': 1389.09,
    'low': 1356.02,
    'open': 1375.0,
    'symbol': 'ORLY',
    'timestamp': datetime.datetime(2025, 5, 27, 4, 0, tzinfo=TzInfo(UTC)),
    'trade_count': 28278.0,
    'volume': 438046.0,
    'vwap': 1364.236823}, {   'close': 1357.56,
    'high': 1373.78,
    'low': 1356.4,
    'open': 1361.0,
    'symbol': 'ORLY',
    'timestamp': datetime.datetime(2025, 5, 28, 4, 0, tzinfo=TzInfo(UTC)),
    'trade_count': 19961.0,
    'volume': 291486.0,
    'vwap': 1360.526678}, {   'close': 1352.06,
    'high': 1360.73,
    'low': 1343.975,
    'open': 1356.18,
    'symbol': 'ORLY',
    'timestamp': datetime.datetime(2025, 5, 29, 4, 0, tzinfo=TzInfo(UTC)),
    'trade_count': 20880.0,
    'volume': 300209.0,
    'vwap': 1351.741217}, {   'close': 1367.5,
    'high': 1372.935,
    'low': 1352.905,
    'open': 1355.16,
    'symbol': 'ORLY',
    'timestamp': datetime.datetime(2025, 5, 30, 4, 0, tzinfo=TzInfo(UTC)),
    'trade_count': 23409.0,
    'volume': 719290.0,
    'vwap': 1366.800906}, {   'close': 1370.68,
    'high': 1373.5099,
    'low': 1351.75,
    'open': 1357.15,
    'symbol': 'ORLY',
    'timestamp': datetime.datetime(2025, 6, 2, 4, 0, tzinfo=TzInfo(UTC)),
    'trade_count': 24449.0,
    'volume': 584266.0,
    'vwap': 1367.180906}, {   'close': 1372.07,
    'high': 1378.09,
    'low': 1352.5,
    'open': 1364.5,
    'symbol': 'ORLY',
    'timestamp': datetime.datetime(2025, 6, 3, 4, 0, tzinfo=TzInfo(UTC)),
    'trade_count': 22089.0,
    'volume': 464085.0,
    'vwap': 1368.352448}, {   'close': 1366.59,
    'high': 1378.5761,
    'low': 1347.51,
    'open': 1372.07,
    'symbol': 'ORLY',
    'timestamp': datetime.datetime(2025, 6, 4, 4, 0, tzinfo=TzInfo(UTC)),
    'trade_count': 20597.0,
    'volume': 306301.0,
    'vwap': 1366.956909}, {   'close': 1371.8,
    'high': 1375.06,
    'low': 1358.86,
    'open': 1362.94,
    'symbol': 'ORLY',
    'timestamp': datetime.datetime(2025, 6, 5, 4, 0, tzinfo=TzInfo(UTC)),
    'trade_count': 19838.0,
    'volume': 266024.0,
    'vwap': 1369.028496}, {   'close': 1377.72,
    'high': 1394.41,
    'low': 1367.375,
    'open': 1378.78,
    'symbol': 'ORLY',
    'timestamp': datetime.datetime(2025, 6, 6, 4, 0, tzinfo=TzInfo(UTC)),
    'trade_count': 22045.0,
    'volume': 333777.0,
    'vwap': 1381.28934}, {   'close': 1348.1,
    'high': 1376.215,
    'low': 1332.3,
    'open': 1375.0,
    'symbol': 'ORLY',
    'timestamp': datetime.datetime(2025, 6, 9, 4, 0, tzinfo=TzInfo(UTC)),
    'trade_count': 27503.0,
    'volume': 372411.0,
    'vwap': 1347.926744}, {   'close': 91.71,
    'high': 92.12,
    'low': 89.61,
    'open': 90.0,
    'symbol': 'ORLY',
    'timestamp': datetime.datetime(2025, 6, 10, 4, 0, tzinfo=TzInfo(UTC)),
    'trade_count': 104835.0,
    'volume': 5204007.0,
    'vwap': 91.259447}, {   'close': 90.01,
    'high': 91.8716,
    'low': 89.53,
    'open': 91.71,
    'symbol': 'ORLY',
    'timestamp': datetime.datetime(2025, 6, 11, 4, 0, tzinfo=TzInfo(UTC)),
    'trade_count': 92610.0,
    'volume': 5804062.0,
    'vwap': 90.231769}, {   'close': 91.05,
    'high': 91.34,
    'low': 90.0,
    'open': 90.05,
    'symbol': 'ORLY',
    'timestamp': datetime.datetime(2025, 6, 12, 4, 0, tzinfo=TzInfo(UTC)),
    'trade_count': 65598.0,
    'volume': 4604028.0,
    'vwap': 90.75299}, {   'close': 89.91,
    'high': 91.64,
    'low': 89.4,
    'open': 90.695,
    'symbol': 'ORLY',
    'timestamp': datetime.datetime(2025, 6, 13, 4, 0, tzinfo=TzInfo(UTC)),
    'trade_count': 68303.0,
    'volume': 4020387.0,
    'vwap': 90.186484}]}
2025-06-15 20:49:37,834 - data_provider - DEBUG - Looking for symbol ORLY in data
2025-06-15 20:49:37,834 - data_provider - DEBUG - Dict access result for ORLY: Found
2025-06-15 20:49:37,941 - trading_engine - INFO - Calculated target price for ORLY based on RSI: $134.87
2025-06-15 20:49:37,981 - data_provider - DEBUG - API response type: <class 'alpaca.data.models.bars.BarSet'>
2025-06-15 20:49:37,983 - data_provider - DEBUG - API response dir: ['__abstractmethods__', '__annotations__', '__class__', '__class_getitem__', '__class_vars__', '__copy__', '__deepcopy__', '__delattr__', '__dict__', '__dir__', '__doc__', '__eq__', '__fields__', '__fields_set__', '__firstlineno__', '__format__', '__ge__', '__get_pydantic_core_schema__', '__get_pydantic_json_schema__', '__getattr__', '__getattribute__', '__getitem__', '__getstate__', '__gt__', '__hash__', '__init__', '__init_subclass__', '__iter__', '__le__', '__lt__', '__module__', '__ne__', '__new__', '__pretty__', '__private_attributes__', '__pydantic_complete__', '__pydantic_computed_fields__', '__pydantic_core_schema__', '__pydantic_custom_init__', '__pydantic_decorators__', '__pydantic_extra__', '__pydantic_fields__', '__pydantic_fields_set__', '__pydantic_generic_metadata__', '__pydantic_init_subclass__', '__pydantic_parent_namespace__', '__pydantic_post_init__', '__pydantic_private__', '__pydantic_root_model__', '__pydantic_serializer__', '__pydantic_setattr_handlers__', '__pydantic_validator__', '__reduce__', '__reduce_ex__', '__replace__', '__repr__', '__repr_args__', '__repr_name__', '__repr_recursion__', '__repr_str__', '__rich_repr__', '__setattr__', '__setstate__', '__signature__', '__sizeof__', '__slots__', '__static_attributes__', '__str__', '__subclasshook__', '__weakref__', '_abc_impl', '_calculate_keys', '_copy_and_set_values', '_get_value', '_iter', '_setattr_handler', 'construct', 'copy', 'data', 'df', 'dict', 'from_orm', 'json', 'model_computed_fields', 'model_config', 'model_construct', 'model_copy', 'model_dump', 'model_dump_json', 'model_extra', 'model_fields', 'model_fields_set', 'model_json_schema', 'model_parametrized_name', 'model_post_init', 'model_rebuild', 'model_validate', 'model_validate_json', 'model_validate_strings', 'parse_file', 'parse_obj', 'parse_raw', 'schema', 'schema_json', 'update_forward_refs', 'validate']
2025-06-15 20:49:37,984 - data_provider - DEBUG - Raw API response for symbol ORLY: data={}
2025-06-15 20:49:37,984 - data_provider - DEBUG - Using object response, data type: <class 'dict'>
2025-06-15 20:49:37,984 - data_provider - DEBUG - No data found for symbol ORLY
2025-06-15 20:49:38,090 - trading_engine - INFO - 🔍 DRY RUN: Would update stop loss for ORLY to $86.78 and take profit to $105.05
2025-06-15 20:49:38,090 - trading_engine - INFO - Updated existing positions with new stop loss and take profit orders
2025-06-15 20:49:38,134 - data_provider - DEBUG - API response type: <class 'alpaca.data.models.bars.BarSet'>
2025-06-15 20:49:38,134 - data_provider - DEBUG - API response dir: ['__abstractmethods__', '__annotations__', '__class__', '__class_getitem__', '__class_vars__', '__copy__', '__deepcopy__', '__delattr__', '__dict__', '__dir__', '__doc__', '__eq__', '__fields__', '__fields_set__', '__firstlineno__', '__format__', '__ge__', '__get_pydantic_core_schema__', '__get_pydantic_json_schema__', '__getattr__', '__getattribute__', '__getitem__', '__getstate__', '__gt__', '__hash__', '__init__', '__init_subclass__', '__iter__', '__le__', '__lt__', '__module__', '__ne__', '__new__', '__pretty__', '__private_attributes__', '__pydantic_complete__', '__pydantic_computed_fields__', '__pydantic_core_schema__', '__pydantic_custom_init__', '__pydantic_decorators__', '__pydantic_extra__', '__pydantic_fields__', '__pydantic_fields_set__', '__pydantic_generic_metadata__', '__pydantic_init_subclass__', '__pydantic_parent_namespace__', '__pydantic_post_init__', '__pydantic_private__', '__pydantic_root_model__', '__pydantic_serializer__', '__pydantic_setattr_handlers__', '__pydantic_validator__', '__reduce__', '__reduce_ex__', '__replace__', '__repr__', '__repr_args__', '__repr_name__', '__repr_recursion__', '__repr_str__', '__rich_repr__', '__setattr__', '__setstate__', '__signature__', '__sizeof__', '__slots__', '__static_attributes__', '__str__', '__subclasshook__', '__weakref__', '_abc_impl', '_calculate_keys', '_copy_and_set_values', '_get_value', '_iter', '_setattr_handler', 'construct', 'copy', 'data', 'df', 'dict', 'from_orm', 'json', 'model_computed_fields', 'model_config', 'model_construct', 'model_copy', 'model_dump', 'model_dump_json', 'model_extra', 'model_fields', 'model_fields_set', 'model_json_schema', 'model_parametrized_name', 'model_post_init', 'model_rebuild', 'model_validate', 'model_validate_json', 'model_validate_strings', 'parse_file', 'parse_obj', 'parse_raw', 'schema', 'schema_json', 'update_forward_refs', 'validate']
2025-06-15 20:49:38,134 - data_provider - DEBUG - Raw API response for symbol QBTS: data={'QBTS': [{   'close': 10.42,
    'high': 10.89,
    'low': 7.71,
    'open': 8.67,
    'symbol': 'QBTS',
    'timestamp': datetime.datetime(2025, 5, 8, 4, 0, tzinfo=TzInfo(UTC)),
    'trade_count': 840295.0,
    'volume': 228913468.0,
    'vwap': 9.591196}, {   'close': 11.09,
    'high': 11.685,
    'low': 9.83,
    'open': 9.85,
    'symbol': 'QBTS',
    'timestamp': datetime.datetime(2025, 5, 9, 4, 0, tzinfo=TzInfo(UTC)),
    'trade_count': 680368.0,
    'volume': 161687752.0,
    'vwap': 10.968761}, {   'close': 10.72,
    'high': 11.84,
    'low': 10.6,
    'open': 11.79,
    'symbol': 'QBTS',
    'timestamp': datetime.datetime(2025, 5, 12, 4, 0, tzinfo=TzInfo(UTC)),
    'trade_count': 295542.0,
    'volume': 76561752.0,
    'vwap': 11.073823}, {   'close': 10.73,
    'high': 11.5442,
    'low': 10.36,
    'open': 11.03,
    'symbol': 'QBTS',
    'timestamp': datetime.datetime(2025, 5, 13, 4, 0, tzinfo=TzInfo(UTC)),
    'trade_count': 235013.0,
    'volume': 57341634.0,
    'vwap': 10.798232}, {   'close': 11.08,
    'high': 11.64,
    'low': 10.6,
    'open': 10.94,
    'symbol': 'QBTS',
    'timestamp': datetime.datetime(2025, 5, 14, 4, 0, tzinfo=TzInfo(UTC)),
    'trade_count': 306268.0,
    'volume': 84236511.0,
    'vwap': 11.054661}, {   'close': 11.03,
    'high': 12.49,
    'low': 10.6,
    'open': 11.0,
    'symbol': 'QBTS',
    'timestamp': datetime.datetime(2025, 5, 15, 4, 0, tzinfo=TzInfo(UTC)),
    'trade_count': 406003.0,
    'volume': 112938849.0,
    'vwap': 11.328931}, {   'close': 12.25,
    'high': 12.66,
    'low': 11.32,
    'open': 11.32,
    'symbol': 'QBTS',
    'timestamp': datetime.datetime(2025, 5, 16, 4, 0, tzinfo=TzInfo(UTC)),
    'trade_count': 380041.0,
    'volume': 112473755.0,
    'vwap': 12.05098}, {   'close': 13.15,
    'high': 13.44,
    'low': 11.89,
    'open': 12.52,
    'symbol': 'QBTS',
    'timestamp': datetime.datetime(2025, 5, 19, 4, 0, tzinfo=TzInfo(UTC)),
    'trade_count': 447396.0,
    'volume': 113476220.0,
    'vwap': 12.933657}, {   'close': 16.56,
    'high': 17.59,
    'low': 14.6,
    'open': 15.34,
    'symbol': 'QBTS',
    'timestamp': datetime.datetime(2025, 5, 20, 4, 0, tzinfo=TzInfo(UTC)),
    'trade_count': 1280934.0,
    'volume': 308820196.0,
    'vwap': 16.487649}, {   'close': 15.36,
    'high': 17.8,
    'low': 15.1,
    'open': 17.3,
    'symbol': 'QBTS',
    'timestamp': datetime.datetime(2025, 5, 21, 4, 0, tzinfo=TzInfo(UTC)),
    'trade_count': 942344.0,
    'volume': 224491879.0,
    'vwap': 16.391742}, {   'close': 19.04,
    'high': 19.52,
    'low': 15.08,
    'open': 15.38,
    'symbol': 'QBTS',
    'timestamp': datetime.datetime(2025, 5, 22, 4, 0, tzinfo=TzInfo(UTC)),
    'trade_count': 971227.0,
    'volume': 243312704.0,
    'vwap': 18.211861}, {   'close': 18.8,
    'high': 19.765,
    'low': 17.6,
    'open': 17.905,
    'symbol': 'QBTS',
    'timestamp': datetime.datetime(2025, 5, 23, 4, 0, tzinfo=TzInfo(UTC)),
    'trade_count': 614150.0,
    'volume': 148871852.0,
    'vwap': 18.910551}, {   'close': 17.55,
    'high': 19.43,
    'low': 16.92,
    'open': 19.28,
    'symbol': 'QBTS',
    'timestamp': datetime.datetime(2025, 5, 27, 4, 0, tzinfo=TzInfo(UTC)),
    'trade_count': 508990.0,
    'volume': 113782127.0,
    'vwap': 17.588371}, {   'close': 17.55,
    'high': 17.935,
    'low': 16.86,
    'open': 16.995,
    'symbol': 'QBTS',
    'timestamp': datetime.datetime(2025, 5, 28, 4, 0, tzinfo=TzInfo(UTC)),
    'trade_count': 235677.0,
    'volume': 62298394.0,
    'vwap': 17.450595}, {   'close': 16.27,
    'high': 18.03,
    'low': 16.21,
    'open': 17.59,
    'symbol': 'QBTS',
    'timestamp': datetime.datetime(2025, 5, 29, 4, 0, tzinfo=TzInfo(UTC)),
    'trade_count': 290240.0,
    'volume': 67362125.0,
    'vwap': 16.730802}, {   'close': 16.33,
    'high': 16.45,
    'low': 15.47,
    'open': 15.67,
    'symbol': 'QBTS',
    'timestamp': datetime.datetime(2025, 5, 30, 4, 0, tzinfo=TzInfo(UTC)),
    'trade_count': 272237.0,
    'volume': 68710521.0,
    'vwap': 16.094}, {   'close': 17.11,
    'high': 17.405,
    'low': 15.15,
    'open': 16.235,
    'symbol': 'QBTS',
    'timestamp': datetime.datetime(2025, 6, 2, 4, 0, tzinfo=TzInfo(UTC)),
    'trade_count': 266511.0,
    'volume': 64920408.0,
    'vwap': 16.471858}, {   'close': 17.68,
    'high': 17.7,
    'low': 16.68,
    'open': 17.295,
    'symbol': 'QBTS',
    'timestamp': datetime.datetime(2025, 6, 3, 4, 0, tzinfo=TzInfo(UTC)),
    'trade_count': 243724.0,
    'volume': 60196395.0,
    'vwap': 17.179106}, {   'close': 17.82,
    'high': 18.2,
    'low': 17.15,
    'open': 17.42,
    'symbol': 'QBTS',
    'timestamp': datetime.datetime(2025, 6, 4, 4, 0, tzinfo=TzInfo(UTC)),
    'trade_count': 223738.0,
    'volume': 56340383.0,
    'vwap': 17.700314}, {   'close': 16.47,
    'high': 17.6638,
    'low': 16.09,
    'open': 17.53,
    'symbol': 'QBTS',
    'timestamp': datetime.datetime(2025, 6, 5, 4, 0, tzinfo=TzInfo(UTC)),
    'trade_count': 262697.0,
    'volume': 66175450.0,
    'vwap': 16.798654}, {   'close': 18.62,
    'high': 18.79,
    'low': 16.26,
    'open': 16.61,
    'symbol': 'QBTS',
    'timestamp': datetime.datetime(2025, 6, 6, 4, 0, tzinfo=TzInfo(UTC)),
    'trade_count': 322034.0,
    'volume': 82618030.0,
    'vwap': 18.137419}, {   'close': 17.95,
    'high': 18.91,
    'low': 17.66,
    'open': 18.88,
    'symbol': 'QBTS',
    'timestamp': datetime.datetime(2025, 6, 9, 4, 0, tzinfo=TzInfo(UTC)),
    'trade_count': 254181.0,
    'volume': 57044253.0,
    'vwap': 18.12302}, {   'close': 16.93,
    'high': 18.95,
    'low': 16.86,
    'open': 18.005,
    'symbol': 'QBTS',
    'timestamp': datetime.datetime(2025, 6, 10, 4, 0, tzinfo=TzInfo(UTC)),
    'trade_count': 297831.0,
    'volume': 64100890.0,
    'vwap': 17.595865}, {   'close': 16.53,
    'high': 17.71,
    'low': 16.17,
    'open': 17.44,
    'symbol': 'QBTS',
    'timestamp': datetime.datetime(2025, 6, 11, 4, 0, tzinfo=TzInfo(UTC)),
    'trade_count': 409452.0,
    'volume': 86552097.0,
    'vwap': 16.833089}, {   'close': 15.88,
    'high': 17.0,
    'low': 15.77,
    'open': 16.59,
    'symbol': 'QBTS',
    'timestamp': datetime.datetime(2025, 6, 12, 4, 0, tzinfo=TzInfo(UTC)),
    'trade_count': 232682.0,
    'volume': 49982450.0,
    'vwap': 16.119876}, {   'close': 15.17,
    'high': 15.66,
    'low': 14.84,
    'open': 15.34,
    'symbol': 'QBTS',
    'timestamp': datetime.datetime(2025, 6, 13, 4, 0, tzinfo=TzInfo(UTC)),
    'trade_count': 222730.0,
    'volume': 41618731.0,
    'vwap': 15.169937}]}
2025-06-15 20:49:38,139 - data_provider - DEBUG - Using object response, data type: <class 'dict'>
2025-06-15 20:49:38,139 - data_provider - DEBUG - Data dir: ['__class__', '__class_getitem__', '__contains__', '__delattr__', '__delitem__', '__dir__', '__doc__', '__eq__', '__format__', '__ge__', '__getattribute__', '__getitem__', '__getstate__', '__gt__', '__hash__', '__init__', '__init_subclass__', '__ior__', '__iter__', '__le__', '__len__', '__lt__', '__ne__', '__new__', '__or__', '__reduce__', '__reduce_ex__', '__repr__', '__reversed__', '__ror__', '__setattr__', '__setitem__', '__sizeof__', '__str__', '__subclasshook__', 'clear', 'copy', 'fromkeys', 'get', 'items', 'keys', 'pop', 'popitem', 'setdefault', 'update', 'values']
2025-06-15 20:49:38,139 - data_provider - DEBUG - Data content for symbol QBTS: {'QBTS': [{   'close': 10.42,
    'high': 10.89,
    'low': 7.71,
    'open': 8.67,
    'symbol': 'QBTS',
    'timestamp': datetime.datetime(2025, 5, 8, 4, 0, tzinfo=TzInfo(UTC)),
    'trade_count': 840295.0,
    'volume': 228913468.0,
    'vwap': 9.591196}, {   'close': 11.09,
    'high': 11.685,
    'low': 9.83,
    'open': 9.85,
    'symbol': 'QBTS',
    'timestamp': datetime.datetime(2025, 5, 9, 4, 0, tzinfo=TzInfo(UTC)),
    'trade_count': 680368.0,
    'volume': 161687752.0,
    'vwap': 10.968761}, {   'close': 10.72,
    'high': 11.84,
    'low': 10.6,
    'open': 11.79,
    'symbol': 'QBTS',
    'timestamp': datetime.datetime(2025, 5, 12, 4, 0, tzinfo=TzInfo(UTC)),
    'trade_count': 295542.0,
    'volume': 76561752.0,
    'vwap': 11.073823}, {   'close': 10.73,
    'high': 11.5442,
    'low': 10.36,
    'open': 11.03,
    'symbol': 'QBTS',
    'timestamp': datetime.datetime(2025, 5, 13, 4, 0, tzinfo=TzInfo(UTC)),
    'trade_count': 235013.0,
    'volume': 57341634.0,
    'vwap': 10.798232}, {   'close': 11.08,
    'high': 11.64,
    'low': 10.6,
    'open': 10.94,
    'symbol': 'QBTS',
    'timestamp': datetime.datetime(2025, 5, 14, 4, 0, tzinfo=TzInfo(UTC)),
    'trade_count': 306268.0,
    'volume': 84236511.0,
    'vwap': 11.054661}, {   'close': 11.03,
    'high': 12.49,
    'low': 10.6,
    'open': 11.0,
    'symbol': 'QBTS',
    'timestamp': datetime.datetime(2025, 5, 15, 4, 0, tzinfo=TzInfo(UTC)),
    'trade_count': 406003.0,
    'volume': 112938849.0,
    'vwap': 11.328931}, {   'close': 12.25,
    'high': 12.66,
    'low': 11.32,
    'open': 11.32,
    'symbol': 'QBTS',
    'timestamp': datetime.datetime(2025, 5, 16, 4, 0, tzinfo=TzInfo(UTC)),
    'trade_count': 380041.0,
    'volume': 112473755.0,
    'vwap': 12.05098}, {   'close': 13.15,
    'high': 13.44,
    'low': 11.89,
    'open': 12.52,
    'symbol': 'QBTS',
    'timestamp': datetime.datetime(2025, 5, 19, 4, 0, tzinfo=TzInfo(UTC)),
    'trade_count': 447396.0,
    'volume': 113476220.0,
    'vwap': 12.933657}, {   'close': 16.56,
    'high': 17.59,
    'low': 14.6,
    'open': 15.34,
    'symbol': 'QBTS',
    'timestamp': datetime.datetime(2025, 5, 20, 4, 0, tzinfo=TzInfo(UTC)),
    'trade_count': 1280934.0,
    'volume': 308820196.0,
    'vwap': 16.487649}, {   'close': 15.36,
    'high': 17.8,
    'low': 15.1,
    'open': 17.3,
    'symbol': 'QBTS',
    'timestamp': datetime.datetime(2025, 5, 21, 4, 0, tzinfo=TzInfo(UTC)),
    'trade_count': 942344.0,
    'volume': 224491879.0,
    'vwap': 16.391742}, {   'close': 19.04,
    'high': 19.52,
    'low': 15.08,
    'open': 15.38,
    'symbol': 'QBTS',
    'timestamp': datetime.datetime(2025, 5, 22, 4, 0, tzinfo=TzInfo(UTC)),
    'trade_count': 971227.0,
    'volume': 243312704.0,
    'vwap': 18.211861}, {   'close': 18.8,
    'high': 19.765,
    'low': 17.6,
    'open': 17.905,
    'symbol': 'QBTS',
    'timestamp': datetime.datetime(2025, 5, 23, 4, 0, tzinfo=TzInfo(UTC)),
    'trade_count': 614150.0,
    'volume': 148871852.0,
    'vwap': 18.910551}, {   'close': 17.55,
    'high': 19.43,
    'low': 16.92,
    'open': 19.28,
    'symbol': 'QBTS',
    'timestamp': datetime.datetime(2025, 5, 27, 4, 0, tzinfo=TzInfo(UTC)),
    'trade_count': 508990.0,
    'volume': 113782127.0,
    'vwap': 17.588371}, {   'close': 17.55,
    'high': 17.935,
    'low': 16.86,
    'open': 16.995,
    'symbol': 'QBTS',
    'timestamp': datetime.datetime(2025, 5, 28, 4, 0, tzinfo=TzInfo(UTC)),
    'trade_count': 235677.0,
    'volume': 62298394.0,
    'vwap': 17.450595}, {   'close': 16.27,
    'high': 18.03,
    'low': 16.21,
    'open': 17.59,
    'symbol': 'QBTS',
    'timestamp': datetime.datetime(2025, 5, 29, 4, 0, tzinfo=TzInfo(UTC)),
    'trade_count': 290240.0,
    'volume': 67362125.0,
    'vwap': 16.730802}, {   'close': 16.33,
    'high': 16.45,
    'low': 15.47,
    'open': 15.67,
    'symbol': 'QBTS',
    'timestamp': datetime.datetime(2025, 5, 30, 4, 0, tzinfo=TzInfo(UTC)),
    'trade_count': 272237.0,
    'volume': 68710521.0,
    'vwap': 16.094}, {   'close': 17.11,
    'high': 17.405,
    'low': 15.15,
    'open': 16.235,
    'symbol': 'QBTS',
    'timestamp': datetime.datetime(2025, 6, 2, 4, 0, tzinfo=TzInfo(UTC)),
    'trade_count': 266511.0,
    'volume': 64920408.0,
    'vwap': 16.471858}, {   'close': 17.68,
    'high': 17.7,
    'low': 16.68,
    'open': 17.295,
    'symbol': 'QBTS',
    'timestamp': datetime.datetime(2025, 6, 3, 4, 0, tzinfo=TzInfo(UTC)),
    'trade_count': 243724.0,
    'volume': 60196395.0,
    'vwap': 17.179106}, {   'close': 17.82,
    'high': 18.2,
    'low': 17.15,
    'open': 17.42,
    'symbol': 'QBTS',
    'timestamp': datetime.datetime(2025, 6, 4, 4, 0, tzinfo=TzInfo(UTC)),
    'trade_count': 223738.0,
    'volume': 56340383.0,
    'vwap': 17.700314}, {   'close': 16.47,
    'high': 17.6638,
    'low': 16.09,
    'open': 17.53,
    'symbol': 'QBTS',
    'timestamp': datetime.datetime(2025, 6, 5, 4, 0, tzinfo=TzInfo(UTC)),
    'trade_count': 262697.0,
    'volume': 66175450.0,
    'vwap': 16.798654}, {   'close': 18.62,
    'high': 18.79,
    'low': 16.26,
    'open': 16.61,
    'symbol': 'QBTS',
    'timestamp': datetime.datetime(2025, 6, 6, 4, 0, tzinfo=TzInfo(UTC)),
    'trade_count': 322034.0,
    'volume': 82618030.0,
    'vwap': 18.137419}, {   'close': 17.95,
    'high': 18.91,
    'low': 17.66,
    'open': 18.88,
    'symbol': 'QBTS',
    'timestamp': datetime.datetime(2025, 6, 9, 4, 0, tzinfo=TzInfo(UTC)),
    'trade_count': 254181.0,
    'volume': 57044253.0,
    'vwap': 18.12302}, {   'close': 16.93,
    'high': 18.95,
    'low': 16.86,
    'open': 18.005,
    'symbol': 'QBTS',
    'timestamp': datetime.datetime(2025, 6, 10, 4, 0, tzinfo=TzInfo(UTC)),
    'trade_count': 297831.0,
    'volume': 64100890.0,
    'vwap': 17.595865}, {   'close': 16.53,
    'high': 17.71,
    'low': 16.17,
    'open': 17.44,
    'symbol': 'QBTS',
    'timestamp': datetime.datetime(2025, 6, 11, 4, 0, tzinfo=TzInfo(UTC)),
    'trade_count': 409452.0,
    'volume': 86552097.0,
    'vwap': 16.833089}, {   'close': 15.88,
    'high': 17.0,
    'low': 15.77,
    'open': 16.59,
    'symbol': 'QBTS',
    'timestamp': datetime.datetime(2025, 6, 12, 4, 0, tzinfo=TzInfo(UTC)),
    'trade_count': 232682.0,
    'volume': 49982450.0,
    'vwap': 16.119876}, {   'close': 15.17,
    'high': 15.66,
    'low': 14.84,
    'open': 15.34,
    'symbol': 'QBTS',
    'timestamp': datetime.datetime(2025, 6, 13, 4, 0, tzinfo=TzInfo(UTC)),
    'trade_count': 222730.0,
    'volume': 41618731.0,
    'vwap': 15.169937}]}
2025-06-15 20:49:38,141 - data_provider - DEBUG - Looking for symbol QBTS in data
2025-06-15 20:49:38,141 - data_provider - DEBUG - Dict access result for QBTS: Found
2025-06-15 20:49:38,297 - data_provider - DEBUG - API response type: <class 'alpaca.data.models.bars.BarSet'>
2025-06-15 20:49:38,298 - data_provider - DEBUG - API response dir: ['__abstractmethods__', '__annotations__', '__class__', '__class_getitem__', '__class_vars__', '__copy__', '__deepcopy__', '__delattr__', '__dict__', '__dir__', '__doc__', '__eq__', '__fields__', '__fields_set__', '__firstlineno__', '__format__', '__ge__', '__get_pydantic_core_schema__', '__get_pydantic_json_schema__', '__getattr__', '__getattribute__', '__getitem__', '__getstate__', '__gt__', '__hash__', '__init__', '__init_subclass__', '__iter__', '__le__', '__lt__', '__module__', '__ne__', '__new__', '__pretty__', '__private_attributes__', '__pydantic_complete__', '__pydantic_computed_fields__', '__pydantic_core_schema__', '__pydantic_custom_init__', '__pydantic_decorators__', '__pydantic_extra__', '__pydantic_fields__', '__pydantic_fields_set__', '__pydantic_generic_metadata__', '__pydantic_init_subclass__', '__pydantic_parent_namespace__', '__pydantic_post_init__', '__pydantic_private__', '__pydantic_root_model__', '__pydantic_serializer__', '__pydantic_setattr_handlers__', '__pydantic_validator__', '__reduce__', '__reduce_ex__', '__replace__', '__repr__', '__repr_args__', '__repr_name__', '__repr_recursion__', '__repr_str__', '__rich_repr__', '__setattr__', '__setstate__', '__signature__', '__sizeof__', '__slots__', '__static_attributes__', '__str__', '__subclasshook__', '__weakref__', '_abc_impl', '_calculate_keys', '_copy_and_set_values', '_get_value', '_iter', '_setattr_handler', 'construct', 'copy', 'data', 'df', 'dict', 'from_orm', 'json', 'model_computed_fields', 'model_config', 'model_construct', 'model_copy', 'model_dump', 'model_dump_json', 'model_extra', 'model_fields', 'model_fields_set', 'model_json_schema', 'model_parametrized_name', 'model_post_init', 'model_rebuild', 'model_validate', 'model_validate_json', 'model_validate_strings', 'parse_file', 'parse_obj', 'parse_raw', 'schema', 'schema_json', 'update_forward_refs', 'validate']
2025-06-15 20:49:38,298 - data_provider - DEBUG - Raw API response for symbol SOXL: data={'SOXL': [{   'close': 8.25,
    'high': 10.84,
    'low': 7.6,
    'open': 10.41,
    'symbol': 'SOXL',
    'timestamp': datetime.datetime(2025, 4, 8, 4, 0, tzinfo=TzInfo(UTC)),
    'trade_count': 1292048.0,
    'volume': 488688600.0,
    'vwap': 9.589675}, {   'close': 12.77,
    'high': 13.11,
    'low': 8.24,
    'open': 8.475,
    'symbol': 'SOXL',
    'timestamp': datetime.datetime(2025, 4, 9, 4, 0, tzinfo=TzInfo(UTC)),
    'trade_count': 1904017.0,
    'volume': 787660700.0,
    'vwap': 10.715251}, {   'close': 9.63,
    'high': 11.14,
    'low': 8.35,
    'open': 10.915,
    'symbol': 'SOXL',
    'timestamp': datetime.datetime(2025, 4, 10, 4, 0, tzinfo=TzInfo(UTC)),
    'trade_count': 1812400.0,
    'volume': 686331766.0,
    'vwap': 9.588136}, {   'close': 10.23,
    'high': 10.39,
    'low': 8.91,
    'open': 9.35,
    'symbol': 'SOXL',
    'timestamp': datetime.datetime(2025, 4, 11, 4, 0, tzinfo=TzInfo(UTC)),
    'trade_count': 1103102.0,
    'volume': 412972884.0,
    'vwap': 9.726641}, {   'close': 10.47,
    'high': 11.16,
    'low': 9.97,
    'open': 11.145,
    'symbol': 'SOXL',
    'timestamp': datetime.datetime(2025, 4, 14, 4, 0, tzinfo=TzInfo(UTC)),
    'trade_count': 936839.0,
    'volume': 358849474.0,
    'vwap': 10.595018}, {   'close': 10.6,
    'high': 11.02,
    'low': 10.41,
    'open': 10.6,
    'symbol': 'SOXL',
    'timestamp': datetime.datetime(2025, 4, 15, 4, 0, tzinfo=TzInfo(UTC)),
    'trade_count': 564396.0,
    'volume': 230001439.0,
    'vwap': 10.684497}, {   'close': 9.34,
    'high': 9.75,
    'low': 8.33,
    'open': 9.13,
    'symbol': 'SOXL',
    'timestamp': datetime.datetime(2025, 4, 16, 4, 0, tzinfo=TzInfo(UTC)),
    'trade_count': 1121874.0,
    'volume': 362439275.0,
    'vwap': 9.164844}, {   'close': 9.2,
    'high': 9.55,
    'low': 8.9,
    'open': 9.55,
    'symbol': 'SOXL',
    'timestamp': datetime.datetime(2025, 4, 17, 4, 0, tzinfo=TzInfo(UTC)),
    'trade_count': 570129.0,
    'volume': 233658391.0,
    'vwap': 9.187718}, {   'close': 8.71,
    'high': 8.74,
    'low': 8.15,
    'open': 8.67,
    'symbol': 'SOXL',
    'timestamp': datetime.datetime(2025, 4, 21, 4, 0, tzinfo=TzInfo(UTC)),
    'trade_count': 780542.0,
    'volume': 255318101.0,
    'vwap': 8.386671}, {   'close': 9.18,
    'high': 9.4,
    'low': 8.85,
    'open': 8.955,
    'symbol': 'SOXL',
    'timestamp': datetime.datetime(2025, 4, 22, 4, 0, tzinfo=TzInfo(UTC)),
    'trade_count': 583931.0,
    'volume': 249211896.0,
    'vwap': 9.139723}, {   'close': 10.29,
    'high': 10.9,
    'low': 10.1,
    'open': 10.58,
    'symbol': 'SOXL',
    'timestamp': datetime.datetime(2025, 4, 23, 4, 0, tzinfo=TzInfo(UTC)),
    'trade_count': 815176.0,
    'volume': 368456056.0,
    'vwap': 10.543197}, {   'close': 12.0,
    'high': 12.09,
    'low': 10.85,
    'open': 11.05,
    'symbol': 'SOXL',
    'timestamp': datetime.datetime(2025, 4, 24, 4, 0, tzinfo=TzInfo(UTC)),
    'trade_count': 791247.0,
    'volume': 339636701.0,
    'vwap': 11.671574}, {   'close': 12.34,
    'high': 12.59,
    'low': 11.51,
    'open': 11.63,
    'symbol': 'SOXL',
    'timestamp': datetime.datetime(2025, 4, 25, 4, 0, tzinfo=TzInfo(UTC)),
    'trade_count': 672326.0,
    'volume': 274438478.0,
    'vwap': 12.068437}, {   'close': 12.29,
    'high': 12.53,
    'low': 11.45,
    'open': 12.16,
    'symbol': 'SOXL',
    'timestamp': datetime.datetime(2025, 4, 28, 4, 0, tzinfo=TzInfo(UTC)),
    'trade_count': 496596.0,
    'volume': 203468940.0,
    'vwap': 11.945797}, {   'close': 11.86,
    'high': 12.27,
    'low': 11.62,
    'open': 11.81,
    'symbol': 'SOXL',
    'timestamp': datetime.datetime(2025, 4, 29, 4, 0, tzinfo=TzInfo(UTC)),
    'trade_count': 493080.0,
    'volume': 184045131.0,
    'vwap': 11.969397}, {   'close': 12.16,
    'high': 12.21,
    'low': 10.75,
    'open': 10.99,
    'symbol': 'SOXL',
    'timestamp': datetime.datetime(2025, 4, 30, 4, 0, tzinfo=TzInfo(UTC)),
    'trade_count': 602091.0,
    'volume': 229393170.0,
    'vwap': 11.446547}, {   'close': 12.1,
    'high': 12.8089,
    'low': 12.05,
    'open': 12.535,
    'symbol': 'SOXL',
    'timestamp': datetime.datetime(2025, 5, 1, 4, 0, tzinfo=TzInfo(UTC)),
    'trade_count': 535063.0,
    'volume': 203349539.0,
    'vwap': 12.441313}, {   'close': 13.29,
    'high': 13.685,
    'low': 12.89,
    'open': 12.89,
    'symbol': 'SOXL',
    'timestamp': datetime.datetime(2025, 5, 2, 4, 0, tzinfo=TzInfo(UTC)),
    'trade_count': 549587.0,
    'volume': 223410585.0,
    'vwap': 13.325482}, {   'close': 13.05,
    'high': 13.41,
    'low': 12.87,
    'open': 12.925,
    'symbol': 'SOXL',
    'timestamp': datetime.datetime(2025, 5, 5, 4, 0, tzinfo=TzInfo(UTC)),
    'trade_count': 374933.0,
    'volume': 127572323.0,
    'vwap': 13.143217}, {   'close': 12.64,
    'high': 12.95,
    'low': 12.12,
    'open': 12.33,
    'symbol': 'SOXL',
    'timestamp': datetime.datetime(2025, 5, 6, 4, 0, tzinfo=TzInfo(UTC)),
    'trade_count': 453565.0,
    'volume': 158548727.0,
    'vwap': 12.562495}, {   'close': 13.28,
    'high': 13.4,
    'low': 12.23,
    'open': 12.61,
    'symbol': 'SOXL',
    'timestamp': datetime.datetime(2025, 5, 7, 4, 0, tzinfo=TzInfo(UTC)),
    'trade_count': 527972.0,
    'volume': 190946270.0,
    'vwap': 12.752815}, {   'close': 13.66,
    'high': 14.34,
    'low': 13.38,
    'open': 13.835,
    'symbol': 'SOXL',
    'timestamp': datetime.datetime(2025, 5, 8, 4, 0, tzinfo=TzInfo(UTC)),
    'trade_count': 538657.0,
    'volume': 203277011.0,
    'vwap': 13.880552}, {   'close': 14.11,
    'high': 14.47,
    'low': 13.74,
    'open': 14.21,
    'symbol': 'SOXL',
    'timestamp': datetime.datetime(2025, 5, 9, 4, 0, tzinfo=TzInfo(UTC)),
    'trade_count': 418065.0,
    'volume': 149644530.0,
    'vwap': 14.092165}, {   'close': 17.13,
    'high': 17.47,
    'low': 16.5,
    'open': 16.89,
    'symbol': 'SOXL',
    'timestamp': datetime.datetime(2025, 5, 12, 4, 0, tzinfo=TzInfo(UTC)),
    'trade_count': 805132.0,
    'volume': 263806032.0,
    'vwap': 16.975813}, {   'close': 18.6,
    'high': 18.86,
    'low': 17.28,
    'open': 17.36,
    'symbol': 'SOXL',
    'timestamp': datetime.datetime(2025, 5, 13, 4, 0, tzinfo=TzInfo(UTC)),
    'trade_count': 655419.0,
    'volume': 212931756.0,
    'vwap': 18.340005}, {   'close': 18.84,
    'high': 19.3651,
    'low': 18.43,
    'open': 18.97,
    'symbol': 'SOXL',
    'timestamp': datetime.datetime(2025, 5, 14, 4, 0, tzinfo=TzInfo(UTC)),
    'trade_count': 547719.0,
    'volume': 179343147.0,
    'vwap': 18.789386}, {   'close': 18.47,
    'high': 18.91,
    'low': 17.82,
    'open': 18.315,
    'symbol': 'SOXL',
    'timestamp': datetime.datetime(2025, 5, 15, 4, 0, tzinfo=TzInfo(UTC)),
    'trade_count': 498577.0,
    'volume': 141287601.0,
    'vwap': 18.341513}, {   'close': 18.39,
    'high': 18.6,
    'low': 17.7612,
    'open': 18.53,
    'symbol': 'SOXL',
    'timestamp': datetime.datetime(2025, 5, 16, 4, 0, tzinfo=TzInfo(UTC)),
    'trade_count': 414904.0,
    'volume': 113068594.0,
    'vwap': 18.173674}, {   'close': 18.06,
    'high': 18.21,
    'low': 17.09,
    'open': 17.15,
    'symbol': 'SOXL',
    'timestamp': datetime.datetime(2025, 5, 19, 4, 0, tzinfo=TzInfo(UTC)),
    'trade_count': 470813.0,
    'volume': 123632015.0,
    'vwap': 17.805807}, {   'close': 17.97,
    'high': 18.0,
    'low': 17.44,
    'open': 17.62,
    'symbol': 'SOXL',
    'timestamp': datetime.datetime(2025, 5, 20, 4, 0, tzinfo=TzInfo(UTC)),
    'trade_count': 293254.0,
    'volume': 84252460.0,
    'vwap': 17.72551}, {   'close': 17.0,
    'high': 18.5899,
    'low': 16.65,
    'open': 17.555,
    'symbol': 'SOXL',
    'timestamp': datetime.datetime(2025, 5, 21, 4, 0, tzinfo=TzInfo(UTC)),
    'trade_count': 519876.0,
    'volume': 149964824.0,
    'vwap': 17.620184}, {   'close': 16.51,
    'high': 17.43,
    'low': 16.48,
    'open': 16.965,
    'symbol': 'SOXL',
    'timestamp': datetime.datetime(2025, 5, 22, 4, 0, tzinfo=TzInfo(UTC)),
    'trade_count': 517342.0,
    'volume': 144981097.0,
    'vwap': 16.875759}, {   'close': 15.73,
    'high': 16.0,
    'low': 15.1,
    'open': 15.21,
    'symbol': 'SOXL',
    'timestamp': datetime.datetime(2025, 5, 23, 4, 0, tzinfo=TzInfo(UTC)),
    'trade_count': 666837.0,
    'volume': 179062559.0,
    'vwap': 15.523616}, {   'close': 17.29,
    'high': 17.51,
    'low': 16.35,
    'open': 16.74,
    'symbol': 'SOXL',
    'timestamp': datetime.datetime(2025, 5, 27, 4, 0, tzinfo=TzInfo(UTC)),
    'trade_count': 519052.0,
    'volume': 136539698.0,
    'vwap': 17.121921}, {   'close': 17.04,
    'high': 17.57,
    'low': 16.895,
    'open': 17.43,
    'symbol': 'SOXL',
    'timestamp': datetime.datetime(2025, 5, 28, 4, 0, tzinfo=TzInfo(UTC)),
    'trade_count': 396461.0,
    'volume': 126785336.0,
    'vwap': 17.279739}, {   'close': 17.2,
    'high': 18.21,
    'low': 16.9,
    'open': 18.18,
    'symbol': 'SOXL',
    'timestamp': datetime.datetime(2025, 5, 29, 4, 0, tzinfo=TzInfo(UTC)),
    'trade_count': 503421.0,
    'volume': 181707067.0,
    'vwap': 17.343355}, {   'close': 16.17,
    'high': 16.9,
    'low': 15.24,
    'open': 16.9,
    'symbol': 'SOXL',
    'timestamp': datetime.datetime(2025, 5, 30, 4, 0, tzinfo=TzInfo(UTC)),
    'trade_count': 664024.0,
    'volume': 194058663.0,
    'vwap': 16.061716}, {   'close': 16.9,
    'high': 17.095,
    'low': 16.04,
    'open': 16.06,
    'symbol': 'SOXL',
    'timestamp': datetime.datetime(2025, 6, 2, 4, 0, tzinfo=TzInfo(UTC)),
    'trade_count': 379347.0,
    'volume': 103936951.0,
    'vwap': 16.624979}, {   'close': 18.3,
    'high': 18.38,
    'low': 16.575,
    'open': 16.93,
    'symbol': 'SOXL',
    'timestamp': datetime.datetime(2025, 6, 3, 4, 0, tzinfo=TzInfo(UTC)),
    'trade_count': 524651.0,
    'volume': 158644042.0,
    'vwap': 17.862208}, {   'close': 19.09,
    'high': 19.26,
    'low': 18.22,
    'open': 18.68,
    'symbol': 'SOXL',
    'timestamp': datetime.datetime(2025, 6, 4, 4, 0, tzinfo=TzInfo(UTC)),
    'trade_count': 497053.0,
    'volume': 146325287.0,
    'vwap': 18.945811}, {   'close': 18.81,
    'high': 19.99,
    'low': 18.42,
    'open': 19.49,
    'symbol': 'SOXL',
    'timestamp': datetime.datetime(2025, 6, 5, 4, 0, tzinfo=TzInfo(UTC)),
    'trade_count': 643854.0,
    'volume': 188985577.0,
    'vwap': 19.304758}, {   'close': 19.18,
    'high': 19.95,
    'low': 19.15,
    'open': 19.4,
    'symbol': 'SOXL',
    'timestamp': datetime.datetime(2025, 6, 6, 4, 0, tzinfo=TzInfo(UTC)),
    'trade_count': 427923.0,
    'volume': 114398657.0,
    'vwap': 19.54591}, {   'close': 20.58,
    'high': 21.06,
    'low': 19.68,
    'open': 19.71,
    'symbol': 'SOXL',
    'timestamp': datetime.datetime(2025, 6, 9, 4, 0, tzinfo=TzInfo(UTC)),
    'trade_count': 520002.0,
    'volume': 162685954.0,
    'vwap': 20.580301}, {   'close': 21.89,
    'high': 22.1,
    'low': 20.69,
    'open': 20.84,
    'symbol': 'SOXL',
    'timestamp': datetime.datetime(2025, 6, 10, 4, 0, tzinfo=TzInfo(UTC)),
    'trade_count': 485611.0,
    'volume': 142811037.0,
    'vwap': 21.538526}, {   'close': 21.64,
    'high': 22.595,
    'low': 20.99,
    'open': 22.36,
    'symbol': 'SOXL',
    'timestamp': datetime.datetime(2025, 6, 11, 4, 0, tzinfo=TzInfo(UTC)),
    'trade_count': 617221.0,
    'volume': 160395008.0,
    'vwap': 21.857896}, {   'close': 21.69,
    'high': 22.065,
    'low': 21.09,
    'open': 21.24,
    'symbol': 'SOXL',
    'timestamp': datetime.datetime(2025, 6, 12, 4, 0, tzinfo=TzInfo(UTC)),
    'trade_count': 350716.0,
    'volume': 100384527.0,
    'vwap': 21.722204}, {   'close': 20.04,
    'high': 21.06,
    'low': 19.84,
    'open': 20.32,
    'symbol': 'SOXL',
    'timestamp': datetime.datetime(2025, 6, 13, 4, 0, tzinfo=TzInfo(UTC)),
    'trade_count': 590883.0,
    'volume': 166951622.0,
    'vwap': 20.438711}]}
2025-06-15 20:49:38,302 - data_provider - DEBUG - Using object response, data type: <class 'dict'>
2025-06-15 20:49:38,302 - data_provider - DEBUG - Data dir: ['__class__', '__class_getitem__', '__contains__', '__delattr__', '__delitem__', '__dir__', '__doc__', '__eq__', '__format__', '__ge__', '__getattribute__', '__getitem__', '__getstate__', '__gt__', '__hash__', '__init__', '__init_subclass__', '__ior__', '__iter__', '__le__', '__len__', '__lt__', '__ne__', '__new__', '__or__', '__reduce__', '__reduce_ex__', '__repr__', '__reversed__', '__ror__', '__setattr__', '__setitem__', '__sizeof__', '__str__', '__subclasshook__', 'clear', 'copy', 'fromkeys', 'get', 'items', 'keys', 'pop', 'popitem', 'setdefault', 'update', 'values']
2025-06-15 20:49:38,302 - data_provider - DEBUG - Data content for symbol SOXL: {'SOXL': [{   'close': 8.25,
    'high': 10.84,
    'low': 7.6,
    'open': 10.41,
    'symbol': 'SOXL',
    'timestamp': datetime.datetime(2025, 4, 8, 4, 0, tzinfo=TzInfo(UTC)),
    'trade_count': 1292048.0,
    'volume': 488688600.0,
    'vwap': 9.589675}, {   'close': 12.77,
    'high': 13.11,
    'low': 8.24,
    'open': 8.475,
    'symbol': 'SOXL',
    'timestamp': datetime.datetime(2025, 4, 9, 4, 0, tzinfo=TzInfo(UTC)),
    'trade_count': 1904017.0,
    'volume': 787660700.0,
    'vwap': 10.715251}, {   'close': 9.63,
    'high': 11.14,
    'low': 8.35,
    'open': 10.915,
    'symbol': 'SOXL',
    'timestamp': datetime.datetime(2025, 4, 10, 4, 0, tzinfo=TzInfo(UTC)),
    'trade_count': 1812400.0,
    'volume': 686331766.0,
    'vwap': 9.588136}, {   'close': 10.23,
    'high': 10.39,
    'low': 8.91,
    'open': 9.35,
    'symbol': 'SOXL',
    'timestamp': datetime.datetime(2025, 4, 11, 4, 0, tzinfo=TzInfo(UTC)),
    'trade_count': 1103102.0,
    'volume': 412972884.0,
    'vwap': 9.726641}, {   'close': 10.47,
    'high': 11.16,
    'low': 9.97,
    'open': 11.145,
    'symbol': 'SOXL',
    'timestamp': datetime.datetime(2025, 4, 14, 4, 0, tzinfo=TzInfo(UTC)),
    'trade_count': 936839.0,
    'volume': 358849474.0,
    'vwap': 10.595018}, {   'close': 10.6,
    'high': 11.02,
    'low': 10.41,
    'open': 10.6,
    'symbol': 'SOXL',
    'timestamp': datetime.datetime(2025, 4, 15, 4, 0, tzinfo=TzInfo(UTC)),
    'trade_count': 564396.0,
    'volume': 230001439.0,
    'vwap': 10.684497}, {   'close': 9.34,
    'high': 9.75,
    'low': 8.33,
    'open': 9.13,
    'symbol': 'SOXL',
    'timestamp': datetime.datetime(2025, 4, 16, 4, 0, tzinfo=TzInfo(UTC)),
    'trade_count': 1121874.0,
    'volume': 362439275.0,
    'vwap': 9.164844}, {   'close': 9.2,
    'high': 9.55,
    'low': 8.9,
    'open': 9.55,
    'symbol': 'SOXL',
    'timestamp': datetime.datetime(2025, 4, 17, 4, 0, tzinfo=TzInfo(UTC)),
    'trade_count': 570129.0,
    'volume': 233658391.0,
    'vwap': 9.187718}, {   'close': 8.71,
    'high': 8.74,
    'low': 8.15,
    'open': 8.67,
    'symbol': 'SOXL',
    'timestamp': datetime.datetime(2025, 4, 21, 4, 0, tzinfo=TzInfo(UTC)),
    'trade_count': 780542.0,
    'volume': 255318101.0,
    'vwap': 8.386671}, {   'close': 9.18,
    'high': 9.4,
    'low': 8.85,
    'open': 8.955,
    'symbol': 'SOXL',
    'timestamp': datetime.datetime(2025, 4, 22, 4, 0, tzinfo=TzInfo(UTC)),
    'trade_count': 583931.0,
    'volume': 249211896.0,
    'vwap': 9.139723}, {   'close': 10.29,
    'high': 10.9,
    'low': 10.1,
    'open': 10.58,
    'symbol': 'SOXL',
    'timestamp': datetime.datetime(2025, 4, 23, 4, 0, tzinfo=TzInfo(UTC)),
    'trade_count': 815176.0,
    'volume': 368456056.0,
    'vwap': 10.543197}, {   'close': 12.0,
    'high': 12.09,
    'low': 10.85,
    'open': 11.05,
    'symbol': 'SOXL',
    'timestamp': datetime.datetime(2025, 4, 24, 4, 0, tzinfo=TzInfo(UTC)),
    'trade_count': 791247.0,
    'volume': 339636701.0,
    'vwap': 11.671574}, {   'close': 12.34,
    'high': 12.59,
    'low': 11.51,
    'open': 11.63,
    'symbol': 'SOXL',
    'timestamp': datetime.datetime(2025, 4, 25, 4, 0, tzinfo=TzInfo(UTC)),
    'trade_count': 672326.0,
    'volume': 274438478.0,
    'vwap': 12.068437}, {   'close': 12.29,
    'high': 12.53,
    'low': 11.45,
    'open': 12.16,
    'symbol': 'SOXL',
    'timestamp': datetime.datetime(2025, 4, 28, 4, 0, tzinfo=TzInfo(UTC)),
    'trade_count': 496596.0,
    'volume': 203468940.0,
    'vwap': 11.945797}, {   'close': 11.86,
    'high': 12.27,
    'low': 11.62,
    'open': 11.81,
    'symbol': 'SOXL',
    'timestamp': datetime.datetime(2025, 4, 29, 4, 0, tzinfo=TzInfo(UTC)),
    'trade_count': 493080.0,
    'volume': 184045131.0,
    'vwap': 11.969397}, {   'close': 12.16,
    'high': 12.21,
    'low': 10.75,
    'open': 10.99,
    'symbol': 'SOXL',
    'timestamp': datetime.datetime(2025, 4, 30, 4, 0, tzinfo=TzInfo(UTC)),
    'trade_count': 602091.0,
    'volume': 229393170.0,
    'vwap': 11.446547}, {   'close': 12.1,
    'high': 12.8089,
    'low': 12.05,
    'open': 12.535,
    'symbol': 'SOXL',
    'timestamp': datetime.datetime(2025, 5, 1, 4, 0, tzinfo=TzInfo(UTC)),
    'trade_count': 535063.0,
    'volume': 203349539.0,
    'vwap': 12.441313}, {   'close': 13.29,
    'high': 13.685,
    'low': 12.89,
    'open': 12.89,
    'symbol': 'SOXL',
    'timestamp': datetime.datetime(2025, 5, 2, 4, 0, tzinfo=TzInfo(UTC)),
    'trade_count': 549587.0,
    'volume': 223410585.0,
    'vwap': 13.325482}, {   'close': 13.05,
    'high': 13.41,
    'low': 12.87,
    'open': 12.925,
    'symbol': 'SOXL',
    'timestamp': datetime.datetime(2025, 5, 5, 4, 0, tzinfo=TzInfo(UTC)),
    'trade_count': 374933.0,
    'volume': 127572323.0,
    'vwap': 13.143217}, {   'close': 12.64,
    'high': 12.95,
    'low': 12.12,
    'open': 12.33,
    'symbol': 'SOXL',
    'timestamp': datetime.datetime(2025, 5, 6, 4, 0, tzinfo=TzInfo(UTC)),
    'trade_count': 453565.0,
    'volume': 158548727.0,
    'vwap': 12.562495}, {   'close': 13.28,
    'high': 13.4,
    'low': 12.23,
    'open': 12.61,
    'symbol': 'SOXL',
    'timestamp': datetime.datetime(2025, 5, 7, 4, 0, tzinfo=TzInfo(UTC)),
    'trade_count': 527972.0,
    'volume': 190946270.0,
    'vwap': 12.752815}, {   'close': 13.66,
    'high': 14.34,
    'low': 13.38,
    'open': 13.835,
    'symbol': 'SOXL',
    'timestamp': datetime.datetime(2025, 5, 8, 4, 0, tzinfo=TzInfo(UTC)),
    'trade_count': 538657.0,
    'volume': 203277011.0,
    'vwap': 13.880552}, {   'close': 14.11,
    'high': 14.47,
    'low': 13.74,
    'open': 14.21,
    'symbol': 'SOXL',
    'timestamp': datetime.datetime(2025, 5, 9, 4, 0, tzinfo=TzInfo(UTC)),
    'trade_count': 418065.0,
    'volume': 149644530.0,
    'vwap': 14.092165}, {   'close': 17.13,
    'high': 17.47,
    'low': 16.5,
    'open': 16.89,
    'symbol': 'SOXL',
    'timestamp': datetime.datetime(2025, 5, 12, 4, 0, tzinfo=TzInfo(UTC)),
    'trade_count': 805132.0,
    'volume': 263806032.0,
    'vwap': 16.975813}, {   'close': 18.6,
    'high': 18.86,
    'low': 17.28,
    'open': 17.36,
    'symbol': 'SOXL',
    'timestamp': datetime.datetime(2025, 5, 13, 4, 0, tzinfo=TzInfo(UTC)),
    'trade_count': 655419.0,
    'volume': 212931756.0,
    'vwap': 18.340005}, {   'close': 18.84,
    'high': 19.3651,
    'low': 18.43,
    'open': 18.97,
    'symbol': 'SOXL',
    'timestamp': datetime.datetime(2025, 5, 14, 4, 0, tzinfo=TzInfo(UTC)),
    'trade_count': 547719.0,
    'volume': 179343147.0,
    'vwap': 18.789386}, {   'close': 18.47,
    'high': 18.91,
    'low': 17.82,
    'open': 18.315,
    'symbol': 'SOXL',
    'timestamp': datetime.datetime(2025, 5, 15, 4, 0, tzinfo=TzInfo(UTC)),
    'trade_count': 498577.0,
    'volume': 141287601.0,
    'vwap': 18.341513}, {   'close': 18.39,
    'high': 18.6,
    'low': 17.7612,
    'open': 18.53,
    'symbol': 'SOXL',
    'timestamp': datetime.datetime(2025, 5, 16, 4, 0, tzinfo=TzInfo(UTC)),
    'trade_count': 414904.0,
    'volume': 113068594.0,
    'vwap': 18.173674}, {   'close': 18.06,
    'high': 18.21,
    'low': 17.09,
    'open': 17.15,
    'symbol': 'SOXL',
    'timestamp': datetime.datetime(2025, 5, 19, 4, 0, tzinfo=TzInfo(UTC)),
    'trade_count': 470813.0,
    'volume': 123632015.0,
    'vwap': 17.805807}, {   'close': 17.97,
    'high': 18.0,
    'low': 17.44,
    'open': 17.62,
    'symbol': 'SOXL',
    'timestamp': datetime.datetime(2025, 5, 20, 4, 0, tzinfo=TzInfo(UTC)),
    'trade_count': 293254.0,
    'volume': 84252460.0,
    'vwap': 17.72551}, {   'close': 17.0,
    'high': 18.5899,
    'low': 16.65,
    'open': 17.555,
    'symbol': 'SOXL',
    'timestamp': datetime.datetime(2025, 5, 21, 4, 0, tzinfo=TzInfo(UTC)),
    'trade_count': 519876.0,
    'volume': 149964824.0,
    'vwap': 17.620184}, {   'close': 16.51,
    'high': 17.43,
    'low': 16.48,
    'open': 16.965,
    'symbol': 'SOXL',
    'timestamp': datetime.datetime(2025, 5, 22, 4, 0, tzinfo=TzInfo(UTC)),
    'trade_count': 517342.0,
    'volume': 144981097.0,
    'vwap': 16.875759}, {   'close': 15.73,
    'high': 16.0,
    'low': 15.1,
    'open': 15.21,
    'symbol': 'SOXL',
    'timestamp': datetime.datetime(2025, 5, 23, 4, 0, tzinfo=TzInfo(UTC)),
    'trade_count': 666837.0,
    'volume': 179062559.0,
    'vwap': 15.523616}, {   'close': 17.29,
    'high': 17.51,
    'low': 16.35,
    'open': 16.74,
    'symbol': 'SOXL',
    'timestamp': datetime.datetime(2025, 5, 27, 4, 0, tzinfo=TzInfo(UTC)),
    'trade_count': 519052.0,
    'volume': 136539698.0,
    'vwap': 17.121921}, {   'close': 17.04,
    'high': 17.57,
    'low': 16.895,
    'open': 17.43,
    'symbol': 'SOXL',
    'timestamp': datetime.datetime(2025, 5, 28, 4, 0, tzinfo=TzInfo(UTC)),
    'trade_count': 396461.0,
    'volume': 126785336.0,
    'vwap': 17.279739}, {   'close': 17.2,
    'high': 18.21,
    'low': 16.9,
    'open': 18.18,
    'symbol': 'SOXL',
    'timestamp': datetime.datetime(2025, 5, 29, 4, 0, tzinfo=TzInfo(UTC)),
    'trade_count': 503421.0,
    'volume': 181707067.0,
    'vwap': 17.343355}, {   'close': 16.17,
    'high': 16.9,
    'low': 15.24,
    'open': 16.9,
    'symbol': 'SOXL',
    'timestamp': datetime.datetime(2025, 5, 30, 4, 0, tzinfo=TzInfo(UTC)),
    'trade_count': 664024.0,
    'volume': 194058663.0,
    'vwap': 16.061716}, {   'close': 16.9,
    'high': 17.095,
    'low': 16.04,
    'open': 16.06,
    'symbol': 'SOXL',
    'timestamp': datetime.datetime(2025, 6, 2, 4, 0, tzinfo=TzInfo(UTC)),
    'trade_count': 379347.0,
    'volume': 103936951.0,
    'vwap': 16.624979}, {   'close': 18.3,
    'high': 18.38,
    'low': 16.575,
    'open': 16.93,
    'symbol': 'SOXL',
    'timestamp': datetime.datetime(2025, 6, 3, 4, 0, tzinfo=TzInfo(UTC)),
    'trade_count': 524651.0,
    'volume': 158644042.0,
    'vwap': 17.862208}, {   'close': 19.09,
    'high': 19.26,
    'low': 18.22,
    'open': 18.68,
    'symbol': 'SOXL',
    'timestamp': datetime.datetime(2025, 6, 4, 4, 0, tzinfo=TzInfo(UTC)),
    'trade_count': 497053.0,
    'volume': 146325287.0,
    'vwap': 18.945811}, {   'close': 18.81,
    'high': 19.99,
    'low': 18.42,
    'open': 19.49,
    'symbol': 'SOXL',
    'timestamp': datetime.datetime(2025, 6, 5, 4, 0, tzinfo=TzInfo(UTC)),
    'trade_count': 643854.0,
    'volume': 188985577.0,
    'vwap': 19.304758}, {   'close': 19.18,
    'high': 19.95,
    'low': 19.15,
    'open': 19.4,
    'symbol': 'SOXL',
    'timestamp': datetime.datetime(2025, 6, 6, 4, 0, tzinfo=TzInfo(UTC)),
    'trade_count': 427923.0,
    'volume': 114398657.0,
    'vwap': 19.54591}, {   'close': 20.58,
    'high': 21.06,
    'low': 19.68,
    'open': 19.71,
    'symbol': 'SOXL',
    'timestamp': datetime.datetime(2025, 6, 9, 4, 0, tzinfo=TzInfo(UTC)),
    'trade_count': 520002.0,
    'volume': 162685954.0,
    'vwap': 20.580301}, {   'close': 21.89,
    'high': 22.1,
    'low': 20.69,
    'open': 20.84,
    'symbol': 'SOXL',
    'timestamp': datetime.datetime(2025, 6, 10, 4, 0, tzinfo=TzInfo(UTC)),
    'trade_count': 485611.0,
    'volume': 142811037.0,
    'vwap': 21.538526}, {   'close': 21.64,
    'high': 22.595,
    'low': 20.99,
    'open': 22.36,
    'symbol': 'SOXL',
    'timestamp': datetime.datetime(2025, 6, 11, 4, 0, tzinfo=TzInfo(UTC)),
    'trade_count': 617221.0,
    'volume': 160395008.0,
    'vwap': 21.857896}, {   'close': 21.69,
    'high': 22.065,
    'low': 21.09,
    'open': 21.24,
    'symbol': 'SOXL',
    'timestamp': datetime.datetime(2025, 6, 12, 4, 0, tzinfo=TzInfo(UTC)),
    'trade_count': 350716.0,
    'volume': 100384527.0,
    'vwap': 21.722204}, {   'close': 20.04,
    'high': 21.06,
    'low': 19.84,
    'open': 20.32,
    'symbol': 'SOXL',
    'timestamp': datetime.datetime(2025, 6, 13, 4, 0, tzinfo=TzInfo(UTC)),
    'trade_count': 590883.0,
    'volume': 166951622.0,
    'vwap': 20.438711}]}
2025-06-15 20:49:38,310 - data_provider - DEBUG - Looking for symbol SOXL in data
2025-06-15 20:49:38,310 - data_provider - DEBUG - Dict access result for SOXL: Found
2025-06-15 20:49:38,476 - data_provider - DEBUG - API response type: <class 'alpaca.data.models.bars.BarSet'>
2025-06-15 20:49:38,477 - data_provider - DEBUG - API response dir: ['__abstractmethods__', '__annotations__', '__class__', '__class_getitem__', '__class_vars__', '__copy__', '__deepcopy__', '__delattr__', '__dict__', '__dir__', '__doc__', '__eq__', '__fields__', '__fields_set__', '__firstlineno__', '__format__', '__ge__', '__get_pydantic_core_schema__', '__get_pydantic_json_schema__', '__getattr__', '__getattribute__', '__getitem__', '__getstate__', '__gt__', '__hash__', '__init__', '__init_subclass__', '__iter__', '__le__', '__lt__', '__module__', '__ne__', '__new__', '__pretty__', '__private_attributes__', '__pydantic_complete__', '__pydantic_computed_fields__', '__pydantic_core_schema__', '__pydantic_custom_init__', '__pydantic_decorators__', '__pydantic_extra__', '__pydantic_fields__', '__pydantic_fields_set__', '__pydantic_generic_metadata__', '__pydantic_init_subclass__', '__pydantic_parent_namespace__', '__pydantic_post_init__', '__pydantic_private__', '__pydantic_root_model__', '__pydantic_serializer__', '__pydantic_setattr_handlers__', '__pydantic_validator__', '__reduce__', '__reduce_ex__', '__replace__', '__repr__', '__repr_args__', '__repr_name__', '__repr_recursion__', '__repr_str__', '__rich_repr__', '__setattr__', '__setstate__', '__signature__', '__sizeof__', '__slots__', '__static_attributes__', '__str__', '__subclasshook__', '__weakref__', '_abc_impl', '_calculate_keys', '_copy_and_set_values', '_get_value', '_iter', '_setattr_handler', 'construct', 'copy', 'data', 'df', 'dict', 'from_orm', 'json', 'model_computed_fields', 'model_config', 'model_construct', 'model_copy', 'model_dump', 'model_dump_json', 'model_extra', 'model_fields', 'model_fields_set', 'model_json_schema', 'model_parametrized_name', 'model_post_init', 'model_rebuild', 'model_validate', 'model_validate_json', 'model_validate_strings', 'parse_file', 'parse_obj', 'parse_raw', 'schema', 'schema_json', 'update_forward_refs', 'validate']
2025-06-15 20:49:38,477 - data_provider - DEBUG - Raw API response for symbol ORLY: data={'ORLY': [{   'close': 1348.1,
    'high': 1376.215,
    'low': 1332.3,
    'open': 1375.0,
    'symbol': 'ORLY',
    'timestamp': datetime.datetime(2025, 6, 9, 4, 0, tzinfo=TzInfo(UTC)),
    'trade_count': 27503.0,
    'volume': 372411.0,
    'vwap': 1347.926744}, {   'close': 91.71,
    'high': 92.12,
    'low': 89.61,
    'open': 90.0,
    'symbol': 'ORLY',
    'timestamp': datetime.datetime(2025, 6, 10, 4, 0, tzinfo=TzInfo(UTC)),
    'trade_count': 104835.0,
    'volume': 5204007.0,
    'vwap': 91.259447}, {   'close': 90.01,
    'high': 91.8716,
    'low': 89.53,
    'open': 91.71,
    'symbol': 'ORLY',
    'timestamp': datetime.datetime(2025, 6, 11, 4, 0, tzinfo=TzInfo(UTC)),
    'trade_count': 92610.0,
    'volume': 5804062.0,
    'vwap': 90.231769}, {   'close': 91.05,
    'high': 91.34,
    'low': 90.0,
    'open': 90.05,
    'symbol': 'ORLY',
    'timestamp': datetime.datetime(2025, 6, 12, 4, 0, tzinfo=TzInfo(UTC)),
    'trade_count': 65598.0,
    'volume': 4604028.0,
    'vwap': 90.75299}, {   'close': 89.91,
    'high': 91.64,
    'low': 89.4,
    'open': 90.695,
    'symbol': 'ORLY',
    'timestamp': datetime.datetime(2025, 6, 13, 4, 0, tzinfo=TzInfo(UTC)),
    'trade_count': 68303.0,
    'volume': 4020387.0,
    'vwap': 90.186484}]}
2025-06-15 20:49:38,479 - data_provider - DEBUG - Using object response, data type: <class 'dict'>
2025-06-15 20:49:38,479 - data_provider - DEBUG - Data dir: ['__class__', '__class_getitem__', '__contains__', '__delattr__', '__delitem__', '__dir__', '__doc__', '__eq__', '__format__', '__ge__', '__getattribute__', '__getitem__', '__getstate__', '__gt__', '__hash__', '__init__', '__init_subclass__', '__ior__', '__iter__', '__le__', '__len__', '__lt__', '__ne__', '__new__', '__or__', '__reduce__', '__reduce_ex__', '__repr__', '__reversed__', '__ror__', '__setattr__', '__setitem__', '__sizeof__', '__str__', '__subclasshook__', 'clear', 'copy', 'fromkeys', 'get', 'items', 'keys', 'pop', 'popitem', 'setdefault', 'update', 'values']
2025-06-15 20:49:38,479 - data_provider - DEBUG - Data content for symbol ORLY: {'ORLY': [{   'close': 1348.1,
    'high': 1376.215,
    'low': 1332.3,
    'open': 1375.0,
    'symbol': 'ORLY',
    'timestamp': datetime.datetime(2025, 6, 9, 4, 0, tzinfo=TzInfo(UTC)),
    'trade_count': 27503.0,
    'volume': 372411.0,
    'vwap': 1347.926744}, {   'close': 91.71,
    'high': 92.12,
    'low': 89.61,
    'open': 90.0,
    'symbol': 'ORLY',
    'timestamp': datetime.datetime(2025, 6, 10, 4, 0, tzinfo=TzInfo(UTC)),
    'trade_count': 104835.0,
    'volume': 5204007.0,
    'vwap': 91.259447}, {   'close': 90.01,
    'high': 91.8716,
    'low': 89.53,
    'open': 91.71,
    'symbol': 'ORLY',
    'timestamp': datetime.datetime(2025, 6, 11, 4, 0, tzinfo=TzInfo(UTC)),
    'trade_count': 92610.0,
    'volume': 5804062.0,
    'vwap': 90.231769}, {   'close': 91.05,
    'high': 91.34,
    'low': 90.0,
    'open': 90.05,
    'symbol': 'ORLY',
    'timestamp': datetime.datetime(2025, 6, 12, 4, 0, tzinfo=TzInfo(UTC)),
    'trade_count': 65598.0,
    'volume': 4604028.0,
    'vwap': 90.75299}, {   'close': 89.91,
    'high': 91.64,
    'low': 89.4,
    'open': 90.695,
    'symbol': 'ORLY',
    'timestamp': datetime.datetime(2025, 6, 13, 4, 0, tzinfo=TzInfo(UTC)),
    'trade_count': 68303.0,
    'volume': 4020387.0,
    'vwap': 90.186484}]}
2025-06-15 20:49:38,481 - data_provider - DEBUG - Looking for symbol ORLY in data
2025-06-15 20:49:38,481 - data_provider - DEBUG - Dict access result for ORLY: Found
2025-06-15 20:49:38,652 - data_provider - DEBUG - API response type: <class 'alpaca.data.models.bars.BarSet'>
2025-06-15 20:49:38,653 - data_provider - DEBUG - API response dir: ['__abstractmethods__', '__annotations__', '__class__', '__class_getitem__', '__class_vars__', '__copy__', '__deepcopy__', '__delattr__', '__dict__', '__dir__', '__doc__', '__eq__', '__fields__', '__fields_set__', '__firstlineno__', '__format__', '__ge__', '__get_pydantic_core_schema__', '__get_pydantic_json_schema__', '__getattr__', '__getattribute__', '__getitem__', '__getstate__', '__gt__', '__hash__', '__init__', '__init_subclass__', '__iter__', '__le__', '__lt__', '__module__', '__ne__', '__new__', '__pretty__', '__private_attributes__', '__pydantic_complete__', '__pydantic_computed_fields__', '__pydantic_core_schema__', '__pydantic_custom_init__', '__pydantic_decorators__', '__pydantic_extra__', '__pydantic_fields__', '__pydantic_fields_set__', '__pydantic_generic_metadata__', '__pydantic_init_subclass__', '__pydantic_parent_namespace__', '__pydantic_post_init__', '__pydantic_private__', '__pydantic_root_model__', '__pydantic_serializer__', '__pydantic_setattr_handlers__', '__pydantic_validator__', '__reduce__', '__reduce_ex__', '__replace__', '__repr__', '__repr_args__', '__repr_name__', '__repr_recursion__', '__repr_str__', '__rich_repr__', '__setattr__', '__setstate__', '__signature__', '__sizeof__', '__slots__', '__static_attributes__', '__str__', '__subclasshook__', '__weakref__', '_abc_impl', '_calculate_keys', '_copy_and_set_values', '_get_value', '_iter', '_setattr_handler', 'construct', 'copy', 'data', 'df', 'dict', 'from_orm', 'json', 'model_computed_fields', 'model_config', 'model_construct', 'model_copy', 'model_dump', 'model_dump_json', 'model_extra', 'model_fields', 'model_fields_set', 'model_json_schema', 'model_parametrized_name', 'model_post_init', 'model_rebuild', 'model_validate', 'model_validate_json', 'model_validate_strings', 'parse_file', 'parse_obj', 'parse_raw', 'schema', 'schema_json', 'update_forward_refs', 'validate']
2025-06-15 20:49:38,654 - data_provider - DEBUG - Raw API response for symbol ORLY: data={}
2025-06-15 20:49:38,654 - data_provider - DEBUG - Using object response, data type: <class 'dict'>
2025-06-15 20:49:38,654 - data_provider - DEBUG - No data found for symbol ORLY
2025-06-15 20:49:38,867 - data_provider - DEBUG - API response type: <class 'alpaca.data.models.bars.BarSet'>
2025-06-15 20:49:38,868 - data_provider - DEBUG - API response dir: ['__abstractmethods__', '__annotations__', '__class__', '__class_getitem__', '__class_vars__', '__copy__', '__deepcopy__', '__delattr__', '__dict__', '__dir__', '__doc__', '__eq__', '__fields__', '__fields_set__', '__firstlineno__', '__format__', '__ge__', '__get_pydantic_core_schema__', '__get_pydantic_json_schema__', '__getattr__', '__getattribute__', '__getitem__', '__getstate__', '__gt__', '__hash__', '__init__', '__init_subclass__', '__iter__', '__le__', '__lt__', '__module__', '__ne__', '__new__', '__pretty__', '__private_attributes__', '__pydantic_complete__', '__pydantic_computed_fields__', '__pydantic_core_schema__', '__pydantic_custom_init__', '__pydantic_decorators__', '__pydantic_extra__', '__pydantic_fields__', '__pydantic_fields_set__', '__pydantic_generic_metadata__', '__pydantic_init_subclass__', '__pydantic_parent_namespace__', '__pydantic_post_init__', '__pydantic_private__', '__pydantic_root_model__', '__pydantic_serializer__', '__pydantic_setattr_handlers__', '__pydantic_validator__', '__reduce__', '__reduce_ex__', '__replace__', '__repr__', '__repr_args__', '__repr_name__', '__repr_recursion__', '__repr_str__', '__rich_repr__', '__setattr__', '__setstate__', '__signature__', '__sizeof__', '__slots__', '__static_attributes__', '__str__', '__subclasshook__', '__weakref__', '_abc_impl', '_calculate_keys', '_copy_and_set_values', '_get_value', '_iter', '_setattr_handler', 'construct', 'copy', 'data', 'df', 'dict', 'from_orm', 'json', 'model_computed_fields', 'model_config', 'model_construct', 'model_copy', 'model_dump', 'model_dump_json', 'model_extra', 'model_fields', 'model_fields_set', 'model_json_schema', 'model_parametrized_name', 'model_post_init', 'model_rebuild', 'model_validate', 'model_validate_json', 'model_validate_strings', 'parse_file', 'parse_obj', 'parse_raw', 'schema', 'schema_json', 'update_forward_refs', 'validate']
2025-06-15 20:49:38,868 - data_provider - DEBUG - Raw API response for symbol IONQ: data={'IONQ': [{   'close': 40.06,
    'high': 42.55,
    'low': 38.85,
    'open': 42.535,
    'symbol': 'IONQ',
    'timestamp': datetime.datetime(2025, 6, 9, 4, 0, tzinfo=TzInfo(UTC)),
    'trade_count': 416959.0,
    'volume': 36305055.0,
    'vwap': 40.261065}, {   'close': 39.74,
    'high': 44.05,
    'low': 39.46,
    'open': 40.64,
    'symbol': 'IONQ',
    'timestamp': datetime.datetime(2025, 6, 10, 4, 0, tzinfo=TzInfo(UTC)),
    'trade_count': 361332.0,
    'volume': 31977934.0,
    'vwap': 41.395364}, {   'close': 39.7,
    'high': 43.96,
    'low': 38.94,
    'open': 41.59,
    'symbol': 'IONQ',
    'timestamp': datetime.datetime(2025, 6, 11, 4, 0, tzinfo=TzInfo(UTC)),
    'trade_count': 570256.0,
    'volume': 53397297.0,
    'vwap': 40.821922}, {   'close': 38.71,
    'high': 40.86,
    'low': 38.6207,
    'open': 39.49,
    'symbol': 'IONQ',
    'timestamp': datetime.datetime(2025, 6, 12, 4, 0, tzinfo=TzInfo(UTC)),
    'trade_count': 256466.0,
    'volume': 20079568.0,
    'vwap': 39.370111}, {   'close': 37.84,
    'high': 39.83,
    'low': 37.44,
    'open': 37.59,
    'symbol': 'IONQ',
    'timestamp': datetime.datetime(2025, 6, 13, 4, 0, tzinfo=TzInfo(UTC)),
    'trade_count': 229467.0,
    'volume': 19404499.0,
    'vwap': 38.423929}]}
2025-06-15 20:49:38,870 - data_provider - DEBUG - Using object response, data type: <class 'dict'>
2025-06-15 20:49:38,870 - data_provider - DEBUG - Data dir: ['__class__', '__class_getitem__', '__contains__', '__delattr__', '__delitem__', '__dir__', '__doc__', '__eq__', '__format__', '__ge__', '__getattribute__', '__getitem__', '__getstate__', '__gt__', '__hash__', '__init__', '__init_subclass__', '__ior__', '__iter__', '__le__', '__len__', '__lt__', '__ne__', '__new__', '__or__', '__reduce__', '__reduce_ex__', '__repr__', '__reversed__', '__ror__', '__setattr__', '__setitem__', '__sizeof__', '__str__', '__subclasshook__', 'clear', 'copy', 'fromkeys', 'get', 'items', 'keys', 'pop', 'popitem', 'setdefault', 'update', 'values']
2025-06-15 20:49:38,870 - data_provider - DEBUG - Data content for symbol IONQ: {'IONQ': [{   'close': 40.06,
    'high': 42.55,
    'low': 38.85,
    'open': 42.535,
    'symbol': 'IONQ',
    'timestamp': datetime.datetime(2025, 6, 9, 4, 0, tzinfo=TzInfo(UTC)),
    'trade_count': 416959.0,
    'volume': 36305055.0,
    'vwap': 40.261065}, {   'close': 39.74,
    'high': 44.05,
    'low': 39.46,
    'open': 40.64,
    'symbol': 'IONQ',
    'timestamp': datetime.datetime(2025, 6, 10, 4, 0, tzinfo=TzInfo(UTC)),
    'trade_count': 361332.0,
    'volume': 31977934.0,
    'vwap': 41.395364}, {   'close': 39.7,
    'high': 43.96,
    'low': 38.94,
    'open': 41.59,
    'symbol': 'IONQ',
    'timestamp': datetime.datetime(2025, 6, 11, 4, 0, tzinfo=TzInfo(UTC)),
    'trade_count': 570256.0,
    'volume': 53397297.0,
    'vwap': 40.821922}, {   'close': 38.71,
    'high': 40.86,
    'low': 38.6207,
    'open': 39.49,
    'symbol': 'IONQ',
    'timestamp': datetime.datetime(2025, 6, 12, 4, 0, tzinfo=TzInfo(UTC)),
    'trade_count': 256466.0,
    'volume': 20079568.0,
    'vwap': 39.370111}, {   'close': 37.84,
    'high': 39.83,
    'low': 37.44,
    'open': 37.59,
    'symbol': 'IONQ',
    'timestamp': datetime.datetime(2025, 6, 13, 4, 0, tzinfo=TzInfo(UTC)),
    'trade_count': 229467.0,
    'volume': 19404499.0,
    'vwap': 38.423929}]}
2025-06-15 20:49:38,871 - data_provider - DEBUG - Looking for symbol IONQ in data
2025-06-15 20:49:38,871 - data_provider - DEBUG - Dict access result for IONQ: Found
2025-06-15 20:49:39,037 - data_provider - DEBUG - API response type: <class 'alpaca.data.models.bars.BarSet'>
2025-06-15 20:49:39,039 - data_provider - DEBUG - API response dir: ['__abstractmethods__', '__annotations__', '__class__', '__class_getitem__', '__class_vars__', '__copy__', '__deepcopy__', '__delattr__', '__dict__', '__dir__', '__doc__', '__eq__', '__fields__', '__fields_set__', '__firstlineno__', '__format__', '__ge__', '__get_pydantic_core_schema__', '__get_pydantic_json_schema__', '__getattr__', '__getattribute__', '__getitem__', '__getstate__', '__gt__', '__hash__', '__init__', '__init_subclass__', '__iter__', '__le__', '__lt__', '__module__', '__ne__', '__new__', '__pretty__', '__private_attributes__', '__pydantic_complete__', '__pydantic_computed_fields__', '__pydantic_core_schema__', '__pydantic_custom_init__', '__pydantic_decorators__', '__pydantic_extra__', '__pydantic_fields__', '__pydantic_fields_set__', '__pydantic_generic_metadata__', '__pydantic_init_subclass__', '__pydantic_parent_namespace__', '__pydantic_post_init__', '__pydantic_private__', '__pydantic_root_model__', '__pydantic_serializer__', '__pydantic_setattr_handlers__', '__pydantic_validator__', '__reduce__', '__reduce_ex__', '__replace__', '__repr__', '__repr_args__', '__repr_name__', '__repr_recursion__', '__repr_str__', '__rich_repr__', '__setattr__', '__setstate__', '__signature__', '__sizeof__', '__slots__', '__static_attributes__', '__str__', '__subclasshook__', '__weakref__', '_abc_impl', '_calculate_keys', '_copy_and_set_values', '_get_value', '_iter', '_setattr_handler', 'construct', 'copy', 'data', 'df', 'dict', 'from_orm', 'json', 'model_computed_fields', 'model_config', 'model_construct', 'model_copy', 'model_dump', 'model_dump_json', 'model_extra', 'model_fields', 'model_fields_set', 'model_json_schema', 'model_parametrized_name', 'model_post_init', 'model_rebuild', 'model_validate', 'model_validate_json', 'model_validate_strings', 'parse_file', 'parse_obj', 'parse_raw', 'schema', 'schema_json', 'update_forward_refs', 'validate']
2025-06-15 20:49:39,039 - data_provider - DEBUG - Raw API response for symbol IONQ: data={}
2025-06-15 20:49:39,039 - data_provider - DEBUG - Using object response, data type: <class 'dict'>
2025-06-15 20:49:39,040 - data_provider - DEBUG - No data found for symbol IONQ
2025-06-15 20:49:39,203 - data_provider - DEBUG - API response type: <class 'alpaca.data.models.bars.BarSet'>
2025-06-15 20:49:39,204 - data_provider - DEBUG - API response dir: ['__abstractmethods__', '__annotations__', '__class__', '__class_getitem__', '__class_vars__', '__copy__', '__deepcopy__', '__delattr__', '__dict__', '__dir__', '__doc__', '__eq__', '__fields__', '__fields_set__', '__firstlineno__', '__format__', '__ge__', '__get_pydantic_core_schema__', '__get_pydantic_json_schema__', '__getattr__', '__getattribute__', '__getitem__', '__getstate__', '__gt__', '__hash__', '__init__', '__init_subclass__', '__iter__', '__le__', '__lt__', '__module__', '__ne__', '__new__', '__pretty__', '__private_attributes__', '__pydantic_complete__', '__pydantic_computed_fields__', '__pydantic_core_schema__', '__pydantic_custom_init__', '__pydantic_decorators__', '__pydantic_extra__', '__pydantic_fields__', '__pydantic_fields_set__', '__pydantic_generic_metadata__', '__pydantic_init_subclass__', '__pydantic_parent_namespace__', '__pydantic_post_init__', '__pydantic_private__', '__pydantic_root_model__', '__pydantic_serializer__', '__pydantic_setattr_handlers__', '__pydantic_validator__', '__reduce__', '__reduce_ex__', '__replace__', '__repr__', '__repr_args__', '__repr_name__', '__repr_recursion__', '__repr_str__', '__rich_repr__', '__setattr__', '__setstate__', '__signature__', '__sizeof__', '__slots__', '__static_attributes__', '__str__', '__subclasshook__', '__weakref__', '_abc_impl', '_calculate_keys', '_copy_and_set_values', '_get_value', '_iter', '_setattr_handler', 'construct', 'copy', 'data', 'df', 'dict', 'from_orm', 'json', 'model_computed_fields', 'model_config', 'model_construct', 'model_copy', 'model_dump', 'model_dump_json', 'model_extra', 'model_fields', 'model_fields_set', 'model_json_schema', 'model_parametrized_name', 'model_post_init', 'model_rebuild', 'model_validate', 'model_validate_json', 'model_validate_strings', 'parse_file', 'parse_obj', 'parse_raw', 'schema', 'schema_json', 'update_forward_refs', 'validate']
2025-06-15 20:49:39,205 - data_provider - DEBUG - Raw API response for symbol QUBT: data={'QUBT': [{   'close': 6.21,
    'high': 7.11,
    'low': 6.105,
    'open': 7.03,
    'symbol': 'QUBT',
    'timestamp': datetime.datetime(2025, 4, 8, 4, 0, tzinfo=TzInfo(UTC)),
    'trade_count': 63782.0,
    'volume': 11888158.0,
    'vwap': 6.626406}, {   'close': 6.85,
    'high': 7.06,
    'low': 5.91,
    'open': 6.1,
    'symbol': 'QUBT',
    'timestamp': datetime.datetime(2025, 4, 9, 4, 0, tzinfo=TzInfo(UTC)),
    'trade_count': 80314.0,
    'volume': 16351736.0,
    'vwap': 6.518004}, {   'close': 6.85,
    'high': 7.04,
    'low': 6.52,
    'open': 6.75,
    'symbol': 'QUBT',
    'timestamp': datetime.datetime(2025, 4, 10, 4, 0, tzinfo=TzInfo(UTC)),
    'trade_count': 52403.0,
    'volume': 9722716.0,
    'vwap': 6.796001}, {   'close': 6.84,
    'high': 7.02,
    'low': 6.5219,
    'open': 6.86,
    'symbol': 'QUBT',
    'timestamp': datetime.datetime(2025, 4, 11, 4, 0, tzinfo=TzInfo(UTC)),
    'trade_count': 42953.0,
    'volume': 7407206.0,
    'vwap': 6.76989}, {   'close': 6.99,
    'high': 7.575,
    'low': 6.76,
    'open': 7.2,
    'symbol': 'QUBT',
    'timestamp': datetime.datetime(2025, 4, 14, 4, 0, tzinfo=TzInfo(UTC)),
    'trade_count': 58497.0,
    'volume': 11801115.0,
    'vwap': 7.134725}, {   'close': 6.83,
    'high': 7.08,
    'low': 6.71,
    'open': 6.95,
    'symbol': 'QUBT',
    'timestamp': datetime.datetime(2025, 4, 15, 4, 0, tzinfo=TzInfo(UTC)),
    'trade_count': 32592.0,
    'volume': 5957121.0,
    'vwap': 6.884435}, {   'close': 6.41,
    'high': 6.7,
    'low': 6.28,
    'open': 6.7,
    'symbol': 'QUBT',
    'timestamp': datetime.datetime(2025, 4, 16, 4, 0, tzinfo=TzInfo(UTC)),
    'trade_count': 33333.0,
    'volume': 5861814.0,
    'vwap': 6.478565}, {   'close': 6.41,
    'high': 6.52,
    'low': 6.2444,
    'open': 6.4,
    'symbol': 'QUBT',
    'timestamp': datetime.datetime(2025, 4, 17, 4, 0, tzinfo=TzInfo(UTC)),
    'trade_count': 27340.0,
    'volume': 4240374.0,
    'vwap': 6.370443}, {   'close': 5.87,
    'high': 6.23,
    'low': 5.76,
    'open': 6.21,
    'symbol': 'QUBT',
    'timestamp': datetime.datetime(2025, 4, 21, 4, 0, tzinfo=TzInfo(UTC)),
    'trade_count': 34829.0,
    'volume': 5384014.0,
    'vwap': 5.901446}, {   'close': 5.94,
    'high': 6.08,
    'low': 5.89,
    'open': 5.92,
    'symbol': 'QUBT',
    'timestamp': datetime.datetime(2025, 4, 22, 4, 0, tzinfo=TzInfo(UTC)),
    'trade_count': 26806.0,
    'volume': 4673168.0,
    'vwap': 5.976637}, {   'close': 6.37,
    'high': 6.83,
    'low': 6.3299,
    'open': 6.33,
    'symbol': 'QUBT',
    'timestamp': datetime.datetime(2025, 4, 23, 4, 0, tzinfo=TzInfo(UTC)),
    'trade_count': 58834.0,
    'volume': 10750295.0,
    'vwap': 6.524319}, {   'close': 6.94,
    'high': 7.26,
    'low': 6.25,
    'open': 6.39,
    'symbol': 'QUBT',
    'timestamp': datetime.datetime(2025, 4, 24, 4, 0, tzinfo=TzInfo(UTC)),
    'trade_count': 58846.0,
    'volume': 10972483.0,
    'vwap': 6.990662}, {   'close': 7.13,
    'high': 7.5694,
    'low': 6.79,
    'open': 6.965,
    'symbol': 'QUBT',
    'timestamp': datetime.datetime(2025, 4, 25, 4, 0, tzinfo=TzInfo(UTC)),
    'trade_count': 74175.0,
    'volume': 13210395.0,
    'vwap': 7.085242}, {   'close': 7.13,
    'high': 7.555,
    'low': 6.91,
    'open': 7.275,
    'symbol': 'QUBT',
    'timestamp': datetime.datetime(2025, 4, 28, 4, 0, tzinfo=TzInfo(UTC)),
    'trade_count': 47038.0,
    'volume': 8260102.0,
    'vwap': 7.135079}, {   'close': 6.91,
    'high': 7.39,
    'low': 6.91,
    'open': 7.28,
    'symbol': 'QUBT',
    'timestamp': datetime.datetime(2025, 4, 29, 4, 0, tzinfo=TzInfo(UTC)),
    'trade_count': 38616.0,
    'volume': 6847640.0,
    'vwap': 7.071993}, {   'close': 6.74,
    'high': 6.77,
    'low': 6.49,
    'open': 6.68,
    'symbol': 'QUBT',
    'timestamp': datetime.datetime(2025, 4, 30, 4, 0, tzinfo=TzInfo(UTC)),
    'trade_count': 34321.0,
    'volume': 5471010.0,
    'vwap': 6.630589}, {   'close': 7.02,
    'high': 7.145,
    'low': 6.845,
    'open': 7.03,
    'symbol': 'QUBT',
    'timestamp': datetime.datetime(2025, 5, 1, 4, 0, tzinfo=TzInfo(UTC)),
    'trade_count': 34489.0,
    'volume': 5983598.0,
    'vwap': 7.006432}, {   'close': 8.01,
    'high': 8.03,
    'low': 7.02,
    'open': 7.1,
    'symbol': 'QUBT',
    'timestamp': datetime.datetime(2025, 5, 2, 4, 0, tzinfo=TzInfo(UTC)),
    'trade_count': 71802.0,
    'volume': 13825868.0,
    'vwap': 7.670428}, {   'close': 7.33,
    'high': 7.8573,
    'low': 7.31,
    'open': 7.7,
    'symbol': 'QUBT',
    'timestamp': datetime.datetime(2025, 5, 5, 4, 0, tzinfo=TzInfo(UTC)),
    'trade_count': 54487.0,
    'volume': 7979807.0,
    'vwap': 7.491947}, {   'close': 7.08,
    'high': 7.18,
    'low': 6.83,
    'open': 7.14,
    'symbol': 'QUBT',
    'timestamp': datetime.datetime(2025, 5, 6, 4, 0, tzinfo=TzInfo(UTC)),
    'trade_count': 44285.0,
    'volume': 6660370.0,
    'vwap': 7.004545}, {   'close': 7.08,
    'high': 7.23,
    'low': 6.92,
    'open': 7.085,
    'symbol': 'QUBT',
    'timestamp': datetime.datetime(2025, 5, 7, 4, 0, tzinfo=TzInfo(UTC)),
    'trade_count': 28713.0,
    'volume': 4051702.0,
    'vwap': 7.069449}, {   'close': 8.44,
    'high': 8.535,
    'low': 7.19,
    'open': 7.595,
    'symbol': 'QUBT',
    'timestamp': datetime.datetime(2025, 5, 8, 4, 0, tzinfo=TzInfo(UTC)),
    'trade_count': 125062.0,
    'volume': 25447064.0,
    'vwap': 7.94226}, {   'close': 8.59,
    'high': 8.87,
    'low': 8.12,
    'open': 8.19,
    'symbol': 'QUBT',
    'timestamp': datetime.datetime(2025, 5, 9, 4, 0, tzinfo=TzInfo(UTC)),
    'trade_count': 95139.0,
    'volume': 16679820.0,
    'vwap': 8.5061}, {   'close': 9.1,
    'high': 9.56,
    'low': 8.77,
    'open': 9.5,
    'symbol': 'QUBT',
    'timestamp': datetime.datetime(2025, 5, 12, 4, 0, tzinfo=TzInfo(UTC)),
    'trade_count': 106604.0,
    'volume': 19198679.0,
    'vwap': 9.215585}, {   'close': 8.79,
    'high': 9.2,
    'low': 8.6601,
    'open': 9.0,
    'symbol': 'QUBT',
    'timestamp': datetime.datetime(2025, 5, 13, 4, 0, tzinfo=TzInfo(UTC)),
    'trade_count': 69250.0,
    'volume': 11187762.0,
    'vwap': 8.910932}, {   'close': 8.93,
    'high': 9.55,
    'low': 8.725,
    'open': 9.0,
    'symbol': 'QUBT',
    'timestamp': datetime.datetime(2025, 5, 14, 4, 0, tzinfo=TzInfo(UTC)),
    'trade_count': 124244.0,
    'volume': 24445346.0,
    'vwap': 9.020886}, {   'close': 9.24,
    'high': 9.29,
    'low': 8.74,
    'open': 8.88,
    'symbol': 'QUBT',
    'timestamp': datetime.datetime(2025, 5, 15, 4, 0, tzinfo=TzInfo(UTC)),
    'trade_count': 113944.0,
    'volume': 23345186.0,
    'vwap': 9.074591}, {   'close': 12.87,
    'high': 12.96,
    'low': 10.26,
    'open': 10.53,
    'symbol': 'QUBT',
    'timestamp': datetime.datetime(2025, 5, 16, 4, 0, tzinfo=TzInfo(UTC)),
    'trade_count': 486004.0,
    'volume': 92117476.0,
    'vwap': 12.001226}, {   'close': 11.83,
    'high': 12.23,
    'low': 11.2,
    'open': 12.09,
    'symbol': 'QUBT',
    'timestamp': datetime.datetime(2025, 5, 19, 4, 0, tzinfo=TzInfo(UTC)),
    'trade_count': 223377.0,
    'volume': 39003771.0,
    'vwap': 11.804788}, {   'close': 11.51,
    'high': 12.84,
    'low': 11.27,
    'open': 12.74,
    'symbol': 'QUBT',
    'timestamp': datetime.datetime(2025, 5, 20, 4, 0, tzinfo=TzInfo(UTC)),
    'trade_count': 225065.0,
    'volume': 46686046.0,
    'vwap': 11.870405}, {   'close': 10.54,
    'high': 11.75,
    'low': 10.37,
    'open': 11.41,
    'symbol': 'QUBT',
    'timestamp': datetime.datetime(2025, 5, 21, 4, 0, tzinfo=TzInfo(UTC)),
    'trade_count': 173848.0,
    'volume': 29309603.0,
    'vwap': 11.089763}, {   'close': 12.07,
    'high': 12.5,
    'low': 10.37,
    'open': 10.58,
    'symbol': 'QUBT',
    'timestamp': datetime.datetime(2025, 5, 22, 4, 0, tzinfo=TzInfo(UTC)),
    'trade_count': 237091.0,
    'volume': 45716540.0,
    'vwap': 11.768264}, {   'close': 13.31,
    'high': 14.3,
    'low': 11.28,
    'open': 11.33,
    'symbol': 'QUBT',
    'timestamp': datetime.datetime(2025, 5, 23, 4, 0, tzinfo=TzInfo(UTC)),
    'trade_count': 458896.0,
    'volume': 88710866.0,
    'vwap': 13.433758}, {   'close': 13.0,
    'high': 14.13,
    'low': 12.675,
    'open': 13.975,
    'symbol': 'QUBT',
    'timestamp': datetime.datetime(2025, 5, 27, 4, 0, tzinfo=TzInfo(UTC)),
    'trade_count': 230590.0,
    'volume': 38494693.0,
    'vwap': 13.150248}, {   'close': 12.79,
    'high': 13.36,
    'low': 12.5626,
    'open': 12.78,
    'symbol': 'QUBT',
    'timestamp': datetime.datetime(2025, 5, 28, 4, 0, tzinfo=TzInfo(UTC)),
    'trade_count': 129573.0,
    'volume': 22811704.0,
    'vwap': 12.819431}, {   'close': 12.43,
    'high': 14.68,
    'low': 12.12,
    'open': 13.64,
    'symbol': 'QUBT',
    'timestamp': datetime.datetime(2025, 5, 29, 4, 0, tzinfo=TzInfo(UTC)),
    'trade_count': 234011.0,
    'volume': 39896605.0,
    'vwap': 12.858961}, {   'close': 11.325,
    'high': 12.31,
    'low': 11.12,
    'open': 12.06,
    'symbol': 'QUBT',
    'timestamp': datetime.datetime(2025, 5, 30, 4, 0, tzinfo=TzInfo(UTC)),
    'trade_count': 134901.0,
    'volume': 25676828.0,
    'vwap': 11.63544}, {   'close': 11.8,
    'high': 11.84,
    'low': 10.85,
    'open': 11.31,
    'symbol': 'QUBT',
    'timestamp': datetime.datetime(2025, 6, 2, 4, 0, tzinfo=TzInfo(UTC)),
    'trade_count': 72668.0,
    'volume': 12213759.0,
    'vwap': 11.265436}, {   'close': 12.4,
    'high': 12.42,
    'low': 11.55,
    'open': 12.215,
    'symbol': 'QUBT',
    'timestamp': datetime.datetime(2025, 6, 3, 4, 0, tzinfo=TzInfo(UTC)),
    'trade_count': 85205.0,
    'volume': 16460706.0,
    'vwap': 12.013499}, {   'close': 12.83,
    'high': 12.87,
    'low': 12.1703,
    'open': 12.46,
    'symbol': 'QUBT',
    'timestamp': datetime.datetime(2025, 6, 4, 4, 0, tzinfo=TzInfo(UTC)),
    'trade_count': 68837.0,
    'volume': 13006426.0,
    'vwap': 12.550181}, {   'close': 11.83,
    'high': 12.715,
    'low': 11.66,
    'open': 12.65,
    'symbol': 'QUBT',
    'timestamp': datetime.datetime(2025, 6, 5, 4, 0, tzinfo=TzInfo(UTC)),
    'trade_count': 83137.0,
    'volume': 14163457.0,
    'vwap': 12.18734}, {   'close': 13.7,
    'high': 13.85,
    'low': 11.88,
    'open': 12.16,
    'symbol': 'QUBT',
    'timestamp': datetime.datetime(2025, 6, 6, 4, 0, tzinfo=TzInfo(UTC)),
    'trade_count': 190269.0,
    'volume': 35529015.0,
    'vwap': 13.339867}, {   'close': 14.34,
    'high': 15.02,
    'low': 13.62,
    'open': 14.76,
    'symbol': 'QUBT',
    'timestamp': datetime.datetime(2025, 6, 9, 4, 0, tzinfo=TzInfo(UTC)),
    'trade_count': 215884.0,
    'volume': 35618623.0,
    'vwap': 14.342044}, {   'close': 15.13,
    'high': 17.595,
    'low': 14.42,
    'open': 14.69,
    'symbol': 'QUBT',
    'timestamp': datetime.datetime(2025, 6, 10, 4, 0, tzinfo=TzInfo(UTC)),
    'trade_count': 373544.0,
    'volume': 66532989.0,
    'vwap': 16.243868}, {   'close': 18.97,
    'high': 20.91,
    'low': 16.62,
    'open': 17.1,
    'symbol': 'QUBT',
    'timestamp': datetime.datetime(2025, 6, 11, 4, 0, tzinfo=TzInfo(UTC)),
    'trade_count': 703260.0,
    'volume': 131799356.0,
    'vwap': 19.135379}, {   'close': 17.51,
    'high': 20.18,
    'low': 17.34,
    'open': 19.73,
    'symbol': 'QUBT',
    'timestamp': datetime.datetime(2025, 6, 12, 4, 0, tzinfo=TzInfo(UTC)),
    'trade_count': 376329.0,
    'volume': 60176956.0,
    'vwap': 18.34474}, {   'close': 16.68,
    'high': 17.68,
    'low': 16.45,
    'open': 16.98,
    'symbol': 'QUBT',
    'timestamp': datetime.datetime(2025, 6, 13, 4, 0, tzinfo=TzInfo(UTC)),
    'trade_count': 148140.0,
    'volume': 21509270.0,
    'vwap': 17.046176}]}
2025-06-15 20:49:39,213 - data_provider - DEBUG - Using object response, data type: <class 'dict'>
2025-06-15 20:49:39,213 - data_provider - DEBUG - Data dir: ['__class__', '__class_getitem__', '__contains__', '__delattr__', '__delitem__', '__dir__', '__doc__', '__eq__', '__format__', '__ge__', '__getattribute__', '__getitem__', '__getstate__', '__gt__', '__hash__', '__init__', '__init_subclass__', '__ior__', '__iter__', '__le__', '__len__', '__lt__', '__ne__', '__new__', '__or__', '__reduce__', '__reduce_ex__', '__repr__', '__reversed__', '__ror__', '__setattr__', '__setitem__', '__sizeof__', '__str__', '__subclasshook__', 'clear', 'copy', 'fromkeys', 'get', 'items', 'keys', 'pop', 'popitem', 'setdefault', 'update', 'values']
2025-06-15 20:49:39,214 - data_provider - DEBUG - Data content for symbol QUBT: {'QUBT': [{   'close': 6.21,
    'high': 7.11,
    'low': 6.105,
    'open': 7.03,
    'symbol': 'QUBT',
    'timestamp': datetime.datetime(2025, 4, 8, 4, 0, tzinfo=TzInfo(UTC)),
    'trade_count': 63782.0,
    'volume': 11888158.0,
    'vwap': 6.626406}, {   'close': 6.85,
    'high': 7.06,
    'low': 5.91,
    'open': 6.1,
    'symbol': 'QUBT',
    'timestamp': datetime.datetime(2025, 4, 9, 4, 0, tzinfo=TzInfo(UTC)),
    'trade_count': 80314.0,
    'volume': 16351736.0,
    'vwap': 6.518004}, {   'close': 6.85,
    'high': 7.04,
    'low': 6.52,
    'open': 6.75,
    'symbol': 'QUBT',
    'timestamp': datetime.datetime(2025, 4, 10, 4, 0, tzinfo=TzInfo(UTC)),
    'trade_count': 52403.0,
    'volume': 9722716.0,
    'vwap': 6.796001}, {   'close': 6.84,
    'high': 7.02,
    'low': 6.5219,
    'open': 6.86,
    'symbol': 'QUBT',
    'timestamp': datetime.datetime(2025, 4, 11, 4, 0, tzinfo=TzInfo(UTC)),
    'trade_count': 42953.0,
    'volume': 7407206.0,
    'vwap': 6.76989}, {   'close': 6.99,
    'high': 7.575,
    'low': 6.76,
    'open': 7.2,
    'symbol': 'QUBT',
    'timestamp': datetime.datetime(2025, 4, 14, 4, 0, tzinfo=TzInfo(UTC)),
    'trade_count': 58497.0,
    'volume': 11801115.0,
    'vwap': 7.134725}, {   'close': 6.83,
    'high': 7.08,
    'low': 6.71,
    'open': 6.95,
    'symbol': 'QUBT',
    'timestamp': datetime.datetime(2025, 4, 15, 4, 0, tzinfo=TzInfo(UTC)),
    'trade_count': 32592.0,
    'volume': 5957121.0,
    'vwap': 6.884435}, {   'close': 6.41,
    'high': 6.7,
    'low': 6.28,
    'open': 6.7,
    'symbol': 'QUBT',
    'timestamp': datetime.datetime(2025, 4, 16, 4, 0, tzinfo=TzInfo(UTC)),
    'trade_count': 33333.0,
    'volume': 5861814.0,
    'vwap': 6.478565}, {   'close': 6.41,
    'high': 6.52,
    'low': 6.2444,
    'open': 6.4,
    'symbol': 'QUBT',
    'timestamp': datetime.datetime(2025, 4, 17, 4, 0, tzinfo=TzInfo(UTC)),
    'trade_count': 27340.0,
    'volume': 4240374.0,
    'vwap': 6.370443}, {   'close': 5.87,
    'high': 6.23,
    'low': 5.76,
    'open': 6.21,
    'symbol': 'QUBT',
    'timestamp': datetime.datetime(2025, 4, 21, 4, 0, tzinfo=TzInfo(UTC)),
    'trade_count': 34829.0,
    'volume': 5384014.0,
    'vwap': 5.901446}, {   'close': 5.94,
    'high': 6.08,
    'low': 5.89,
    'open': 5.92,
    'symbol': 'QUBT',
    'timestamp': datetime.datetime(2025, 4, 22, 4, 0, tzinfo=TzInfo(UTC)),
    'trade_count': 26806.0,
    'volume': 4673168.0,
    'vwap': 5.976637}, {   'close': 6.37,
    'high': 6.83,
    'low': 6.3299,
    'open': 6.33,
    'symbol': 'QUBT',
    'timestamp': datetime.datetime(2025, 4, 23, 4, 0, tzinfo=TzInfo(UTC)),
    'trade_count': 58834.0,
    'volume': 10750295.0,
    'vwap': 6.524319}, {   'close': 6.94,
    'high': 7.26,
    'low': 6.25,
    'open': 6.39,
    'symbol': 'QUBT',
    'timestamp': datetime.datetime(2025, 4, 24, 4, 0, tzinfo=TzInfo(UTC)),
    'trade_count': 58846.0,
    'volume': 10972483.0,
    'vwap': 6.990662}, {   'close': 7.13,
    'high': 7.5694,
    'low': 6.79,
    'open': 6.965,
    'symbol': 'QUBT',
    'timestamp': datetime.datetime(2025, 4, 25, 4, 0, tzinfo=TzInfo(UTC)),
    'trade_count': 74175.0,
    'volume': 13210395.0,
    'vwap': 7.085242}, {   'close': 7.13,
    'high': 7.555,
    'low': 6.91,
    'open': 7.275,
    'symbol': 'QUBT',
    'timestamp': datetime.datetime(2025, 4, 28, 4, 0, tzinfo=TzInfo(UTC)),
    'trade_count': 47038.0,
    'volume': 8260102.0,
    'vwap': 7.135079}, {   'close': 6.91,
    'high': 7.39,
    'low': 6.91,
    'open': 7.28,
    'symbol': 'QUBT',
    'timestamp': datetime.datetime(2025, 4, 29, 4, 0, tzinfo=TzInfo(UTC)),
    'trade_count': 38616.0,
    'volume': 6847640.0,
    'vwap': 7.071993}, {   'close': 6.74,
    'high': 6.77,
    'low': 6.49,
    'open': 6.68,
    'symbol': 'QUBT',
    'timestamp': datetime.datetime(2025, 4, 30, 4, 0, tzinfo=TzInfo(UTC)),
    'trade_count': 34321.0,
    'volume': 5471010.0,
    'vwap': 6.630589}, {   'close': 7.02,
    'high': 7.145,
    'low': 6.845,
    'open': 7.03,
    'symbol': 'QUBT',
    'timestamp': datetime.datetime(2025, 5, 1, 4, 0, tzinfo=TzInfo(UTC)),
    'trade_count': 34489.0,
    'volume': 5983598.0,
    'vwap': 7.006432}, {   'close': 8.01,
    'high': 8.03,
    'low': 7.02,
    'open': 7.1,
    'symbol': 'QUBT',
    'timestamp': datetime.datetime(2025, 5, 2, 4, 0, tzinfo=TzInfo(UTC)),
    'trade_count': 71802.0,
    'volume': 13825868.0,
    'vwap': 7.670428}, {   'close': 7.33,
    'high': 7.8573,
    'low': 7.31,
    'open': 7.7,
    'symbol': 'QUBT',
    'timestamp': datetime.datetime(2025, 5, 5, 4, 0, tzinfo=TzInfo(UTC)),
    'trade_count': 54487.0,
    'volume': 7979807.0,
    'vwap': 7.491947}, {   'close': 7.08,
    'high': 7.18,
    'low': 6.83,
    'open': 7.14,
    'symbol': 'QUBT',
    'timestamp': datetime.datetime(2025, 5, 6, 4, 0, tzinfo=TzInfo(UTC)),
    'trade_count': 44285.0,
    'volume': 6660370.0,
    'vwap': 7.004545}, {   'close': 7.08,
    'high': 7.23,
    'low': 6.92,
    'open': 7.085,
    'symbol': 'QUBT',
    'timestamp': datetime.datetime(2025, 5, 7, 4, 0, tzinfo=TzInfo(UTC)),
    'trade_count': 28713.0,
    'volume': 4051702.0,
    'vwap': 7.069449}, {   'close': 8.44,
    'high': 8.535,
    'low': 7.19,
    'open': 7.595,
    'symbol': 'QUBT',
    'timestamp': datetime.datetime(2025, 5, 8, 4, 0, tzinfo=TzInfo(UTC)),
    'trade_count': 125062.0,
    'volume': 25447064.0,
    'vwap': 7.94226}, {   'close': 8.59,
    'high': 8.87,
    'low': 8.12,
    'open': 8.19,
    'symbol': 'QUBT',
    'timestamp': datetime.datetime(2025, 5, 9, 4, 0, tzinfo=TzInfo(UTC)),
    'trade_count': 95139.0,
    'volume': 16679820.0,
    'vwap': 8.5061}, {   'close': 9.1,
    'high': 9.56,
    'low': 8.77,
    'open': 9.5,
    'symbol': 'QUBT',
    'timestamp': datetime.datetime(2025, 5, 12, 4, 0, tzinfo=TzInfo(UTC)),
    'trade_count': 106604.0,
    'volume': 19198679.0,
    'vwap': 9.215585}, {   'close': 8.79,
    'high': 9.2,
    'low': 8.6601,
    'open': 9.0,
    'symbol': 'QUBT',
    'timestamp': datetime.datetime(2025, 5, 13, 4, 0, tzinfo=TzInfo(UTC)),
    'trade_count': 69250.0,
    'volume': 11187762.0,
    'vwap': 8.910932}, {   'close': 8.93,
    'high': 9.55,
    'low': 8.725,
    'open': 9.0,
    'symbol': 'QUBT',
    'timestamp': datetime.datetime(2025, 5, 14, 4, 0, tzinfo=TzInfo(UTC)),
    'trade_count': 124244.0,
    'volume': 24445346.0,
    'vwap': 9.020886}, {   'close': 9.24,
    'high': 9.29,
    'low': 8.74,
    'open': 8.88,
    'symbol': 'QUBT',
    'timestamp': datetime.datetime(2025, 5, 15, 4, 0, tzinfo=TzInfo(UTC)),
    'trade_count': 113944.0,
    'volume': 23345186.0,
    'vwap': 9.074591}, {   'close': 12.87,
    'high': 12.96,
    'low': 10.26,
    'open': 10.53,
    'symbol': 'QUBT',
    'timestamp': datetime.datetime(2025, 5, 16, 4, 0, tzinfo=TzInfo(UTC)),
    'trade_count': 486004.0,
    'volume': 92117476.0,
    'vwap': 12.001226}, {   'close': 11.83,
    'high': 12.23,
    'low': 11.2,
    'open': 12.09,
    'symbol': 'QUBT',
    'timestamp': datetime.datetime(2025, 5, 19, 4, 0, tzinfo=TzInfo(UTC)),
    'trade_count': 223377.0,
    'volume': 39003771.0,
    'vwap': 11.804788}, {   'close': 11.51,
    'high': 12.84,
    'low': 11.27,
    'open': 12.74,
    'symbol': 'QUBT',
    'timestamp': datetime.datetime(2025, 5, 20, 4, 0, tzinfo=TzInfo(UTC)),
    'trade_count': 225065.0,
    'volume': 46686046.0,
    'vwap': 11.870405}, {   'close': 10.54,
    'high': 11.75,
    'low': 10.37,
    'open': 11.41,
    'symbol': 'QUBT',
    'timestamp': datetime.datetime(2025, 5, 21, 4, 0, tzinfo=TzInfo(UTC)),
    'trade_count': 173848.0,
    'volume': 29309603.0,
    'vwap': 11.089763}, {   'close': 12.07,
    'high': 12.5,
    'low': 10.37,
    'open': 10.58,
    'symbol': 'QUBT',
    'timestamp': datetime.datetime(2025, 5, 22, 4, 0, tzinfo=TzInfo(UTC)),
    'trade_count': 237091.0,
    'volume': 45716540.0,
    'vwap': 11.768264}, {   'close': 13.31,
    'high': 14.3,
    'low': 11.28,
    'open': 11.33,
    'symbol': 'QUBT',
    'timestamp': datetime.datetime(2025, 5, 23, 4, 0, tzinfo=TzInfo(UTC)),
    'trade_count': 458896.0,
    'volume': 88710866.0,
    'vwap': 13.433758}, {   'close': 13.0,
    'high': 14.13,
    'low': 12.675,
    'open': 13.975,
    'symbol': 'QUBT',
    'timestamp': datetime.datetime(2025, 5, 27, 4, 0, tzinfo=TzInfo(UTC)),
    'trade_count': 230590.0,
    'volume': 38494693.0,
    'vwap': 13.150248}, {   'close': 12.79,
    'high': 13.36,
    'low': 12.5626,
    'open': 12.78,
    'symbol': 'QUBT',
    'timestamp': datetime.datetime(2025, 5, 28, 4, 0, tzinfo=TzInfo(UTC)),
    'trade_count': 129573.0,
    'volume': 22811704.0,
    'vwap': 12.819431}, {   'close': 12.43,
    'high': 14.68,
    'low': 12.12,
    'open': 13.64,
    'symbol': 'QUBT',
    'timestamp': datetime.datetime(2025, 5, 29, 4, 0, tzinfo=TzInfo(UTC)),
    'trade_count': 234011.0,
    'volume': 39896605.0,
    'vwap': 12.858961}, {   'close': 11.325,
    'high': 12.31,
    'low': 11.12,
    'open': 12.06,
    'symbol': 'QUBT',
    'timestamp': datetime.datetime(2025, 5, 30, 4, 0, tzinfo=TzInfo(UTC)),
    'trade_count': 134901.0,
    'volume': 25676828.0,
    'vwap': 11.63544}, {   'close': 11.8,
    'high': 11.84,
    'low': 10.85,
    'open': 11.31,
    'symbol': 'QUBT',
    'timestamp': datetime.datetime(2025, 6, 2, 4, 0, tzinfo=TzInfo(UTC)),
    'trade_count': 72668.0,
    'volume': 12213759.0,
    'vwap': 11.265436}, {   'close': 12.4,
    'high': 12.42,
    'low': 11.55,
    'open': 12.215,
    'symbol': 'QUBT',
    'timestamp': datetime.datetime(2025, 6, 3, 4, 0, tzinfo=TzInfo(UTC)),
    'trade_count': 85205.0,
    'volume': 16460706.0,
    'vwap': 12.013499}, {   'close': 12.83,
    'high': 12.87,
    'low': 12.1703,
    'open': 12.46,
    'symbol': 'QUBT',
    'timestamp': datetime.datetime(2025, 6, 4, 4, 0, tzinfo=TzInfo(UTC)),
    'trade_count': 68837.0,
    'volume': 13006426.0,
    'vwap': 12.550181}, {   'close': 11.83,
    'high': 12.715,
    'low': 11.66,
    'open': 12.65,
    'symbol': 'QUBT',
    'timestamp': datetime.datetime(2025, 6, 5, 4, 0, tzinfo=TzInfo(UTC)),
    'trade_count': 83137.0,
    'volume': 14163457.0,
    'vwap': 12.18734}, {   'close': 13.7,
    'high': 13.85,
    'low': 11.88,
    'open': 12.16,
    'symbol': 'QUBT',
    'timestamp': datetime.datetime(2025, 6, 6, 4, 0, tzinfo=TzInfo(UTC)),
    'trade_count': 190269.0,
    'volume': 35529015.0,
    'vwap': 13.339867}, {   'close': 14.34,
    'high': 15.02,
    'low': 13.62,
    'open': 14.76,
    'symbol': 'QUBT',
    'timestamp': datetime.datetime(2025, 6, 9, 4, 0, tzinfo=TzInfo(UTC)),
    'trade_count': 215884.0,
    'volume': 35618623.0,
    'vwap': 14.342044}, {   'close': 15.13,
    'high': 17.595,
    'low': 14.42,
    'open': 14.69,
    'symbol': 'QUBT',
    'timestamp': datetime.datetime(2025, 6, 10, 4, 0, tzinfo=TzInfo(UTC)),
    'trade_count': 373544.0,
    'volume': 66532989.0,
    'vwap': 16.243868}, {   'close': 18.97,
    'high': 20.91,
    'low': 16.62,
    'open': 17.1,
    'symbol': 'QUBT',
    'timestamp': datetime.datetime(2025, 6, 11, 4, 0, tzinfo=TzInfo(UTC)),
    'trade_count': 703260.0,
    'volume': 131799356.0,
    'vwap': 19.135379}, {   'close': 17.51,
    'high': 20.18,
    'low': 17.34,
    'open': 19.73,
    'symbol': 'QUBT',
    'timestamp': datetime.datetime(2025, 6, 12, 4, 0, tzinfo=TzInfo(UTC)),
    'trade_count': 376329.0,
    'volume': 60176956.0,
    'vwap': 18.34474}, {   'close': 16.68,
    'high': 17.68,
    'low': 16.45,
    'open': 16.98,
    'symbol': 'QUBT',
    'timestamp': datetime.datetime(2025, 6, 13, 4, 0, tzinfo=TzInfo(UTC)),
    'trade_count': 148140.0,
    'volume': 21509270.0,
    'vwap': 17.046176}]}
2025-06-15 20:49:39,222 - data_provider - DEBUG - Looking for symbol QUBT in data
2025-06-15 20:49:39,222 - data_provider - DEBUG - Dict access result for QUBT: Found
2025-06-15 20:49:39,401 - data_provider - DEBUG - API response type: <class 'alpaca.data.models.bars.BarSet'>
2025-06-15 20:49:39,402 - data_provider - DEBUG - API response dir: ['__abstractmethods__', '__annotations__', '__class__', '__class_getitem__', '__class_vars__', '__copy__', '__deepcopy__', '__delattr__', '__dict__', '__dir__', '__doc__', '__eq__', '__fields__', '__fields_set__', '__firstlineno__', '__format__', '__ge__', '__get_pydantic_core_schema__', '__get_pydantic_json_schema__', '__getattr__', '__getattribute__', '__getitem__', '__getstate__', '__gt__', '__hash__', '__init__', '__init_subclass__', '__iter__', '__le__', '__lt__', '__module__', '__ne__', '__new__', '__pretty__', '__private_attributes__', '__pydantic_complete__', '__pydantic_computed_fields__', '__pydantic_core_schema__', '__pydantic_custom_init__', '__pydantic_decorators__', '__pydantic_extra__', '__pydantic_fields__', '__pydantic_fields_set__', '__pydantic_generic_metadata__', '__pydantic_init_subclass__', '__pydantic_parent_namespace__', '__pydantic_post_init__', '__pydantic_private__', '__pydantic_root_model__', '__pydantic_serializer__', '__pydantic_setattr_handlers__', '__pydantic_validator__', '__reduce__', '__reduce_ex__', '__replace__', '__repr__', '__repr_args__', '__repr_name__', '__repr_recursion__', '__repr_str__', '__rich_repr__', '__setattr__', '__setstate__', '__signature__', '__sizeof__', '__slots__', '__static_attributes__', '__str__', '__subclasshook__', '__weakref__', '_abc_impl', '_calculate_keys', '_copy_and_set_values', '_get_value', '_iter', '_setattr_handler', 'construct', 'copy', 'data', 'df', 'dict', 'from_orm', 'json', 'model_computed_fields', 'model_config', 'model_construct', 'model_copy', 'model_dump', 'model_dump_json', 'model_extra', 'model_fields', 'model_fields_set', 'model_json_schema', 'model_parametrized_name', 'model_post_init', 'model_rebuild', 'model_validate', 'model_validate_json', 'model_validate_strings', 'parse_file', 'parse_obj', 'parse_raw', 'schema', 'schema_json', 'update_forward_refs', 'validate']
2025-06-15 20:49:39,404 - data_provider - DEBUG - Raw API response for symbol TSLQ: data={'TSLQ': [{   'close': 20.16,
    'high': 24.1793,
    'low': 20.0,
    'open': 23.55,
    'symbol': 'TSLQ',
    'timestamp': datetime.datetime(2025, 6, 9, 4, 0, tzinfo=TzInfo(UTC)),
    'trade_count': 189824.0,
    'volume': 43064784.0,
    'vwap': 21.950277}, {   'close': 17.9,
    'high': 19.91,
    'low': 17.68,
    'open': 19.34,
    'symbol': 'TSLQ',
    'timestamp': datetime.datetime(2025, 6, 10, 4, 0, tzinfo=TzInfo(UTC)),
    'trade_count': 132642.0,
    'volume': 38400201.0,
    'vwap': 18.783168}, {   'close': 17.86,
    'high': 18.27,
    'low': 16.9,
    'open': 16.98,
    'symbol': 'TSLQ',
    'timestamp': datetime.datetime(2025, 6, 11, 4, 0, tzinfo=TzInfo(UTC)),
    'trade_count': 97067.0,
    'volume': 29410895.0,
    'vwap': 17.584659}, {   'close': 18.65,
    'high': 18.91,
    'low': 17.2,
    'open': 18.24,
    'symbol': 'TSLQ',
    'timestamp': datetime.datetime(2025, 6, 12, 4, 0, tzinfo=TzInfo(UTC)),
    'trade_count': 101710.0,
    'volume': 30279313.0,
    'vwap': 18.090666}, {   'close': 17.94,
    'high': 19.36,
    'low': 17.06,
    'open': 19.29,
    'symbol': 'TSLQ',
    'timestamp': datetime.datetime(2025, 6, 13, 4, 0, tzinfo=TzInfo(UTC)),
    'trade_count': 155101.0,
    'volume': 49630601.0,
    'vwap': 18.053408}]}
2025-06-15 20:49:39,405 - data_provider - DEBUG - Using object response, data type: <class 'dict'>
2025-06-15 20:49:39,405 - data_provider - DEBUG - Data dir: ['__class__', '__class_getitem__', '__contains__', '__delattr__', '__delitem__', '__dir__', '__doc__', '__eq__', '__format__', '__ge__', '__getattribute__', '__getitem__', '__getstate__', '__gt__', '__hash__', '__init__', '__init_subclass__', '__ior__', '__iter__', '__le__', '__len__', '__lt__', '__ne__', '__new__', '__or__', '__reduce__', '__reduce_ex__', '__repr__', '__reversed__', '__ror__', '__setattr__', '__setitem__', '__sizeof__', '__str__', '__subclasshook__', 'clear', 'copy', 'fromkeys', 'get', 'items', 'keys', 'pop', 'popitem', 'setdefault', 'update', 'values']
2025-06-15 20:49:39,405 - data_provider - DEBUG - Data content for symbol TSLQ: {'TSLQ': [{   'close': 20.16,
    'high': 24.1793,
    'low': 20.0,
    'open': 23.55,
    'symbol': 'TSLQ',
    'timestamp': datetime.datetime(2025, 6, 9, 4, 0, tzinfo=TzInfo(UTC)),
    'trade_count': 189824.0,
    'volume': 43064784.0,
    'vwap': 21.950277}, {   'close': 17.9,
    'high': 19.91,
    'low': 17.68,
    'open': 19.34,
    'symbol': 'TSLQ',
    'timestamp': datetime.datetime(2025, 6, 10, 4, 0, tzinfo=TzInfo(UTC)),
    'trade_count': 132642.0,
    'volume': 38400201.0,
    'vwap': 18.783168}, {   'close': 17.86,
    'high': 18.27,
    'low': 16.9,
    'open': 16.98,
    'symbol': 'TSLQ',
    'timestamp': datetime.datetime(2025, 6, 11, 4, 0, tzinfo=TzInfo(UTC)),
    'trade_count': 97067.0,
    'volume': 29410895.0,
    'vwap': 17.584659}, {   'close': 18.65,
    'high': 18.91,
    'low': 17.2,
    'open': 18.24,
    'symbol': 'TSLQ',
    'timestamp': datetime.datetime(2025, 6, 12, 4, 0, tzinfo=TzInfo(UTC)),
    'trade_count': 101710.0,
    'volume': 30279313.0,
    'vwap': 18.090666}, {   'close': 17.94,
    'high': 19.36,
    'low': 17.06,
    'open': 19.29,
    'symbol': 'TSLQ',
    'timestamp': datetime.datetime(2025, 6, 13, 4, 0, tzinfo=TzInfo(UTC)),
    'trade_count': 155101.0,
    'volume': 49630601.0,
    'vwap': 18.053408}]}
2025-06-15 20:49:39,407 - data_provider - DEBUG - Looking for symbol TSLQ in data
2025-06-15 20:49:39,407 - data_provider - DEBUG - Dict access result for TSLQ: Found
2025-06-15 20:49:39,576 - data_provider - DEBUG - API response type: <class 'alpaca.data.models.bars.BarSet'>
2025-06-15 20:49:39,577 - data_provider - DEBUG - API response dir: ['__abstractmethods__', '__annotations__', '__class__', '__class_getitem__', '__class_vars__', '__copy__', '__deepcopy__', '__delattr__', '__dict__', '__dir__', '__doc__', '__eq__', '__fields__', '__fields_set__', '__firstlineno__', '__format__', '__ge__', '__get_pydantic_core_schema__', '__get_pydantic_json_schema__', '__getattr__', '__getattribute__', '__getitem__', '__getstate__', '__gt__', '__hash__', '__init__', '__init_subclass__', '__iter__', '__le__', '__lt__', '__module__', '__ne__', '__new__', '__pretty__', '__private_attributes__', '__pydantic_complete__', '__pydantic_computed_fields__', '__pydantic_core_schema__', '__pydantic_custom_init__', '__pydantic_decorators__', '__pydantic_extra__', '__pydantic_fields__', '__pydantic_fields_set__', '__pydantic_generic_metadata__', '__pydantic_init_subclass__', '__pydantic_parent_namespace__', '__pydantic_post_init__', '__pydantic_private__', '__pydantic_root_model__', '__pydantic_serializer__', '__pydantic_setattr_handlers__', '__pydantic_validator__', '__reduce__', '__reduce_ex__', '__replace__', '__repr__', '__repr_args__', '__repr_name__', '__repr_recursion__', '__repr_str__', '__rich_repr__', '__setattr__', '__setstate__', '__signature__', '__sizeof__', '__slots__', '__static_attributes__', '__str__', '__subclasshook__', '__weakref__', '_abc_impl', '_calculate_keys', '_copy_and_set_values', '_get_value', '_iter', '_setattr_handler', 'construct', 'copy', 'data', 'df', 'dict', 'from_orm', 'json', 'model_computed_fields', 'model_config', 'model_construct', 'model_copy', 'model_dump', 'model_dump_json', 'model_extra', 'model_fields', 'model_fields_set', 'model_json_schema', 'model_parametrized_name', 'model_post_init', 'model_rebuild', 'model_validate', 'model_validate_json', 'model_validate_strings', 'parse_file', 'parse_obj', 'parse_raw', 'schema', 'schema_json', 'update_forward_refs', 'validate']
2025-06-15 20:49:39,578 - data_provider - DEBUG - Raw API response for symbol RKLB: data={'RKLB': [{   'close': 29.64,
    'high': 32.7,
    'low': 28.3548,
    'open': 30.0,
    'symbol': 'RKLB',
    'timestamp': datetime.datetime(2025, 6, 9, 4, 0, tzinfo=TzInfo(UTC)),
    'trade_count': 455267.0,
    'volume': 60217083.0,
    'vwap': 30.883486}, {   'close': 27.17,
    'high': 29.79,
    'low': 27.0,
    'open': 29.57,
    'symbol': 'RKLB',
    'timestamp': datetime.datetime(2025, 6, 10, 4, 0, tzinfo=TzInfo(UTC)),
    'trade_count': 232286.0,
    'volume': 30798147.0,
    'vwap': 28.011859}, {   'close': 27.36,
    'high': 28.04,
    'low': 26.89,
    'open': 27.715,
    'symbol': 'RKLB',
    'timestamp': datetime.datetime(2025, 6, 11, 4, 0, tzinfo=TzInfo(UTC)),
    'trade_count': 167979.0,
    'volume': 21283359.0,
    'vwap': 27.427469}, {   'close': 26.4,
    'high': 27.41,
    'low': 26.28,
    'open': 27.04,
    'symbol': 'RKLB',
    'timestamp': datetime.datetime(2025, 6, 12, 4, 0, tzinfo=TzInfo(UTC)),
    'trade_count': 120780.0,
    'volume': 12967501.0,
    'vwap': 26.689367}, {   'close': 25.41,
    'high': 26.5097,
    'low': 25.24,
    'open': 25.65,
    'symbol': 'RKLB',
    'timestamp': datetime.datetime(2025, 6, 13, 4, 0, tzinfo=TzInfo(UTC)),
    'trade_count': 131926.0,
    'volume': 15593935.0,
    'vwap': 25.83347}]}
2025-06-15 20:49:39,580 - data_provider - DEBUG - Using object response, data type: <class 'dict'>
2025-06-15 20:49:39,580 - data_provider - DEBUG - Data dir: ['__class__', '__class_getitem__', '__contains__', '__delattr__', '__delitem__', '__dir__', '__doc__', '__eq__', '__format__', '__ge__', '__getattribute__', '__getitem__', '__getstate__', '__gt__', '__hash__', '__init__', '__init_subclass__', '__ior__', '__iter__', '__le__', '__len__', '__lt__', '__ne__', '__new__', '__or__', '__reduce__', '__reduce_ex__', '__repr__', '__reversed__', '__ror__', '__setattr__', '__setitem__', '__sizeof__', '__str__', '__subclasshook__', 'clear', 'copy', 'fromkeys', 'get', 'items', 'keys', 'pop', 'popitem', 'setdefault', 'update', 'values']
2025-06-15 20:49:39,580 - data_provider - DEBUG - Data content for symbol RKLB: {'RKLB': [{   'close': 29.64,
    'high': 32.7,
    'low': 28.3548,
    'open': 30.0,
    'symbol': 'RKLB',
    'timestamp': datetime.datetime(2025, 6, 9, 4, 0, tzinfo=TzInfo(UTC)),
    'trade_count': 455267.0,
    'volume': 60217083.0,
    'vwap': 30.883486}, {   'close': 27.17,
    'high': 29.79,
    'low': 27.0,
    'open': 29.57,
    'symbol': 'RKLB',
    'timestamp': datetime.datetime(2025, 6, 10, 4, 0, tzinfo=TzInfo(UTC)),
    'trade_count': 232286.0,
    'volume': 30798147.0,
    'vwap': 28.011859}, {   'close': 27.36,
    'high': 28.04,
    'low': 26.89,
    'open': 27.715,
    'symbol': 'RKLB',
    'timestamp': datetime.datetime(2025, 6, 11, 4, 0, tzinfo=TzInfo(UTC)),
    'trade_count': 167979.0,
    'volume': 21283359.0,
    'vwap': 27.427469}, {   'close': 26.4,
    'high': 27.41,
    'low': 26.28,
    'open': 27.04,
    'symbol': 'RKLB',
    'timestamp': datetime.datetime(2025, 6, 12, 4, 0, tzinfo=TzInfo(UTC)),
    'trade_count': 120780.0,
    'volume': 12967501.0,
    'vwap': 26.689367}, {   'close': 25.41,
    'high': 26.5097,
    'low': 25.24,
    'open': 25.65,
    'symbol': 'RKLB',
    'timestamp': datetime.datetime(2025, 6, 13, 4, 0, tzinfo=TzInfo(UTC)),
    'trade_count': 131926.0,
    'volume': 15593935.0,
    'vwap': 25.83347}]}
2025-06-15 20:49:39,581 - data_provider - DEBUG - Looking for symbol RKLB in data
2025-06-15 20:49:39,582 - data_provider - DEBUG - Dict access result for RKLB: Found
2025-06-15 20:49:39,727 - data_provider - DEBUG - API response type: <class 'alpaca.data.models.bars.BarSet'>
2025-06-15 20:49:39,727 - data_provider - DEBUG - API response dir: ['__abstractmethods__', '__annotations__', '__class__', '__class_getitem__', '__class_vars__', '__copy__', '__deepcopy__', '__delattr__', '__dict__', '__dir__', '__doc__', '__eq__', '__fields__', '__fields_set__', '__firstlineno__', '__format__', '__ge__', '__get_pydantic_core_schema__', '__get_pydantic_json_schema__', '__getattr__', '__getattribute__', '__getitem__', '__getstate__', '__gt__', '__hash__', '__init__', '__init_subclass__', '__iter__', '__le__', '__lt__', '__module__', '__ne__', '__new__', '__pretty__', '__private_attributes__', '__pydantic_complete__', '__pydantic_computed_fields__', '__pydantic_core_schema__', '__pydantic_custom_init__', '__pydantic_decorators__', '__pydantic_extra__', '__pydantic_fields__', '__pydantic_fields_set__', '__pydantic_generic_metadata__', '__pydantic_init_subclass__', '__pydantic_parent_namespace__', '__pydantic_post_init__', '__pydantic_private__', '__pydantic_root_model__', '__pydantic_serializer__', '__pydantic_setattr_handlers__', '__pydantic_validator__', '__reduce__', '__reduce_ex__', '__replace__', '__repr__', '__repr_args__', '__repr_name__', '__repr_recursion__', '__repr_str__', '__rich_repr__', '__setattr__', '__setstate__', '__signature__', '__sizeof__', '__slots__', '__static_attributes__', '__str__', '__subclasshook__', '__weakref__', '_abc_impl', '_calculate_keys', '_copy_and_set_values', '_get_value', '_iter', '_setattr_handler', 'construct', 'copy', 'data', 'df', 'dict', 'from_orm', 'json', 'model_computed_fields', 'model_config', 'model_construct', 'model_copy', 'model_dump', 'model_dump_json', 'model_extra', 'model_fields', 'model_fields_set', 'model_json_schema', 'model_parametrized_name', 'model_post_init', 'model_rebuild', 'model_validate', 'model_validate_json', 'model_validate_strings', 'parse_file', 'parse_obj', 'parse_raw', 'schema', 'schema_json', 'update_forward_refs', 'validate']
2025-06-15 20:49:39,727 - data_provider - DEBUG - Raw API response for symbol RKLB: data={}
2025-06-15 20:49:39,728 - data_provider - DEBUG - Using object response, data type: <class 'dict'>
2025-06-15 20:49:39,728 - data_provider - DEBUG - No data found for symbol RKLB
2025-06-15 20:49:40,075 - data_provider - DEBUG - API response type: <class 'alpaca.data.models.bars.BarSet'>
2025-06-15 20:49:40,076 - data_provider - DEBUG - API response dir: ['__abstractmethods__', '__annotations__', '__class__', '__class_getitem__', '__class_vars__', '__copy__', '__deepcopy__', '__delattr__', '__dict__', '__dir__', '__doc__', '__eq__', '__fields__', '__fields_set__', '__firstlineno__', '__format__', '__ge__', '__get_pydantic_core_schema__', '__get_pydantic_json_schema__', '__getattr__', '__getattribute__', '__getitem__', '__getstate__', '__gt__', '__hash__', '__init__', '__init_subclass__', '__iter__', '__le__', '__lt__', '__module__', '__ne__', '__new__', '__pretty__', '__private_attributes__', '__pydantic_complete__', '__pydantic_computed_fields__', '__pydantic_core_schema__', '__pydantic_custom_init__', '__pydantic_decorators__', '__pydantic_extra__', '__pydantic_fields__', '__pydantic_fields_set__', '__pydantic_generic_metadata__', '__pydantic_init_subclass__', '__pydantic_parent_namespace__', '__pydantic_post_init__', '__pydantic_private__', '__pydantic_root_model__', '__pydantic_serializer__', '__pydantic_setattr_handlers__', '__pydantic_validator__', '__reduce__', '__reduce_ex__', '__replace__', '__repr__', '__repr_args__', '__repr_name__', '__repr_recursion__', '__repr_str__', '__rich_repr__', '__setattr__', '__setstate__', '__signature__', '__sizeof__', '__slots__', '__static_attributes__', '__str__', '__subclasshook__', '__weakref__', '_abc_impl', '_calculate_keys', '_copy_and_set_values', '_get_value', '_iter', '_setattr_handler', 'construct', 'copy', 'data', 'df', 'dict', 'from_orm', 'json', 'model_computed_fields', 'model_config', 'model_construct', 'model_copy', 'model_dump', 'model_dump_json', 'model_extra', 'model_fields', 'model_fields_set', 'model_json_schema', 'model_parametrized_name', 'model_post_init', 'model_rebuild', 'model_validate', 'model_validate_json', 'model_validate_strings', 'parse_file', 'parse_obj', 'parse_raw', 'schema', 'schema_json', 'update_forward_refs', 'validate']
2025-06-15 20:49:40,076 - data_provider - DEBUG - Raw API response for symbol AAOI: data={'AAOI': [{   'close': 14.76,
    'high': 15.4,
    'low': 13.91,
    'open': 15.33,
    'symbol': 'AAOI',
    'timestamp': datetime.datetime(2025, 5, 8, 4, 0, tzinfo=TzInfo(UTC)),
    'trade_count': 41149.0,
    'volume': 4567250.0,
    'vwap': 14.573839}, {   'close': 14.67,
    'high': 15.235,
    'low': 12.5572,
    'open': 13.67,
    'symbol': 'AAOI',
    'timestamp': datetime.datetime(2025, 5, 9, 4, 0, tzinfo=TzInfo(UTC)),
    'trade_count': 79199.0,
    'volume': 7922776.0,
    'vwap': 14.097359}, {   'close': 18.24,
    'high': 18.67,
    'low': 15.76,
    'open': 16.24,
    'symbol': 'AAOI',
    'timestamp': datetime.datetime(2025, 5, 12, 4, 0, tzinfo=TzInfo(UTC)),
    'trade_count': 74975.0,
    'volume': 7280002.0,
    'vwap': 17.354802}, {   'close': 20.29,
    'high': 21.16,
    'low': 17.85,
    'open': 18.283,
    'symbol': 'AAOI',
    'timestamp': datetime.datetime(2025, 5, 13, 4, 0, tzinfo=TzInfo(UTC)),
    'trade_count': 81223.0,
    'volume': 6945569.0,
    'vwap': 19.469213}, {   'close': 19.11,
    'high': 20.62,
    'low': 18.523,
    'open': 20.48,
    'symbol': 'AAOI',
    'timestamp': datetime.datetime(2025, 5, 14, 4, 0, tzinfo=TzInfo(UTC)),
    'trade_count': 54039.0,
    'volume': 5753939.0,
    'vwap': 19.145682}, {   'close': 18.87,
    'high': 19.5057,
    'low': 17.4,
    'open': 18.94,
    'symbol': 'AAOI',
    'timestamp': datetime.datetime(2025, 5, 15, 4, 0, tzinfo=TzInfo(UTC)),
    'trade_count': 52746.0,
    'volume': 5189553.0,
    'vwap': 18.324282}, {   'close': 18.69,
    'high': 19.85,
    'low': 18.55,
    'open': 19.19,
    'symbol': 'AAOI',
    'timestamp': datetime.datetime(2025, 5, 16, 4, 0, tzinfo=TzInfo(UTC)),
    'trade_count': 36485.0,
    'volume': 3100285.0,
    'vwap': 19.048058}, {   'close': 19.04,
    'high': 19.06,
    'low': 17.8314,
    'open': 18.125,
    'symbol': 'AAOI',
    'timestamp': datetime.datetime(2025, 5, 19, 4, 0, tzinfo=TzInfo(UTC)),
    'trade_count': 18147.0,
    'volume': 2548653.0,
    'vwap': 18.699255}, {   'close': 18.96,
    'high': 18.99,
    'low': 18.48,
    'open': 18.81,
    'symbol': 'AAOI',
    'timestamp': datetime.datetime(2025, 5, 20, 4, 0, tzinfo=TzInfo(UTC)),
    'trade_count': 19772.0,
    'volume': 2077679.0,
    'vwap': 18.826361}, {   'close': 17.07,
    'high': 19.218,
    'low': 16.8,
    'open': 18.49,
    'symbol': 'AAOI',
    'timestamp': datetime.datetime(2025, 5, 21, 4, 0, tzinfo=TzInfo(UTC)),
    'trade_count': 36355.0,
    'volume': 3621949.0,
    'vwap': 17.851521}, {   'close': 17.61,
    'high': 18.09,
    'low': 17.08,
    'open': 17.08,
    'symbol': 'AAOI',
    'timestamp': datetime.datetime(2025, 5, 22, 4, 0, tzinfo=TzInfo(UTC)),
    'trade_count': 24280.0,
    'volume': 1972562.0,
    'vwap': 17.628938}, {   'close': 17.88,
    'high': 18.0389,
    'low': 16.75,
    'open': 16.8,
    'symbol': 'AAOI',
    'timestamp': datetime.datetime(2025, 5, 23, 4, 0, tzinfo=TzInfo(UTC)),
    'trade_count': 23116.0,
    'volume': 2237534.0,
    'vwap': 17.516815}, {   'close': 18.56,
    'high': 19.1994,
    'low': 17.89,
    'open': 18.5,
    'symbol': 'AAOI',
    'timestamp': datetime.datetime(2025, 5, 27, 4, 0, tzinfo=TzInfo(UTC)),
    'trade_count': 30589.0,
    'volume': 2739325.0,
    'vwap': 18.600748}, {   'close': 17.65,
    'high': 18.96,
    'low': 17.565,
    'open': 18.67,
    'symbol': 'AAOI',
    'timestamp': datetime.datetime(2025, 5, 28, 4, 0, tzinfo=TzInfo(UTC)),
    'trade_count': 25322.0,
    'volume': 2913771.0,
    'vwap': 18.052549}, {   'close': 16.93,
    'high': 18.29,
    'low': 16.53,
    'open': 18.24,
    'symbol': 'AAOI',
    'timestamp': datetime.datetime(2025, 5, 29, 4, 0, tzinfo=TzInfo(UTC)),
    'trade_count': 27801.0,
    'volume': 2615740.0,
    'vwap': 17.150446}, {   'close': 15.42,
    'high': 16.7,
    'low': 15.0601,
    'open': 16.56,
    'symbol': 'AAOI',
    'timestamp': datetime.datetime(2025, 5, 30, 4, 0, tzinfo=TzInfo(UTC)),
    'trade_count': 35970.0,
    'volume': 5025624.0,
    'vwap': 15.52728}, {   'close': 15.515,
    'high': 15.77,
    'low': 15.06,
    'open': 15.31,
    'symbol': 'AAOI',
    'timestamp': datetime.datetime(2025, 6, 2, 4, 0, tzinfo=TzInfo(UTC)),
    'trade_count': 22806.0,
    'volume': 1896388.0,
    'vwap': 15.497392}, {   'close': 16.76,
    'high': 17.21,
    'low': 15.47,
    'open': 15.9,
    'symbol': 'AAOI',
    'timestamp': datetime.datetime(2025, 6, 3, 4, 0, tzinfo=TzInfo(UTC)),
    'trade_count': 36377.0,
    'volume': 3519229.0,
    'vwap': 16.635635}, {   'close': 17.11,
    'high': 17.6137,
    'low': 16.53,
    'open': 17.43,
    'symbol': 'AAOI',
    'timestamp': datetime.datetime(2025, 6, 4, 4, 0, tzinfo=TzInfo(UTC)),
    'trade_count': 25894.0,
    'volume': 2137088.0,
    'vwap': 17.097707}, {   'close': 16.26,
    'high': 17.435,
    'low': 16.0,
    'open': 17.24,
    'symbol': 'AAOI',
    'timestamp': datetime.datetime(2025, 6, 5, 4, 0, tzinfo=TzInfo(UTC)),
    'trade_count': 31847.0,
    'volume': 3059929.0,
    'vwap': 16.441028}, {   'close': 16.83,
    'high': 17.45,
    'low': 16.26,
    'open': 16.565,
    'symbol': 'AAOI',
    'timestamp': datetime.datetime(2025, 6, 6, 4, 0, tzinfo=TzInfo(UTC)),
    'trade_count': 28367.0,
    'volume': 2508464.0,
    'vwap': 16.855845}, {   'close': 16.87,
    'high': 17.25,
    'low': 16.6,
    'open': 17.25,
    'symbol': 'AAOI',
    'timestamp': datetime.datetime(2025, 6, 9, 4, 0, tzinfo=TzInfo(UTC)),
    'trade_count': 25609.0,
    'volume': 2281786.0,
    'vwap': 16.816202}, {   'close': 16.44,
    'high': 17.25,
    'low': 16.05,
    'open': 16.92,
    'symbol': 'AAOI',
    'timestamp': datetime.datetime(2025, 6, 10, 4, 0, tzinfo=TzInfo(UTC)),
    'trade_count': 28772.0,
    'volume': 2797061.0,
    'vwap': 16.503615}, {   'close': 16.32,
    'high': 17.5,
    'low': 16.2407,
    'open': 16.84,
    'symbol': 'AAOI',
    'timestamp': datetime.datetime(2025, 6, 11, 4, 0, tzinfo=TzInfo(UTC)),
    'trade_count': 38806.0,
    'volume': 3877544.0,
    'vwap': 16.774547}, {   'close': 16.92,
    'high': 19.76,
    'low': 16.67,
    'open': 17.65,
    'symbol': 'AAOI',
    'timestamp': datetime.datetime(2025, 6, 12, 4, 0, tzinfo=TzInfo(UTC)),
    'trade_count': 153124.0,
    'volume': 18448707.0,
    'vwap': 18.056707}, {   'close': 15.47,
    'high': 16.7,
    'low': 15.29,
    'open': 16.52,
    'symbol': 'AAOI',
    'timestamp': datetime.datetime(2025, 6, 13, 4, 0, tzinfo=TzInfo(UTC)),
    'trade_count': 47204.0,
    'volume': 4967077.0,
    'vwap': 15.984181}]}
2025-06-15 20:49:40,083 - data_provider - DEBUG - Using object response, data type: <class 'dict'>
2025-06-15 20:49:40,084 - data_provider - DEBUG - Data dir: ['__class__', '__class_getitem__', '__contains__', '__delattr__', '__delitem__', '__dir__', '__doc__', '__eq__', '__format__', '__ge__', '__getattribute__', '__getitem__', '__getstate__', '__gt__', '__hash__', '__init__', '__init_subclass__', '__ior__', '__iter__', '__le__', '__len__', '__lt__', '__ne__', '__new__', '__or__', '__reduce__', '__reduce_ex__', '__repr__', '__reversed__', '__ror__', '__setattr__', '__setitem__', '__sizeof__', '__str__', '__subclasshook__', 'clear', 'copy', 'fromkeys', 'get', 'items', 'keys', 'pop', 'popitem', 'setdefault', 'update', 'values']
2025-06-15 20:49:40,084 - data_provider - DEBUG - Data content for symbol AAOI: {'AAOI': [{   'close': 14.76,
    'high': 15.4,
    'low': 13.91,
    'open': 15.33,
    'symbol': 'AAOI',
    'timestamp': datetime.datetime(2025, 5, 8, 4, 0, tzinfo=TzInfo(UTC)),
    'trade_count': 41149.0,
    'volume': 4567250.0,
    'vwap': 14.573839}, {   'close': 14.67,
    'high': 15.235,
    'low': 12.5572,
    'open': 13.67,
    'symbol': 'AAOI',
    'timestamp': datetime.datetime(2025, 5, 9, 4, 0, tzinfo=TzInfo(UTC)),
    'trade_count': 79199.0,
    'volume': 7922776.0,
    'vwap': 14.097359}, {   'close': 18.24,
    'high': 18.67,
    'low': 15.76,
    'open': 16.24,
    'symbol': 'AAOI',
    'timestamp': datetime.datetime(2025, 5, 12, 4, 0, tzinfo=TzInfo(UTC)),
    'trade_count': 74975.0,
    'volume': 7280002.0,
    'vwap': 17.354802}, {   'close': 20.29,
    'high': 21.16,
    'low': 17.85,
    'open': 18.283,
    'symbol': 'AAOI',
    'timestamp': datetime.datetime(2025, 5, 13, 4, 0, tzinfo=TzInfo(UTC)),
    'trade_count': 81223.0,
    'volume': 6945569.0,
    'vwap': 19.469213}, {   'close': 19.11,
    'high': 20.62,
    'low': 18.523,
    'open': 20.48,
    'symbol': 'AAOI',
    'timestamp': datetime.datetime(2025, 5, 14, 4, 0, tzinfo=TzInfo(UTC)),
    'trade_count': 54039.0,
    'volume': 5753939.0,
    'vwap': 19.145682}, {   'close': 18.87,
    'high': 19.5057,
    'low': 17.4,
    'open': 18.94,
    'symbol': 'AAOI',
    'timestamp': datetime.datetime(2025, 5, 15, 4, 0, tzinfo=TzInfo(UTC)),
    'trade_count': 52746.0,
    'volume': 5189553.0,
    'vwap': 18.324282}, {   'close': 18.69,
    'high': 19.85,
    'low': 18.55,
    'open': 19.19,
    'symbol': 'AAOI',
    'timestamp': datetime.datetime(2025, 5, 16, 4, 0, tzinfo=TzInfo(UTC)),
    'trade_count': 36485.0,
    'volume': 3100285.0,
    'vwap': 19.048058}, {   'close': 19.04,
    'high': 19.06,
    'low': 17.8314,
    'open': 18.125,
    'symbol': 'AAOI',
    'timestamp': datetime.datetime(2025, 5, 19, 4, 0, tzinfo=TzInfo(UTC)),
    'trade_count': 18147.0,
    'volume': 2548653.0,
    'vwap': 18.699255}, {   'close': 18.96,
    'high': 18.99,
    'low': 18.48,
    'open': 18.81,
    'symbol': 'AAOI',
    'timestamp': datetime.datetime(2025, 5, 20, 4, 0, tzinfo=TzInfo(UTC)),
    'trade_count': 19772.0,
    'volume': 2077679.0,
    'vwap': 18.826361}, {   'close': 17.07,
    'high': 19.218,
    'low': 16.8,
    'open': 18.49,
    'symbol': 'AAOI',
    'timestamp': datetime.datetime(2025, 5, 21, 4, 0, tzinfo=TzInfo(UTC)),
    'trade_count': 36355.0,
    'volume': 3621949.0,
    'vwap': 17.851521}, {   'close': 17.61,
    'high': 18.09,
    'low': 17.08,
    'open': 17.08,
    'symbol': 'AAOI',
    'timestamp': datetime.datetime(2025, 5, 22, 4, 0, tzinfo=TzInfo(UTC)),
    'trade_count': 24280.0,
    'volume': 1972562.0,
    'vwap': 17.628938}, {   'close': 17.88,
    'high': 18.0389,
    'low': 16.75,
    'open': 16.8,
    'symbol': 'AAOI',
    'timestamp': datetime.datetime(2025, 5, 23, 4, 0, tzinfo=TzInfo(UTC)),
    'trade_count': 23116.0,
    'volume': 2237534.0,
    'vwap': 17.516815}, {   'close': 18.56,
    'high': 19.1994,
    'low': 17.89,
    'open': 18.5,
    'symbol': 'AAOI',
    'timestamp': datetime.datetime(2025, 5, 27, 4, 0, tzinfo=TzInfo(UTC)),
    'trade_count': 30589.0,
    'volume': 2739325.0,
    'vwap': 18.600748}, {   'close': 17.65,
    'high': 18.96,
    'low': 17.565,
    'open': 18.67,
    'symbol': 'AAOI',
    'timestamp': datetime.datetime(2025, 5, 28, 4, 0, tzinfo=TzInfo(UTC)),
    'trade_count': 25322.0,
    'volume': 2913771.0,
    'vwap': 18.052549}, {   'close': 16.93,
    'high': 18.29,
    'low': 16.53,
    'open': 18.24,
    'symbol': 'AAOI',
    'timestamp': datetime.datetime(2025, 5, 29, 4, 0, tzinfo=TzInfo(UTC)),
    'trade_count': 27801.0,
    'volume': 2615740.0,
    'vwap': 17.150446}, {   'close': 15.42,
    'high': 16.7,
    'low': 15.0601,
    'open': 16.56,
    'symbol': 'AAOI',
    'timestamp': datetime.datetime(2025, 5, 30, 4, 0, tzinfo=TzInfo(UTC)),
    'trade_count': 35970.0,
    'volume': 5025624.0,
    'vwap': 15.52728}, {   'close': 15.515,
    'high': 15.77,
    'low': 15.06,
    'open': 15.31,
    'symbol': 'AAOI',
    'timestamp': datetime.datetime(2025, 6, 2, 4, 0, tzinfo=TzInfo(UTC)),
    'trade_count': 22806.0,
    'volume': 1896388.0,
    'vwap': 15.497392}, {   'close': 16.76,
    'high': 17.21,
    'low': 15.47,
    'open': 15.9,
    'symbol': 'AAOI',
    'timestamp': datetime.datetime(2025, 6, 3, 4, 0, tzinfo=TzInfo(UTC)),
    'trade_count': 36377.0,
    'volume': 3519229.0,
    'vwap': 16.635635}, {   'close': 17.11,
    'high': 17.6137,
    'low': 16.53,
    'open': 17.43,
    'symbol': 'AAOI',
    'timestamp': datetime.datetime(2025, 6, 4, 4, 0, tzinfo=TzInfo(UTC)),
    'trade_count': 25894.0,
    'volume': 2137088.0,
    'vwap': 17.097707}, {   'close': 16.26,
    'high': 17.435,
    'low': 16.0,
    'open': 17.24,
    'symbol': 'AAOI',
    'timestamp': datetime.datetime(2025, 6, 5, 4, 0, tzinfo=TzInfo(UTC)),
    'trade_count': 31847.0,
    'volume': 3059929.0,
    'vwap': 16.441028}, {   'close': 16.83,
    'high': 17.45,
    'low': 16.26,
    'open': 16.565,
    'symbol': 'AAOI',
    'timestamp': datetime.datetime(2025, 6, 6, 4, 0, tzinfo=TzInfo(UTC)),
    'trade_count': 28367.0,
    'volume': 2508464.0,
    'vwap': 16.855845}, {   'close': 16.87,
    'high': 17.25,
    'low': 16.6,
    'open': 17.25,
    'symbol': 'AAOI',
    'timestamp': datetime.datetime(2025, 6, 9, 4, 0, tzinfo=TzInfo(UTC)),
    'trade_count': 25609.0,
    'volume': 2281786.0,
    'vwap': 16.816202}, {   'close': 16.44,
    'high': 17.25,
    'low': 16.05,
    'open': 16.92,
    'symbol': 'AAOI',
    'timestamp': datetime.datetime(2025, 6, 10, 4, 0, tzinfo=TzInfo(UTC)),
    'trade_count': 28772.0,
    'volume': 2797061.0,
    'vwap': 16.503615}, {   'close': 16.32,
    'high': 17.5,
    'low': 16.2407,
    'open': 16.84,
    'symbol': 'AAOI',
    'timestamp': datetime.datetime(2025, 6, 11, 4, 0, tzinfo=TzInfo(UTC)),
    'trade_count': 38806.0,
    'volume': 3877544.0,
    'vwap': 16.774547}, {   'close': 16.92,
    'high': 19.76,
    'low': 16.67,
    'open': 17.65,
    'symbol': 'AAOI',
    'timestamp': datetime.datetime(2025, 6, 12, 4, 0, tzinfo=TzInfo(UTC)),
    'trade_count': 153124.0,
    'volume': 18448707.0,
    'vwap': 18.056707}, {   'close': 15.47,
    'high': 16.7,
    'low': 15.29,
    'open': 16.52,
    'symbol': 'AAOI',
    'timestamp': datetime.datetime(2025, 6, 13, 4, 0, tzinfo=TzInfo(UTC)),
    'trade_count': 47204.0,
    'volume': 4967077.0,
    'vwap': 15.984181}]}
2025-06-15 20:49:40,089 - data_provider - DEBUG - Looking for symbol AAOI in data
2025-06-15 20:49:40,089 - data_provider - DEBUG - Dict access result for AAOI: Found
2025-06-15 20:49:40,237 - data_provider - DEBUG - API response type: <class 'alpaca.data.models.bars.BarSet'>
2025-06-15 20:49:40,239 - data_provider - DEBUG - API response dir: ['__abstractmethods__', '__annotations__', '__class__', '__class_getitem__', '__class_vars__', '__copy__', '__deepcopy__', '__delattr__', '__dict__', '__dir__', '__doc__', '__eq__', '__fields__', '__fields_set__', '__firstlineno__', '__format__', '__ge__', '__get_pydantic_core_schema__', '__get_pydantic_json_schema__', '__getattr__', '__getattribute__', '__getitem__', '__getstate__', '__gt__', '__hash__', '__init__', '__init_subclass__', '__iter__', '__le__', '__lt__', '__module__', '__ne__', '__new__', '__pretty__', '__private_attributes__', '__pydantic_complete__', '__pydantic_computed_fields__', '__pydantic_core_schema__', '__pydantic_custom_init__', '__pydantic_decorators__', '__pydantic_extra__', '__pydantic_fields__', '__pydantic_fields_set__', '__pydantic_generic_metadata__', '__pydantic_init_subclass__', '__pydantic_parent_namespace__', '__pydantic_post_init__', '__pydantic_private__', '__pydantic_root_model__', '__pydantic_serializer__', '__pydantic_setattr_handlers__', '__pydantic_validator__', '__reduce__', '__reduce_ex__', '__replace__', '__repr__', '__repr_args__', '__repr_name__', '__repr_recursion__', '__repr_str__', '__rich_repr__', '__setattr__', '__setstate__', '__signature__', '__sizeof__', '__slots__', '__static_attributes__', '__str__', '__subclasshook__', '__weakref__', '_abc_impl', '_calculate_keys', '_copy_and_set_values', '_get_value', '_iter', '_setattr_handler', 'construct', 'copy', 'data', 'df', 'dict', 'from_orm', 'json', 'model_computed_fields', 'model_config', 'model_construct', 'model_copy', 'model_dump', 'model_dump_json', 'model_extra', 'model_fields', 'model_fields_set', 'model_json_schema', 'model_parametrized_name', 'model_post_init', 'model_rebuild', 'model_validate', 'model_validate_json', 'model_validate_strings', 'parse_file', 'parse_obj', 'parse_raw', 'schema', 'schema_json', 'update_forward_refs', 'validate']
2025-06-15 20:49:40,239 - data_provider - DEBUG - Raw API response for symbol SMCI: data={'SMCI': [{   'close': 32.11,
    'high': 33.19,
    'low': 31.95,
    'open': 32.93,
    'symbol': 'SMCI',
    'timestamp': datetime.datetime(2025, 5, 8, 4, 0, tzinfo=TzInfo(UTC)),
    'trade_count': 284703.0,
    'volume': 42736601.0,
    'vwap': 32.442609}, {   'close': 31.99,
    'high': 32.835,
    'low': 31.195,
    'open': 32.13,
    'symbol': 'SMCI',
    'timestamp': datetime.datetime(2025, 5, 9, 4, 0, tzinfo=TzInfo(UTC)),
    'trade_count': 205079.0,
    'volume': 31459202.0,
    'vwap': 32.00395}, {   'close': 33.52,
    'high': 35.07,
    'low': 32.95,
    'open': 33.89,
    'symbol': 'SMCI',
    'timestamp': datetime.datetime(2025, 5, 12, 4, 0, tzinfo=TzInfo(UTC)),
    'trade_count': 359501.0,
    'volume': 51333927.0,
    'vwap': 33.872552}, {   'close': 38.89,
    'high': 39.095,
    'low': 34.18,
    'open': 34.46,
    'symbol': 'SMCI',
    'timestamp': datetime.datetime(2025, 5, 13, 4, 0, tzinfo=TzInfo(UTC)),
    'trade_count': 661866.0,
    'volume': 96751993.0,
    'vwap': 37.708013}, {   'close': 45.0,
    'high': 46.57,
    'low': 43.08,
    'open': 45.925,
    'symbol': 'SMCI',
    'timestamp': datetime.datetime(2025, 5, 14, 4, 0, tzinfo=TzInfo(UTC)),
    'trade_count': 1163009.0,
    'volume': 169224142.0,
    'vwap': 45.031892}, {   'close': 43.96,
    'high': 45.38,
    'low': 41.4101,
    'open': 44.05,
    'symbol': 'SMCI',
    'timestamp': datetime.datetime(2025, 5, 15, 4, 0, tzinfo=TzInfo(UTC)),
    'trade_count': 620509.0,
    'volume': 87035064.0,
    'vwap': 43.758885}, {   'close': 46.15,
    'high': 47.8,
    'low': 45.03,
    'open': 45.5,
    'symbol': 'SMCI',
    'timestamp': datetime.datetime(2025, 5, 16, 4, 0, tzinfo=TzInfo(UTC)),
    'trade_count': 697407.0,
    'volume': 99288866.0,
    'vwap': 46.288111}, {   'close': 44.79,
    'high': 46.41,
    'low': 44.14,
    'open': 44.225,
    'symbol': 'SMCI',
    'timestamp': datetime.datetime(2025, 5, 19, 4, 0, tzinfo=TzInfo(UTC)),
    'trade_count': 299531.0,
    'volume': 45618324.0,
    'vwap': 45.310009}, {   'close': 42.77,
    'high': 44.825,
    'low': 42.395,
    'open': 44.79,
    'symbol': 'SMCI',
    'timestamp': datetime.datetime(2025, 5, 20, 4, 0, tzinfo=TzInfo(UTC)),
    'trade_count': 269018.0,
    'volume': 43284207.0,
    'vwap': 43.43124}, {   'close': 41.65,
    'high': 44.33,
    'low': 41.2301,
    'open': 43.525,
    'symbol': 'SMCI',
    'timestamp': datetime.datetime(2025, 5, 21, 4, 0, tzinfo=TzInfo(UTC)),
    'trade_count': 341262.0,
    'volume': 54953961.0,
    'vwap': 43.01624}, {   'close': 41.32,
    'high': 42.44,
    'low': 41.18,
    'open': 41.69,
    'symbol': 'SMCI',
    'timestamp': datetime.datetime(2025, 5, 22, 4, 0, tzinfo=TzInfo(UTC)),
    'trade_count': 216068.0,
    'volume': 30515093.0,
    'vwap': 41.746927}, {   'close': 40.09,
    'high': 40.48,
    'low': 39.11,
    'open': 39.77,
    'symbol': 'SMCI',
    'timestamp': datetime.datetime(2025, 5, 23, 4, 0, tzinfo=TzInfo(UTC)),
    'trade_count': 266725.0,
    'volume': 37900688.0,
    'vwap': 39.766927}, {   'close': 41.57,
    'high': 43.09,
    'low': 40.81,
    'open': 41.405,
    'symbol': 'SMCI',
    'timestamp': datetime.datetime(2025, 5, 27, 4, 0, tzinfo=TzInfo(UTC)),
    'trade_count': 280700.0,
    'volume': 40092343.0,
    'vwap': 42.229519}, {   'close': 41.96,
    'high': 42.94,
    'low': 40.9519,
    'open': 41.93,
    'symbol': 'SMCI',
    'timestamp': datetime.datetime(2025, 5, 28, 4, 0, tzinfo=TzInfo(UTC)),
    'trade_count': 250924.0,
    'volume': 39353276.0,
    'vwap': 41.827075}, {   'close': 41.15,
    'high': 43.97,
    'low': 41.0415,
    'open': 43.17,
    'symbol': 'SMCI',
    'timestamp': datetime.datetime(2025, 5, 29, 4, 0, tzinfo=TzInfo(UTC)),
    'trade_count': 245253.0,
    'volume': 36005075.0,
    'vwap': 41.869399}, {   'close': 40.02,
    'high': 40.93,
    'low': 39.05,
    'open': 40.71,
    'symbol': 'SMCI',
    'timestamp': datetime.datetime(2025, 5, 30, 4, 0, tzinfo=TzInfo(UTC)),
    'trade_count': 233571.0,
    'volume': 34887531.0,
    'vwap': 39.848378}, {   'close': 41.2,
    'high': 41.24,
    'low': 39.51,
    'open': 39.65,
    'symbol': 'SMCI',
    'timestamp': datetime.datetime(2025, 6, 2, 4, 0, tzinfo=TzInfo(UTC)),
    'trade_count': 172284.0,
    'volume': 25940360.0,
    'vwap': 40.54697}, {   'close': 43.19,
    'high': 43.9,
    'low': 41.13,
    'open': 41.325,
    'symbol': 'SMCI',
    'timestamp': datetime.datetime(2025, 6, 3, 4, 0, tzinfo=TzInfo(UTC)),
    'trade_count': 276663.0,
    'volume': 41728728.0,
    'vwap': 42.899972}, {   'close': 44.13,
    'high': 44.72,
    'low': 42.88,
    'open': 43.93,
    'symbol': 'SMCI',
    'timestamp': datetime.datetime(2025, 6, 4, 4, 0, tzinfo=TzInfo(UTC)),
    'trade_count': 218613.0,
    'volume': 31201552.0,
    'vwap': 43.817896}, {   'close': 40.77,
    'high': 44.18,
    'low': 40.34,
    'open': 43.59,
    'symbol': 'SMCI',
    'timestamp': datetime.datetime(2025, 6, 5, 4, 0, tzinfo=TzInfo(UTC)),
    'trade_count': 295996.0,
    'volume': 40701847.0,
    'vwap': 41.995607}, {   'close': 41.55,
    'high': 42.42,
    'low': 41.39,
    'open': 42.035,
    'symbol': 'SMCI',
    'timestamp': datetime.datetime(2025, 6, 6, 4, 0, tzinfo=TzInfo(UTC)),
    'trade_count': 173845.0,
    'volume': 25509641.0,
    'vwap': 41.83793}, {   'close': 43.12,
    'high': 43.365,
    'low': 41.88,
    'open': 42.24,
    'symbol': 'SMCI',
    'timestamp': datetime.datetime(2025, 6, 9, 4, 0, tzinfo=TzInfo(UTC)),
    'trade_count': 195739.0,
    'volume': 27406263.0,
    'vwap': 42.8102}, {   'close': 42.91,
    'high': 43.65,
    'low': 42.34,
    'open': 43.19,
    'symbol': 'SMCI',
    'timestamp': datetime.datetime(2025, 6, 10, 4, 0, tzinfo=TzInfo(UTC)),
    'trade_count': 156126.0,
    'volume': 21494940.0,
    'vwap': 42.819539}, {   'close': 43.21,
    'high': 44.55,
    'low': 42.78,
    'open': 43.65,
    'symbol': 'SMCI',
    'timestamp': datetime.datetime(2025, 6, 11, 4, 0, tzinfo=TzInfo(UTC)),
    'trade_count': 229586.0,
    'volume': 34008854.0,
    'vwap': 43.571726}, {   'close': 43.36,
    'high': 44.08,
    'low': 42.32,
    'open': 42.65,
    'symbol': 'SMCI',
    'timestamp': datetime.datetime(2025, 6, 12, 4, 0, tzinfo=TzInfo(UTC)),
    'trade_count': 182469.0,
    'volume': 24671668.0,
    'vwap': 43.489638}, {   'close': 41.56,
    'high': 42.4699,
    'low': 40.745,
    'open': 42.03,
    'symbol': 'SMCI',
    'timestamp': datetime.datetime(2025, 6, 13, 4, 0, tzinfo=TzInfo(UTC)),
    'trade_count': 246364.0,
    'volume': 36462854.0,
    'vwap': 41.676725}]}
2025-06-15 20:49:40,245 - data_provider - DEBUG - Using object response, data type: <class 'dict'>
2025-06-15 20:49:40,245 - data_provider - DEBUG - Data dir: ['__class__', '__class_getitem__', '__contains__', '__delattr__', '__delitem__', '__dir__', '__doc__', '__eq__', '__format__', '__ge__', '__getattribute__', '__getitem__', '__getstate__', '__gt__', '__hash__', '__init__', '__init_subclass__', '__ior__', '__iter__', '__le__', '__len__', '__lt__', '__ne__', '__new__', '__or__', '__reduce__', '__reduce_ex__', '__repr__', '__reversed__', '__ror__', '__setattr__', '__setitem__', '__sizeof__', '__str__', '__subclasshook__', 'clear', 'copy', 'fromkeys', 'get', 'items', 'keys', 'pop', 'popitem', 'setdefault', 'update', 'values']
2025-06-15 20:49:40,246 - data_provider - DEBUG - Data content for symbol SMCI: {'SMCI': [{   'close': 32.11,
    'high': 33.19,
    'low': 31.95,
    'open': 32.93,
    'symbol': 'SMCI',
    'timestamp': datetime.datetime(2025, 5, 8, 4, 0, tzinfo=TzInfo(UTC)),
    'trade_count': 284703.0,
    'volume': 42736601.0,
    'vwap': 32.442609}, {   'close': 31.99,
    'high': 32.835,
    'low': 31.195,
    'open': 32.13,
    'symbol': 'SMCI',
    'timestamp': datetime.datetime(2025, 5, 9, 4, 0, tzinfo=TzInfo(UTC)),
    'trade_count': 205079.0,
    'volume': 31459202.0,
    'vwap': 32.00395}, {   'close': 33.52,
    'high': 35.07,
    'low': 32.95,
    'open': 33.89,
    'symbol': 'SMCI',
    'timestamp': datetime.datetime(2025, 5, 12, 4, 0, tzinfo=TzInfo(UTC)),
    'trade_count': 359501.0,
    'volume': 51333927.0,
    'vwap': 33.872552}, {   'close': 38.89,
    'high': 39.095,
    'low': 34.18,
    'open': 34.46,
    'symbol': 'SMCI',
    'timestamp': datetime.datetime(2025, 5, 13, 4, 0, tzinfo=TzInfo(UTC)),
    'trade_count': 661866.0,
    'volume': 96751993.0,
    'vwap': 37.708013}, {   'close': 45.0,
    'high': 46.57,
    'low': 43.08,
    'open': 45.925,
    'symbol': 'SMCI',
    'timestamp': datetime.datetime(2025, 5, 14, 4, 0, tzinfo=TzInfo(UTC)),
    'trade_count': 1163009.0,
    'volume': 169224142.0,
    'vwap': 45.031892}, {   'close': 43.96,
    'high': 45.38,
    'low': 41.4101,
    'open': 44.05,
    'symbol': 'SMCI',
    'timestamp': datetime.datetime(2025, 5, 15, 4, 0, tzinfo=TzInfo(UTC)),
    'trade_count': 620509.0,
    'volume': 87035064.0,
    'vwap': 43.758885}, {   'close': 46.15,
    'high': 47.8,
    'low': 45.03,
    'open': 45.5,
    'symbol': 'SMCI',
    'timestamp': datetime.datetime(2025, 5, 16, 4, 0, tzinfo=TzInfo(UTC)),
    'trade_count': 697407.0,
    'volume': 99288866.0,
    'vwap': 46.288111}, {   'close': 44.79,
    'high': 46.41,
    'low': 44.14,
    'open': 44.225,
    'symbol': 'SMCI',
    'timestamp': datetime.datetime(2025, 5, 19, 4, 0, tzinfo=TzInfo(UTC)),
    'trade_count': 299531.0,
    'volume': 45618324.0,
    'vwap': 45.310009}, {   'close': 42.77,
    'high': 44.825,
    'low': 42.395,
    'open': 44.79,
    'symbol': 'SMCI',
    'timestamp': datetime.datetime(2025, 5, 20, 4, 0, tzinfo=TzInfo(UTC)),
    'trade_count': 269018.0,
    'volume': 43284207.0,
    'vwap': 43.43124}, {   'close': 41.65,
    'high': 44.33,
    'low': 41.2301,
    'open': 43.525,
    'symbol': 'SMCI',
    'timestamp': datetime.datetime(2025, 5, 21, 4, 0, tzinfo=TzInfo(UTC)),
    'trade_count': 341262.0,
    'volume': 54953961.0,
    'vwap': 43.01624}, {   'close': 41.32,
    'high': 42.44,
    'low': 41.18,
    'open': 41.69,
    'symbol': 'SMCI',
    'timestamp': datetime.datetime(2025, 5, 22, 4, 0, tzinfo=TzInfo(UTC)),
    'trade_count': 216068.0,
    'volume': 30515093.0,
    'vwap': 41.746927}, {   'close': 40.09,
    'high': 40.48,
    'low': 39.11,
    'open': 39.77,
    'symbol': 'SMCI',
    'timestamp': datetime.datetime(2025, 5, 23, 4, 0, tzinfo=TzInfo(UTC)),
    'trade_count': 266725.0,
    'volume': 37900688.0,
    'vwap': 39.766927}, {   'close': 41.57,
    'high': 43.09,
    'low': 40.81,
    'open': 41.405,
    'symbol': 'SMCI',
    'timestamp': datetime.datetime(2025, 5, 27, 4, 0, tzinfo=TzInfo(UTC)),
    'trade_count': 280700.0,
    'volume': 40092343.0,
    'vwap': 42.229519}, {   'close': 41.96,
    'high': 42.94,
    'low': 40.9519,
    'open': 41.93,
    'symbol': 'SMCI',
    'timestamp': datetime.datetime(2025, 5, 28, 4, 0, tzinfo=TzInfo(UTC)),
    'trade_count': 250924.0,
    'volume': 39353276.0,
    'vwap': 41.827075}, {   'close': 41.15,
    'high': 43.97,
    'low': 41.0415,
    'open': 43.17,
    'symbol': 'SMCI',
    'timestamp': datetime.datetime(2025, 5, 29, 4, 0, tzinfo=TzInfo(UTC)),
    'trade_count': 245253.0,
    'volume': 36005075.0,
    'vwap': 41.869399}, {   'close': 40.02,
    'high': 40.93,
    'low': 39.05,
    'open': 40.71,
    'symbol': 'SMCI',
    'timestamp': datetime.datetime(2025, 5, 30, 4, 0, tzinfo=TzInfo(UTC)),
    'trade_count': 233571.0,
    'volume': 34887531.0,
    'vwap': 39.848378}, {   'close': 41.2,
    'high': 41.24,
    'low': 39.51,
    'open': 39.65,
    'symbol': 'SMCI',
    'timestamp': datetime.datetime(2025, 6, 2, 4, 0, tzinfo=TzInfo(UTC)),
    'trade_count': 172284.0,
    'volume': 25940360.0,
    'vwap': 40.54697}, {   'close': 43.19,
    'high': 43.9,
    'low': 41.13,
    'open': 41.325,
    'symbol': 'SMCI',
    'timestamp': datetime.datetime(2025, 6, 3, 4, 0, tzinfo=TzInfo(UTC)),
    'trade_count': 276663.0,
    'volume': 41728728.0,
    'vwap': 42.899972}, {   'close': 44.13,
    'high': 44.72,
    'low': 42.88,
    'open': 43.93,
    'symbol': 'SMCI',
    'timestamp': datetime.datetime(2025, 6, 4, 4, 0, tzinfo=TzInfo(UTC)),
    'trade_count': 218613.0,
    'volume': 31201552.0,
    'vwap': 43.817896}, {   'close': 40.77,
    'high': 44.18,
    'low': 40.34,
    'open': 43.59,
    'symbol': 'SMCI',
    'timestamp': datetime.datetime(2025, 6, 5, 4, 0, tzinfo=TzInfo(UTC)),
    'trade_count': 295996.0,
    'volume': 40701847.0,
    'vwap': 41.995607}, {   'close': 41.55,
    'high': 42.42,
    'low': 41.39,
    'open': 42.035,
    'symbol': 'SMCI',
    'timestamp': datetime.datetime(2025, 6, 6, 4, 0, tzinfo=TzInfo(UTC)),
    'trade_count': 173845.0,
    'volume': 25509641.0,
    'vwap': 41.83793}, {   'close': 43.12,
    'high': 43.365,
    'low': 41.88,
    'open': 42.24,
    'symbol': 'SMCI',
    'timestamp': datetime.datetime(2025, 6, 9, 4, 0, tzinfo=TzInfo(UTC)),
    'trade_count': 195739.0,
    'volume': 27406263.0,
    'vwap': 42.8102}, {   'close': 42.91,
    'high': 43.65,
    'low': 42.34,
    'open': 43.19,
    'symbol': 'SMCI',
    'timestamp': datetime.datetime(2025, 6, 10, 4, 0, tzinfo=TzInfo(UTC)),
    'trade_count': 156126.0,
    'volume': 21494940.0,
    'vwap': 42.819539}, {   'close': 43.21,
    'high': 44.55,
    'low': 42.78,
    'open': 43.65,
    'symbol': 'SMCI',
    'timestamp': datetime.datetime(2025, 6, 11, 4, 0, tzinfo=TzInfo(UTC)),
    'trade_count': 229586.0,
    'volume': 34008854.0,
    'vwap': 43.571726}, {   'close': 43.36,
    'high': 44.08,
    'low': 42.32,
    'open': 42.65,
    'symbol': 'SMCI',
    'timestamp': datetime.datetime(2025, 6, 12, 4, 0, tzinfo=TzInfo(UTC)),
    'trade_count': 182469.0,
    'volume': 24671668.0,
    'vwap': 43.489638}, {   'close': 41.56,
    'high': 42.4699,
    'low': 40.745,
    'open': 42.03,
    'symbol': 'SMCI',
    'timestamp': datetime.datetime(2025, 6, 13, 4, 0, tzinfo=TzInfo(UTC)),
    'trade_count': 246364.0,
    'volume': 36462854.0,
    'vwap': 41.676725}]}
2025-06-15 20:49:40,250 - data_provider - DEBUG - Looking for symbol SMCI in data
2025-06-15 20:49:40,250 - data_provider - DEBUG - Dict access result for SMCI: Found
2025-06-15 20:49:40,409 - data_provider - DEBUG - API response type: <class 'alpaca.data.models.bars.BarSet'>
2025-06-15 20:49:40,410 - data_provider - DEBUG - API response dir: ['__abstractmethods__', '__annotations__', '__class__', '__class_getitem__', '__class_vars__', '__copy__', '__deepcopy__', '__delattr__', '__dict__', '__dir__', '__doc__', '__eq__', '__fields__', '__fields_set__', '__firstlineno__', '__format__', '__ge__', '__get_pydantic_core_schema__', '__get_pydantic_json_schema__', '__getattr__', '__getattribute__', '__getitem__', '__getstate__', '__gt__', '__hash__', '__init__', '__init_subclass__', '__iter__', '__le__', '__lt__', '__module__', '__ne__', '__new__', '__pretty__', '__private_attributes__', '__pydantic_complete__', '__pydantic_computed_fields__', '__pydantic_core_schema__', '__pydantic_custom_init__', '__pydantic_decorators__', '__pydantic_extra__', '__pydantic_fields__', '__pydantic_fields_set__', '__pydantic_generic_metadata__', '__pydantic_init_subclass__', '__pydantic_parent_namespace__', '__pydantic_post_init__', '__pydantic_private__', '__pydantic_root_model__', '__pydantic_serializer__', '__pydantic_setattr_handlers__', '__pydantic_validator__', '__reduce__', '__reduce_ex__', '__replace__', '__repr__', '__repr_args__', '__repr_name__', '__repr_recursion__', '__repr_str__', '__rich_repr__', '__setattr__', '__setstate__', '__signature__', '__sizeof__', '__slots__', '__static_attributes__', '__str__', '__subclasshook__', '__weakref__', '_abc_impl', '_calculate_keys', '_copy_and_set_values', '_get_value', '_iter', '_setattr_handler', 'construct', 'copy', 'data', 'df', 'dict', 'from_orm', 'json', 'model_computed_fields', 'model_config', 'model_construct', 'model_copy', 'model_dump', 'model_dump_json', 'model_extra', 'model_fields', 'model_fields_set', 'model_json_schema', 'model_parametrized_name', 'model_post_init', 'model_rebuild', 'model_validate', 'model_validate_json', 'model_validate_strings', 'parse_file', 'parse_obj', 'parse_raw', 'schema', 'schema_json', 'update_forward_refs', 'validate']
2025-06-15 20:49:40,410 - data_provider - DEBUG - Raw API response for symbol UVXY: data={'UVXY': [{   'close': 20.31,
    'high': 20.575,
    'low': 20.02,
    'open': 20.45,
    'symbol': 'UVXY',
    'timestamp': datetime.datetime(2025, 6, 9, 4, 0, tzinfo=TzInfo(UTC)),
    'trade_count': 51484.0,
    'volume': 9031675.0,
    'vwap': 20.240437}, {   'close': 20.19,
    'high': 20.445,
    'low': 19.97,
    'open': 20.22,
    'symbol': 'UVXY',
    'timestamp': datetime.datetime(2025, 6, 10, 4, 0, tzinfo=TzInfo(UTC)),
    'trade_count': 64360.0,
    'volume': 11098323.0,
    'vwap': 20.126906}, {   'close': 20.4,
    'high': 20.87,
    'low': 19.3,
    'open': 19.63,
    'symbol': 'UVXY',
    'timestamp': datetime.datetime(2025, 6, 11, 4, 0, tzinfo=TzInfo(UTC)),
    'trade_count': 130472.0,
    'volume': 24624507.0,
    'vwap': 20.01561}, {   'close': 20.75,
    'high': 21.0,
    'low': 20.27,
    'open': 20.8,
    'symbol': 'UVXY',
    'timestamp': datetime.datetime(2025, 6, 12, 4, 0, tzinfo=TzInfo(UTC)),
    'trade_count': 78893.0,
    'volume': 14703455.0,
    'vwap': 20.620894}, {   'close': 23.22,
    'high': 23.74,
    'low': 21.44,
    'open': 22.32,
    'symbol': 'UVXY',
    'timestamp': datetime.datetime(2025, 6, 13, 4, 0, tzinfo=TzInfo(UTC)),
    'trade_count': 261780.0,
    'volume': 47349907.0,
    'vwap': 22.604352}]}
2025-06-15 20:49:40,412 - data_provider - DEBUG - Using object response, data type: <class 'dict'>
2025-06-15 20:49:40,412 - data_provider - DEBUG - Data dir: ['__class__', '__class_getitem__', '__contains__', '__delattr__', '__delitem__', '__dir__', '__doc__', '__eq__', '__format__', '__ge__', '__getattribute__', '__getitem__', '__getstate__', '__gt__', '__hash__', '__init__', '__init_subclass__', '__ior__', '__iter__', '__le__', '__len__', '__lt__', '__ne__', '__new__', '__or__', '__reduce__', '__reduce_ex__', '__repr__', '__reversed__', '__ror__', '__setattr__', '__setitem__', '__sizeof__', '__str__', '__subclasshook__', 'clear', 'copy', 'fromkeys', 'get', 'items', 'keys', 'pop', 'popitem', 'setdefault', 'update', 'values']
2025-06-15 20:49:40,412 - data_provider - DEBUG - Data content for symbol UVXY: {'UVXY': [{   'close': 20.31,
    'high': 20.575,
    'low': 20.02,
    'open': 20.45,
    'symbol': 'UVXY',
    'timestamp': datetime.datetime(2025, 6, 9, 4, 0, tzinfo=TzInfo(UTC)),
    'trade_count': 51484.0,
    'volume': 9031675.0,
    'vwap': 20.240437}, {   'close': 20.19,
    'high': 20.445,
    'low': 19.97,
    'open': 20.22,
    'symbol': 'UVXY',
    'timestamp': datetime.datetime(2025, 6, 10, 4, 0, tzinfo=TzInfo(UTC)),
    'trade_count': 64360.0,
    'volume': 11098323.0,
    'vwap': 20.126906}, {   'close': 20.4,
    'high': 20.87,
    'low': 19.3,
    'open': 19.63,
    'symbol': 'UVXY',
    'timestamp': datetime.datetime(2025, 6, 11, 4, 0, tzinfo=TzInfo(UTC)),
    'trade_count': 130472.0,
    'volume': 24624507.0,
    'vwap': 20.01561}, {   'close': 20.75,
    'high': 21.0,
    'low': 20.27,
    'open': 20.8,
    'symbol': 'UVXY',
    'timestamp': datetime.datetime(2025, 6, 12, 4, 0, tzinfo=TzInfo(UTC)),
    'trade_count': 78893.0,
    'volume': 14703455.0,
    'vwap': 20.620894}, {   'close': 23.22,
    'high': 23.74,
    'low': 21.44,
    'open': 22.32,
    'symbol': 'UVXY',
    'timestamp': datetime.datetime(2025, 6, 13, 4, 0, tzinfo=TzInfo(UTC)),
    'trade_count': 261780.0,
    'volume': 47349907.0,
    'vwap': 22.604352}]}
2025-06-15 20:49:40,413 - data_provider - DEBUG - Looking for symbol UVXY in data
2025-06-15 20:49:40,413 - data_provider - DEBUG - Dict access result for UVXY: Found
2025-06-15 20:49:40,566 - data_provider - DEBUG - API response type: <class 'alpaca.data.models.bars.BarSet'>
2025-06-15 20:49:40,566 - data_provider - DEBUG - API response dir: ['__abstractmethods__', '__annotations__', '__class__', '__class_getitem__', '__class_vars__', '__copy__', '__deepcopy__', '__delattr__', '__dict__', '__dir__', '__doc__', '__eq__', '__fields__', '__fields_set__', '__firstlineno__', '__format__', '__ge__', '__get_pydantic_core_schema__', '__get_pydantic_json_schema__', '__getattr__', '__getattribute__', '__getitem__', '__getstate__', '__gt__', '__hash__', '__init__', '__init_subclass__', '__iter__', '__le__', '__lt__', '__module__', '__ne__', '__new__', '__pretty__', '__private_attributes__', '__pydantic_complete__', '__pydantic_computed_fields__', '__pydantic_core_schema__', '__pydantic_custom_init__', '__pydantic_decorators__', '__pydantic_extra__', '__pydantic_fields__', '__pydantic_fields_set__', '__pydantic_generic_metadata__', '__pydantic_init_subclass__', '__pydantic_parent_namespace__', '__pydantic_post_init__', '__pydantic_private__', '__pydantic_root_model__', '__pydantic_serializer__', '__pydantic_setattr_handlers__', '__pydantic_validator__', '__reduce__', '__reduce_ex__', '__replace__', '__repr__', '__repr_args__', '__repr_name__', '__repr_recursion__', '__repr_str__', '__rich_repr__', '__setattr__', '__setstate__', '__signature__', '__sizeof__', '__slots__', '__static_attributes__', '__str__', '__subclasshook__', '__weakref__', '_abc_impl', '_calculate_keys', '_copy_and_set_values', '_get_value', '_iter', '_setattr_handler', 'construct', 'copy', 'data', 'df', 'dict', 'from_orm', 'json', 'model_computed_fields', 'model_config', 'model_construct', 'model_copy', 'model_dump', 'model_dump_json', 'model_extra', 'model_fields', 'model_fields_set', 'model_json_schema', 'model_parametrized_name', 'model_post_init', 'model_rebuild', 'model_validate', 'model_validate_json', 'model_validate_strings', 'parse_file', 'parse_obj', 'parse_raw', 'schema', 'schema_json', 'update_forward_refs', 'validate']
2025-06-15 20:49:40,567 - data_provider - DEBUG - Raw API response for symbol MRNA: data={'MRNA': [{   'close': 24.64,
    'high': 26.89,
    'low': 24.15,
    'open': 26.4,
    'symbol': 'MRNA',
    'timestamp': datetime.datetime(2025, 4, 8, 4, 0, tzinfo=TzInfo(UTC)),
    'trade_count': 92480.0,
    'volume': 8949287.0,
    'vwap': 25.290244}, {   'close': 26.67,
    'high': 27.68,
    'low': 23.675,
    'open': 24.015,
    'symbol': 'MRNA',
    'timestamp': datetime.datetime(2025, 4, 9, 4, 0, tzinfo=TzInfo(UTC)),
    'trade_count': 145015.0,
    'volume': 13093277.0,
    'vwap': 25.884665}, {   'close': 24.5,
    'high': 25.9,
    'low': 23.7,
    'open': 25.82,
    'symbol': 'MRNA',
    'timestamp': datetime.datetime(2025, 4, 10, 4, 0, tzinfo=TzInfo(UTC)),
    'trade_count': 140757.0,
    'volume': 12664754.0,
    'vwap': 24.424961}, {   'close': 26.2,
    'high': 26.24,
    'low': 24.26,
    'open': 24.69,
    'symbol': 'MRNA',
    'timestamp': datetime.datetime(2025, 4, 11, 4, 0, tzinfo=TzInfo(UTC)),
    'trade_count': 108026.0,
    'volume': 11006115.0,
    'vwap': 25.480423}, {   'close': 26.8,
    'high': 27.095,
    'low': 26.24,
    'open': 26.94,
    'symbol': 'MRNA',
    'timestamp': datetime.datetime(2025, 4, 14, 4, 0, tzinfo=TzInfo(UTC)),
    'trade_count': 73659.0,
    'volume': 6465708.0,
    'vwap': 26.748994}, {   'close': 26.24,
    'high': 27.21,
    'low': 25.52,
    'open': 26.82,
    'symbol': 'MRNA',
    'timestamp': datetime.datetime(2025, 4, 15, 4, 0, tzinfo=TzInfo(UTC)),
    'trade_count': 67902.0,
    'volume': 7035881.0,
    'vwap': 26.11501}, {   'close': 25.19,
    'high': 26.065,
    'low': 24.813,
    'open': 25.85,
    'symbol': 'MRNA',
    'timestamp': datetime.datetime(2025, 4, 16, 4, 0, tzinfo=TzInfo(UTC)),
    'trade_count': 65611.0,
    'volume': 5476420.0,
    'vwap': 25.3096}, {   'close': 24.715,
    'high': 25.28,
    'low': 24.43,
    'open': 25.28,
    'symbol': 'MRNA',
    'timestamp': datetime.datetime(2025, 4, 17, 4, 0, tzinfo=TzInfo(UTC)),
    'trade_count': 68094.0,
    'volume': 6684993.0,
    'vwap': 24.749861}, {   'close': 25.13,
    'high': 25.34,
    'low': 23.3,
    'open': 24.03,
    'symbol': 'MRNA',
    'timestamp': datetime.datetime(2025, 4, 21, 4, 0, tzinfo=TzInfo(UTC)),
    'trade_count': 73174.0,
    'volume': 6862772.0,
    'vwap': 24.755617}, {   'close': 25.74,
    'high': 25.84,
    'low': 24.87,
    'open': 25.27,
    'symbol': 'MRNA',
    'timestamp': datetime.datetime(2025, 4, 22, 4, 0, tzinfo=TzInfo(UTC)),
    'trade_count': 58664.0,
    'volume': 5497494.0,
    'vwap': 25.48631}, {   'close': 26.54,
    'high': 27.88,
    'low': 26.4501,
    'open': 26.5,
    'symbol': 'MRNA',
    'timestamp': datetime.datetime(2025, 4, 23, 4, 0, tzinfo=TzInfo(UTC)),
    'trade_count': 84545.0,
    'volume': 8002090.0,
    'vwap': 27.062804}, {   'close': 27.39,
    'high': 27.41,
    'low': 26.33,
    'open': 26.66,
    'symbol': 'MRNA',
    'timestamp': datetime.datetime(2025, 4, 24, 4, 0, tzinfo=TzInfo(UTC)),
    'trade_count': 54694.0,
    'volume': 4794935.0,
    'vwap': 26.983429}, {   'close': 27.22,
    'high': 27.88,
    'low': 26.61,
    'open': 26.82,
    'symbol': 'MRNA',
    'timestamp': datetime.datetime(2025, 4, 25, 4, 0, tzinfo=TzInfo(UTC)),
    'trade_count': 85873.0,
    'volume': 7719074.0,
    'vwap': 27.283852}, {   'close': 27.46,
    'high': 28.4016,
    'low': 27.0,
    'open': 27.0,
    'symbol': 'MRNA',
    'timestamp': datetime.datetime(2025, 4, 28, 4, 0, tzinfo=TzInfo(UTC)),
    'trade_count': 62487.0,
    'volume': 5754947.0,
    'vwap': 27.500096}, {   'close': 27.82,
    'high': 28.01,
    'low': 27.17,
    'open': 27.465,
    'symbol': 'MRNA',
    'timestamp': datetime.datetime(2025, 4, 29, 4, 0, tzinfo=TzInfo(UTC)),
    'trade_count': 63085.0,
    'volume': 5242133.0,
    'vwap': 27.7318}, {   'close': 28.54,
    'high': 28.65,
    'low': 27.24,
    'open': 27.465,
    'symbol': 'MRNA',
    'timestamp': datetime.datetime(2025, 4, 30, 4, 0, tzinfo=TzInfo(UTC)),
    'trade_count': 78964.0,
    'volume': 7729944.0,
    'vwap': 28.156337}, {   'close': 27.03,
    'high': 27.85,
    'low': 26.06,
    'open': 27.68,
    'symbol': 'MRNA',
    'timestamp': datetime.datetime(2025, 5, 1, 4, 0, tzinfo=TzInfo(UTC)),
    'trade_count': 141663.0,
    'volume': 14893573.0,
    'vwap': 27.204923}, {   'close': 27.61,
    'high': 28.1,
    'low': 27.15,
    'open': 27.74,
    'symbol': 'MRNA',
    'timestamp': datetime.datetime(2025, 5, 2, 4, 0, tzinfo=TzInfo(UTC)),
    'trade_count': 79093.0,
    'volume': 7545234.0,
    'vwap': 27.591113}, {   'close': 27.84,
    'high': 28.52,
    'low': 27.18,
    'open': 27.8,
    'symbol': 'MRNA',
    'timestamp': datetime.datetime(2025, 5, 5, 4, 0, tzinfo=TzInfo(UTC)),
    'trade_count': 79302.0,
    'volume': 7804296.0,
    'vwap': 27.929589}, {   'close': 24.43,
    'high': 27.37,
    'low': 24.16,
    'open': 27.37,
    'symbol': 'MRNA',
    'timestamp': datetime.datetime(2025, 5, 6, 4, 0, tzinfo=TzInfo(UTC)),
    'trade_count': 218147.0,
    'volume': 23279594.0,
    'vwap': 25.199668}, {   'close': 24.06,
    'high': 24.92,
    'low': 23.7,
    'open': 24.6,
    'symbol': 'MRNA',
    'timestamp': datetime.datetime(2025, 5, 7, 4, 0, tzinfo=TzInfo(UTC)),
    'trade_count': 99227.0,
    'volume': 10810622.0,
    'vwap': 24.12205}, {   'close': 24.38,
    'high': 24.98,
    'low': 23.95,
    'open': 24.33,
    'symbol': 'MRNA',
    'timestamp': datetime.datetime(2025, 5, 8, 4, 0, tzinfo=TzInfo(UTC)),
    'trade_count': 99952.0,
    'volume': 9680327.0,
    'vwap': 24.463961}, {   'close': 24.25,
    'high': 25.32,
    'low': 24.22,
    'open': 24.68,
    'symbol': 'MRNA',
    'timestamp': datetime.datetime(2025, 5, 9, 4, 0, tzinfo=TzInfo(UTC)),
    'trade_count': 76497.0,
    'volume': 7129182.0,
    'vwap': 24.707818}, {   'close': 25.7,
    'high': 26.18,
    'low': 24.86,
    'open': 24.86,
    'symbol': 'MRNA',
    'timestamp': datetime.datetime(2025, 5, 12, 4, 0, tzinfo=TzInfo(UTC)),
    'trade_count': 128608.0,
    'volume': 12541187.0,
    'vwap': 25.576455}, {   'close': 25.49,
    'high': 25.88,
    'low': 25.0798,
    'open': 25.6,
    'symbol': 'MRNA',
    'timestamp': datetime.datetime(2025, 5, 13, 4, 0, tzinfo=TzInfo(UTC)),
    'trade_count': 87699.0,
    'volume': 8381384.0,
    'vwap': 25.484535}, {   'close': 24.02,
    'high': 25.58,
    'low': 23.95,
    'open': 25.54,
    'symbol': 'MRNA',
    'timestamp': datetime.datetime(2025, 5, 14, 4, 0, tzinfo=TzInfo(UTC)),
    'trade_count': 111208.0,
    'volume': 12814878.0,
    'vwap': 24.392827}, {   'close': 23.65,
    'high': 24.31,
    'low': 23.155,
    'open': 24.3,
    'symbol': 'MRNA',
    'timestamp': datetime.datetime(2025, 5, 15, 4, 0, tzinfo=TzInfo(UTC)),
    'trade_count': 138127.0,
    'volume': 14890125.0,
    'vwap': 23.58019}, {   'close': 24.86,
    'high': 25.44,
    'low': 23.67,
    'open': 23.87,
    'symbol': 'MRNA',
    'timestamp': datetime.datetime(2025, 5, 16, 4, 0, tzinfo=TzInfo(UTC)),
    'trade_count': 137974.0,
    'volume': 14874031.0,
    'vwap': 24.766027}, {   'close': 26.39,
    'high': 26.9243,
    'low': 25.101,
    'open': 25.27,
    'symbol': 'MRNA',
    'timestamp': datetime.datetime(2025, 5, 19, 4, 0, tzinfo=TzInfo(UTC)),
    'trade_count': 153488.0,
    'volume': 16136391.0,
    'vwap': 26.246353}, {   'close': 27.99,
    'high': 30.3,
    'low': 26.47,
    'open': 26.82,
    'symbol': 'MRNA',
    'timestamp': datetime.datetime(2025, 5, 20, 4, 0, tzinfo=TzInfo(UTC)),
    'trade_count': 310936.0,
    'volume': 37154690.0,
    'vwap': 28.291376}, {   'close': 25.8,
    'high': 28.0668,
    'low': 25.64,
    'open': 27.9,
    'symbol': 'MRNA',
    'timestamp': datetime.datetime(2025, 5, 21, 4, 0, tzinfo=TzInfo(UTC)),
    'trade_count': 163671.0,
    'volume': 17822591.0,
    'vwap': 26.38663}, {   'close': 26.72,
    'high': 26.89,
    'low': 25.22,
    'open': 25.5,
    'symbol': 'MRNA',
    'timestamp': datetime.datetime(2025, 5, 22, 4, 0, tzinfo=TzInfo(UTC)),
    'trade_count': 114844.0,
    'volume': 11296901.0,
    'vwap': 26.247138}, {   'close': 26.26,
    'high': 26.4899,
    'low': 25.55,
    'open': 26.15,
    'symbol': 'MRNA',
    'timestamp': datetime.datetime(2025, 5, 23, 4, 0, tzinfo=TzInfo(UTC)),
    'trade_count': 84690.0,
    'volume': 8258832.0,
    'vwap': 25.997159}, {   'close': 26.76,
    'high': 27.85,
    'low': 26.2,
    'open': 26.79,
    'symbol': 'MRNA',
    'timestamp': datetime.datetime(2025, 5, 27, 4, 0, tzinfo=TzInfo(UTC)),
    'trade_count': 133029.0,
    'volume': 14604949.0,
    'vwap': 27.024826}, {   'close': 26.05,
    'high': 26.77,
    'low': 25.86,
    'open': 26.77,
    'symbol': 'MRNA',
    'timestamp': datetime.datetime(2025, 5, 28, 4, 0, tzinfo=TzInfo(UTC)),
    'trade_count': 79147.0,
    'volume': 8114223.0,
    'vwap': 26.257922}, {   'close': 26.93,
    'high': 27.15,
    'low': 25.76,
    'open': 26.285,
    'symbol': 'MRNA',
    'timestamp': datetime.datetime(2025, 5, 29, 4, 0, tzinfo=TzInfo(UTC)),
    'trade_count': 95113.0,
    'volume': 10126462.0,
    'vwap': 26.738993}, {   'close': 26.56,
    'high': 26.81,
    'low': 25.6,
    'open': 26.345,
    'symbol': 'MRNA',
    'timestamp': datetime.datetime(2025, 5, 30, 4, 0, tzinfo=TzInfo(UTC)),
    'trade_count': 116592.0,
    'volume': 30676244.0,
    'vwap': 26.43657}, {   'close': 27.05,
    'high': 27.43,
    'low': 26.42,
    'open': 26.92,
    'symbol': 'MRNA',
    'timestamp': datetime.datetime(2025, 6, 2, 4, 0, tzinfo=TzInfo(UTC)),
    'trade_count': 119623.0,
    'volume': 12909092.0,
    'vwap': 26.947598}, {   'close': 27.81,
    'high': 28.57,
    'low': 26.28,
    'open': 26.91,
    'symbol': 'MRNA',
    'timestamp': datetime.datetime(2025, 6, 3, 4, 0, tzinfo=TzInfo(UTC)),
    'trade_count': 125677.0,
    'volume': 13439893.0,
    'vwap': 27.721901}, {   'close': 27.27,
    'high': 28.24,
    'low': 27.04,
    'open': 28.17,
    'symbol': 'MRNA',
    'timestamp': datetime.datetime(2025, 6, 4, 4, 0, tzinfo=TzInfo(UTC)),
    'trade_count': 78714.0,
    'volume': 7741689.0,
    'vwap': 27.504822}, {   'close': 26.12,
    'high': 27.16,
    'low': 25.82,
    'open': 27.14,
    'symbol': 'MRNA',
    'timestamp': datetime.datetime(2025, 6, 5, 4, 0, tzinfo=TzInfo(UTC)),
    'trade_count': 93427.0,
    'volume': 9868694.0,
    'vwap': 26.401829}, {   'close': 27.46,
    'high': 27.55,
    'low': 26.12,
    'open': 26.21,
    'symbol': 'MRNA',
    'timestamp': datetime.datetime(2025, 6, 6, 4, 0, tzinfo=TzInfo(UTC)),
    'trade_count': 88151.0,
    'volume': 8525843.0,
    'vwap': 27.151383}, {   'close': 28.14,
    'high': 29.19,
    'low': 27.6531,
    'open': 27.77,
    'symbol': 'MRNA',
    'timestamp': datetime.datetime(2025, 6, 9, 4, 0, tzinfo=TzInfo(UTC)),
    'trade_count': 96114.0,
    'volume': 9387573.0,
    'vwap': 28.364034}, {   'close': 27.68,
    'high': 28.23,
    'low': 27.32,
    'open': 27.86,
    'symbol': 'MRNA',
    'timestamp': datetime.datetime(2025, 6, 10, 4, 0, tzinfo=TzInfo(UTC)),
    'trade_count': 88977.0,
    'volume': 7888861.0,
    'vwap': 27.73258}, {   'close': 27.75,
    'high': 28.72,
    'low': 27.62,
    'open': 28.0,
    'symbol': 'MRNA',
    'timestamp': datetime.datetime(2025, 6, 11, 4, 0, tzinfo=TzInfo(UTC)),
    'trade_count': 93356.0,
    'volume': 9232411.0,
    'vwap': 28.096681}, {   'close': 27.35,
    'high': 27.925,
    'low': 26.81,
    'open': 27.29,
    'symbol': 'MRNA',
    'timestamp': datetime.datetime(2025, 6, 12, 4, 0, tzinfo=TzInfo(UTC)),
    'trade_count': 89834.0,
    'volume': 8326399.0,
    'vwap': 27.308274}, {   'close': 26.67,
    'high': 27.35,
    'low': 26.31,
    'open': 26.57,
    'symbol': 'MRNA',
    'timestamp': datetime.datetime(2025, 6, 13, 4, 0, tzinfo=TzInfo(UTC)),
    'trade_count': 83598.0,
    'volume': 7180263.0,
    'vwap': 26.723727}]}
2025-06-15 20:49:40,576 - data_provider - DEBUG - Using object response, data type: <class 'dict'>
2025-06-15 20:49:40,576 - data_provider - DEBUG - Data dir: ['__class__', '__class_getitem__', '__contains__', '__delattr__', '__delitem__', '__dir__', '__doc__', '__eq__', '__format__', '__ge__', '__getattribute__', '__getitem__', '__getstate__', '__gt__', '__hash__', '__init__', '__init_subclass__', '__ior__', '__iter__', '__le__', '__len__', '__lt__', '__ne__', '__new__', '__or__', '__reduce__', '__reduce_ex__', '__repr__', '__reversed__', '__ror__', '__setattr__', '__setitem__', '__sizeof__', '__str__', '__subclasshook__', 'clear', 'copy', 'fromkeys', 'get', 'items', 'keys', 'pop', 'popitem', 'setdefault', 'update', 'values']
2025-06-15 20:49:40,576 - data_provider - DEBUG - Data content for symbol MRNA: {'MRNA': [{   'close': 24.64,
    'high': 26.89,
    'low': 24.15,
    'open': 26.4,
    'symbol': 'MRNA',
    'timestamp': datetime.datetime(2025, 4, 8, 4, 0, tzinfo=TzInfo(UTC)),
    'trade_count': 92480.0,
    'volume': 8949287.0,
    'vwap': 25.290244}, {   'close': 26.67,
    'high': 27.68,
    'low': 23.675,
    'open': 24.015,
    'symbol': 'MRNA',
    'timestamp': datetime.datetime(2025, 4, 9, 4, 0, tzinfo=TzInfo(UTC)),
    'trade_count': 145015.0,
    'volume': 13093277.0,
    'vwap': 25.884665}, {   'close': 24.5,
    'high': 25.9,
    'low': 23.7,
    'open': 25.82,
    'symbol': 'MRNA',
    'timestamp': datetime.datetime(2025, 4, 10, 4, 0, tzinfo=TzInfo(UTC)),
    'trade_count': 140757.0,
    'volume': 12664754.0,
    'vwap': 24.424961}, {   'close': 26.2,
    'high': 26.24,
    'low': 24.26,
    'open': 24.69,
    'symbol': 'MRNA',
    'timestamp': datetime.datetime(2025, 4, 11, 4, 0, tzinfo=TzInfo(UTC)),
    'trade_count': 108026.0,
    'volume': 11006115.0,
    'vwap': 25.480423}, {   'close': 26.8,
    'high': 27.095,
    'low': 26.24,
    'open': 26.94,
    'symbol': 'MRNA',
    'timestamp': datetime.datetime(2025, 4, 14, 4, 0, tzinfo=TzInfo(UTC)),
    'trade_count': 73659.0,
    'volume': 6465708.0,
    'vwap': 26.748994}, {   'close': 26.24,
    'high': 27.21,
    'low': 25.52,
    'open': 26.82,
    'symbol': 'MRNA',
    'timestamp': datetime.datetime(2025, 4, 15, 4, 0, tzinfo=TzInfo(UTC)),
    'trade_count': 67902.0,
    'volume': 7035881.0,
    'vwap': 26.11501}, {   'close': 25.19,
    'high': 26.065,
    'low': 24.813,
    'open': 25.85,
    'symbol': 'MRNA',
    'timestamp': datetime.datetime(2025, 4, 16, 4, 0, tzinfo=TzInfo(UTC)),
    'trade_count': 65611.0,
    'volume': 5476420.0,
    'vwap': 25.3096}, {   'close': 24.715,
    'high': 25.28,
    'low': 24.43,
    'open': 25.28,
    'symbol': 'MRNA',
    'timestamp': datetime.datetime(2025, 4, 17, 4, 0, tzinfo=TzInfo(UTC)),
    'trade_count': 68094.0,
    'volume': 6684993.0,
    'vwap': 24.749861}, {   'close': 25.13,
    'high': 25.34,
    'low': 23.3,
    'open': 24.03,
    'symbol': 'MRNA',
    'timestamp': datetime.datetime(2025, 4, 21, 4, 0, tzinfo=TzInfo(UTC)),
    'trade_count': 73174.0,
    'volume': 6862772.0,
    'vwap': 24.755617}, {   'close': 25.74,
    'high': 25.84,
    'low': 24.87,
    'open': 25.27,
    'symbol': 'MRNA',
    'timestamp': datetime.datetime(2025, 4, 22, 4, 0, tzinfo=TzInfo(UTC)),
    'trade_count': 58664.0,
    'volume': 5497494.0,
    'vwap': 25.48631}, {   'close': 26.54,
    'high': 27.88,
    'low': 26.4501,
    'open': 26.5,
    'symbol': 'MRNA',
    'timestamp': datetime.datetime(2025, 4, 23, 4, 0, tzinfo=TzInfo(UTC)),
    'trade_count': 84545.0,
    'volume': 8002090.0,
    'vwap': 27.062804}, {   'close': 27.39,
    'high': 27.41,
    'low': 26.33,
    'open': 26.66,
    'symbol': 'MRNA',
    'timestamp': datetime.datetime(2025, 4, 24, 4, 0, tzinfo=TzInfo(UTC)),
    'trade_count': 54694.0,
    'volume': 4794935.0,
    'vwap': 26.983429}, {   'close': 27.22,
    'high': 27.88,
    'low': 26.61,
    'open': 26.82,
    'symbol': 'MRNA',
    'timestamp': datetime.datetime(2025, 4, 25, 4, 0, tzinfo=TzInfo(UTC)),
    'trade_count': 85873.0,
    'volume': 7719074.0,
    'vwap': 27.283852}, {   'close': 27.46,
    'high': 28.4016,
    'low': 27.0,
    'open': 27.0,
    'symbol': 'MRNA',
    'timestamp': datetime.datetime(2025, 4, 28, 4, 0, tzinfo=TzInfo(UTC)),
    'trade_count': 62487.0,
    'volume': 5754947.0,
    'vwap': 27.500096}, {   'close': 27.82,
    'high': 28.01,
    'low': 27.17,
    'open': 27.465,
    'symbol': 'MRNA',
    'timestamp': datetime.datetime(2025, 4, 29, 4, 0, tzinfo=TzInfo(UTC)),
    'trade_count': 63085.0,
    'volume': 5242133.0,
    'vwap': 27.7318}, {   'close': 28.54,
    'high': 28.65,
    'low': 27.24,
    'open': 27.465,
    'symbol': 'MRNA',
    'timestamp': datetime.datetime(2025, 4, 30, 4, 0, tzinfo=TzInfo(UTC)),
    'trade_count': 78964.0,
    'volume': 7729944.0,
    'vwap': 28.156337}, {   'close': 27.03,
    'high': 27.85,
    'low': 26.06,
    'open': 27.68,
    'symbol': 'MRNA',
    'timestamp': datetime.datetime(2025, 5, 1, 4, 0, tzinfo=TzInfo(UTC)),
    'trade_count': 141663.0,
    'volume': 14893573.0,
    'vwap': 27.204923}, {   'close': 27.61,
    'high': 28.1,
    'low': 27.15,
    'open': 27.74,
    'symbol': 'MRNA',
    'timestamp': datetime.datetime(2025, 5, 2, 4, 0, tzinfo=TzInfo(UTC)),
    'trade_count': 79093.0,
    'volume': 7545234.0,
    'vwap': 27.591113}, {   'close': 27.84,
    'high': 28.52,
    'low': 27.18,
    'open': 27.8,
    'symbol': 'MRNA',
    'timestamp': datetime.datetime(2025, 5, 5, 4, 0, tzinfo=TzInfo(UTC)),
    'trade_count': 79302.0,
    'volume': 7804296.0,
    'vwap': 27.929589}, {   'close': 24.43,
    'high': 27.37,
    'low': 24.16,
    'open': 27.37,
    'symbol': 'MRNA',
    'timestamp': datetime.datetime(2025, 5, 6, 4, 0, tzinfo=TzInfo(UTC)),
    'trade_count': 218147.0,
    'volume': 23279594.0,
    'vwap': 25.199668}, {   'close': 24.06,
    'high': 24.92,
    'low': 23.7,
    'open': 24.6,
    'symbol': 'MRNA',
    'timestamp': datetime.datetime(2025, 5, 7, 4, 0, tzinfo=TzInfo(UTC)),
    'trade_count': 99227.0,
    'volume': 10810622.0,
    'vwap': 24.12205}, {   'close': 24.38,
    'high': 24.98,
    'low': 23.95,
    'open': 24.33,
    'symbol': 'MRNA',
    'timestamp': datetime.datetime(2025, 5, 8, 4, 0, tzinfo=TzInfo(UTC)),
    'trade_count': 99952.0,
    'volume': 9680327.0,
    'vwap': 24.463961}, {   'close': 24.25,
    'high': 25.32,
    'low': 24.22,
    'open': 24.68,
    'symbol': 'MRNA',
    'timestamp': datetime.datetime(2025, 5, 9, 4, 0, tzinfo=TzInfo(UTC)),
    'trade_count': 76497.0,
    'volume': 7129182.0,
    'vwap': 24.707818}, {   'close': 25.7,
    'high': 26.18,
    'low': 24.86,
    'open': 24.86,
    'symbol': 'MRNA',
    'timestamp': datetime.datetime(2025, 5, 12, 4, 0, tzinfo=TzInfo(UTC)),
    'trade_count': 128608.0,
    'volume': 12541187.0,
    'vwap': 25.576455}, {   'close': 25.49,
    'high': 25.88,
    'low': 25.0798,
    'open': 25.6,
    'symbol': 'MRNA',
    'timestamp': datetime.datetime(2025, 5, 13, 4, 0, tzinfo=TzInfo(UTC)),
    'trade_count': 87699.0,
    'volume': 8381384.0,
    'vwap': 25.484535}, {   'close': 24.02,
    'high': 25.58,
    'low': 23.95,
    'open': 25.54,
    'symbol': 'MRNA',
    'timestamp': datetime.datetime(2025, 5, 14, 4, 0, tzinfo=TzInfo(UTC)),
    'trade_count': 111208.0,
    'volume': 12814878.0,
    'vwap': 24.392827}, {   'close': 23.65,
    'high': 24.31,
    'low': 23.155,
    'open': 24.3,
    'symbol': 'MRNA',
    'timestamp': datetime.datetime(2025, 5, 15, 4, 0, tzinfo=TzInfo(UTC)),
    'trade_count': 138127.0,
    'volume': 14890125.0,
    'vwap': 23.58019}, {   'close': 24.86,
    'high': 25.44,
    'low': 23.67,
    'open': 23.87,
    'symbol': 'MRNA',
    'timestamp': datetime.datetime(2025, 5, 16, 4, 0, tzinfo=TzInfo(UTC)),
    'trade_count': 137974.0,
    'volume': 14874031.0,
    'vwap': 24.766027}, {   'close': 26.39,
    'high': 26.9243,
    'low': 25.101,
    'open': 25.27,
    'symbol': 'MRNA',
    'timestamp': datetime.datetime(2025, 5, 19, 4, 0, tzinfo=TzInfo(UTC)),
    'trade_count': 153488.0,
    'volume': 16136391.0,
    'vwap': 26.246353}, {   'close': 27.99,
    'high': 30.3,
    'low': 26.47,
    'open': 26.82,
    'symbol': 'MRNA',
    'timestamp': datetime.datetime(2025, 5, 20, 4, 0, tzinfo=TzInfo(UTC)),
    'trade_count': 310936.0,
    'volume': 37154690.0,
    'vwap': 28.291376}, {   'close': 25.8,
    'high': 28.0668,
    'low': 25.64,
    'open': 27.9,
    'symbol': 'MRNA',
    'timestamp': datetime.datetime(2025, 5, 21, 4, 0, tzinfo=TzInfo(UTC)),
    'trade_count': 163671.0,
    'volume': 17822591.0,
    'vwap': 26.38663}, {   'close': 26.72,
    'high': 26.89,
    'low': 25.22,
    'open': 25.5,
    'symbol': 'MRNA',
    'timestamp': datetime.datetime(2025, 5, 22, 4, 0, tzinfo=TzInfo(UTC)),
    'trade_count': 114844.0,
    'volume': 11296901.0,
    'vwap': 26.247138}, {   'close': 26.26,
    'high': 26.4899,
    'low': 25.55,
    'open': 26.15,
    'symbol': 'MRNA',
    'timestamp': datetime.datetime(2025, 5, 23, 4, 0, tzinfo=TzInfo(UTC)),
    'trade_count': 84690.0,
    'volume': 8258832.0,
    'vwap': 25.997159}, {   'close': 26.76,
    'high': 27.85,
    'low': 26.2,
    'open': 26.79,
    'symbol': 'MRNA',
    'timestamp': datetime.datetime(2025, 5, 27, 4, 0, tzinfo=TzInfo(UTC)),
    'trade_count': 133029.0,
    'volume': 14604949.0,
    'vwap': 27.024826}, {   'close': 26.05,
    'high': 26.77,
    'low': 25.86,
    'open': 26.77,
    'symbol': 'MRNA',
    'timestamp': datetime.datetime(2025, 5, 28, 4, 0, tzinfo=TzInfo(UTC)),
    'trade_count': 79147.0,
    'volume': 8114223.0,
    'vwap': 26.257922}, {   'close': 26.93,
    'high': 27.15,
    'low': 25.76,
    'open': 26.285,
    'symbol': 'MRNA',
    'timestamp': datetime.datetime(2025, 5, 29, 4, 0, tzinfo=TzInfo(UTC)),
    'trade_count': 95113.0,
    'volume': 10126462.0,
    'vwap': 26.738993}, {   'close': 26.56,
    'high': 26.81,
    'low': 25.6,
    'open': 26.345,
    'symbol': 'MRNA',
    'timestamp': datetime.datetime(2025, 5, 30, 4, 0, tzinfo=TzInfo(UTC)),
    'trade_count': 116592.0,
    'volume': 30676244.0,
    'vwap': 26.43657}, {   'close': 27.05,
    'high': 27.43,
    'low': 26.42,
    'open': 26.92,
    'symbol': 'MRNA',
    'timestamp': datetime.datetime(2025, 6, 2, 4, 0, tzinfo=TzInfo(UTC)),
    'trade_count': 119623.0,
    'volume': 12909092.0,
    'vwap': 26.947598}, {   'close': 27.81,
    'high': 28.57,
    'low': 26.28,
    'open': 26.91,
    'symbol': 'MRNA',
    'timestamp': datetime.datetime(2025, 6, 3, 4, 0, tzinfo=TzInfo(UTC)),
    'trade_count': 125677.0,
    'volume': 13439893.0,
    'vwap': 27.721901}, {   'close': 27.27,
    'high': 28.24,
    'low': 27.04,
    'open': 28.17,
    'symbol': 'MRNA',
    'timestamp': datetime.datetime(2025, 6, 4, 4, 0, tzinfo=TzInfo(UTC)),
    'trade_count': 78714.0,
    'volume': 7741689.0,
    'vwap': 27.504822}, {   'close': 26.12,
    'high': 27.16,
    'low': 25.82,
    'open': 27.14,
    'symbol': 'MRNA',
    'timestamp': datetime.datetime(2025, 6, 5, 4, 0, tzinfo=TzInfo(UTC)),
    'trade_count': 93427.0,
    'volume': 9868694.0,
    'vwap': 26.401829}, {   'close': 27.46,
    'high': 27.55,
    'low': 26.12,
    'open': 26.21,
    'symbol': 'MRNA',
    'timestamp': datetime.datetime(2025, 6, 6, 4, 0, tzinfo=TzInfo(UTC)),
    'trade_count': 88151.0,
    'volume': 8525843.0,
    'vwap': 27.151383}, {   'close': 28.14,
    'high': 29.19,
    'low': 27.6531,
    'open': 27.77,
    'symbol': 'MRNA',
    'timestamp': datetime.datetime(2025, 6, 9, 4, 0, tzinfo=TzInfo(UTC)),
    'trade_count': 96114.0,
    'volume': 9387573.0,
    'vwap': 28.364034}, {   'close': 27.68,
    'high': 28.23,
    'low': 27.32,
    'open': 27.86,
    'symbol': 'MRNA',
    'timestamp': datetime.datetime(2025, 6, 10, 4, 0, tzinfo=TzInfo(UTC)),
    'trade_count': 88977.0,
    'volume': 7888861.0,
    'vwap': 27.73258}, {   'close': 27.75,
    'high': 28.72,
    'low': 27.62,
    'open': 28.0,
    'symbol': 'MRNA',
    'timestamp': datetime.datetime(2025, 6, 11, 4, 0, tzinfo=TzInfo(UTC)),
    'trade_count': 93356.0,
    'volume': 9232411.0,
    'vwap': 28.096681}, {   'close': 27.35,
    'high': 27.925,
    'low': 26.81,
    'open': 27.29,
    'symbol': 'MRNA',
    'timestamp': datetime.datetime(2025, 6, 12, 4, 0, tzinfo=TzInfo(UTC)),
    'trade_count': 89834.0,
    'volume': 8326399.0,
    'vwap': 27.308274}, {   'close': 26.67,
    'high': 27.35,
    'low': 26.31,
    'open': 26.57,
    'symbol': 'MRNA',
    'timestamp': datetime.datetime(2025, 6, 13, 4, 0, tzinfo=TzInfo(UTC)),
    'trade_count': 83598.0,
    'volume': 7180263.0,
    'vwap': 26.723727}]}
2025-06-15 20:49:40,585 - data_provider - DEBUG - Looking for symbol MRNA in data
2025-06-15 20:49:40,585 - data_provider - DEBUG - Dict access result for MRNA: Found
2025-06-15 20:49:40,746 - data_provider - DEBUG - API response type: <class 'alpaca.data.models.bars.BarSet'>
2025-06-15 20:49:40,747 - data_provider - DEBUG - API response dir: ['__abstractmethods__', '__annotations__', '__class__', '__class_getitem__', '__class_vars__', '__copy__', '__deepcopy__', '__delattr__', '__dict__', '__dir__', '__doc__', '__eq__', '__fields__', '__fields_set__', '__firstlineno__', '__format__', '__ge__', '__get_pydantic_core_schema__', '__get_pydantic_json_schema__', '__getattr__', '__getattribute__', '__getitem__', '__getstate__', '__gt__', '__hash__', '__init__', '__init_subclass__', '__iter__', '__le__', '__lt__', '__module__', '__ne__', '__new__', '__pretty__', '__private_attributes__', '__pydantic_complete__', '__pydantic_computed_fields__', '__pydantic_core_schema__', '__pydantic_custom_init__', '__pydantic_decorators__', '__pydantic_extra__', '__pydantic_fields__', '__pydantic_fields_set__', '__pydantic_generic_metadata__', '__pydantic_init_subclass__', '__pydantic_parent_namespace__', '__pydantic_post_init__', '__pydantic_private__', '__pydantic_root_model__', '__pydantic_serializer__', '__pydantic_setattr_handlers__', '__pydantic_validator__', '__reduce__', '__reduce_ex__', '__replace__', '__repr__', '__repr_args__', '__repr_name__', '__repr_recursion__', '__repr_str__', '__rich_repr__', '__setattr__', '__setstate__', '__signature__', '__sizeof__', '__slots__', '__static_attributes__', '__str__', '__subclasshook__', '__weakref__', '_abc_impl', '_calculate_keys', '_copy_and_set_values', '_get_value', '_iter', '_setattr_handler', 'construct', 'copy', 'data', 'df', 'dict', 'from_orm', 'json', 'model_computed_fields', 'model_config', 'model_construct', 'model_copy', 'model_dump', 'model_dump_json', 'model_extra', 'model_fields', 'model_fields_set', 'model_json_schema', 'model_parametrized_name', 'model_post_init', 'model_rebuild', 'model_validate', 'model_validate_json', 'model_validate_strings', 'parse_file', 'parse_obj', 'parse_raw', 'schema', 'schema_json', 'update_forward_refs', 'validate']
2025-06-15 20:49:40,747 - data_provider - DEBUG - Raw API response for symbol U: data={'U': [{   'close': 20.65,
    'high': 21.335,
    'low': 20.3,
    'open': 21.025,
    'symbol': 'U',
    'timestamp': datetime.datetime(2025, 5, 8, 4, 0, tzinfo=TzInfo(UTC)),
    'trade_count': 134362.0,
    'volume': 15927618.0,
    'vwap': 20.813803}, {   'close': 20.56,
    'high': 21.4655,
    'low': 20.44,
    'open': 20.79,
    'symbol': 'U',
    'timestamp': datetime.datetime(2025, 5, 9, 4, 0, tzinfo=TzInfo(UTC)),
    'trade_count': 69674.0,
    'volume': 7392292.0,
    'vwap': 20.824193}, {   'close': 21.84,
    'high': 22.17,
    'low': 21.22,
    'open': 21.63,
    'symbol': 'U',
    'timestamp': datetime.datetime(2025, 5, 12, 4, 0, tzinfo=TzInfo(UTC)),
    'trade_count': 96447.0,
    'volume': 12268827.0,
    'vwap': 21.713059}, {   'close': 21.95,
    'high': 22.1991,
    'low': 21.32,
    'open': 21.93,
    'symbol': 'U',
    'timestamp': datetime.datetime(2025, 5, 13, 4, 0, tzinfo=TzInfo(UTC)),
    'trade_count': 83532.0,
    'volume': 10372828.0,
    'vwap': 21.879267}, {   'close': 21.54,
    'high': 22.56,
    'low': 21.47,
    'open': 21.85,
    'symbol': 'U',
    'timestamp': datetime.datetime(2025, 5, 14, 4, 0, tzinfo=TzInfo(UTC)),
    'trade_count': 63634.0,
    'volume': 7511672.0,
    'vwap': 21.754776}, {   'close': 21.22,
    'high': 21.62,
    'low': 20.78,
    'open': 21.23,
    'symbol': 'U',
    'timestamp': datetime.datetime(2025, 5, 15, 4, 0, tzinfo=TzInfo(UTC)),
    'trade_count': 58588.0,
    'volume': 7191459.0,
    'vwap': 21.24974}, {   'close': 22.81,
    'high': 23.065,
    'low': 21.35,
    'open': 21.42,
    'symbol': 'U',
    'timestamp': datetime.datetime(2025, 5, 16, 4, 0, tzinfo=TzInfo(UTC)),
    'trade_count': 91387.0,
    'volume': 13766623.0,
    'vwap': 22.421556}, {   'close': 22.24,
    'high': 22.43,
    'low': 21.37,
    'open': 22.1,
    'symbol': 'U',
    'timestamp': datetime.datetime(2025, 5, 19, 4, 0, tzinfo=TzInfo(UTC)),
    'trade_count': 98793.0,
    'volume': 14199240.0,
    'vwap': 21.98752}, {   'close': 22.23,
    'high': 22.805,
    'low': 21.71,
    'open': 22.23,
    'symbol': 'U',
    'timestamp': datetime.datetime(2025, 5, 20, 4, 0, tzinfo=TzInfo(UTC)),
    'trade_count': 66703.0,
    'volume': 7877471.0,
    'vwap': 22.254933}, {   'close': 20.81,
    'high': 22.36,
    'low': 20.45,
    'open': 21.86,
    'symbol': 'U',
    'timestamp': datetime.datetime(2025, 5, 21, 4, 0, tzinfo=TzInfo(UTC)),
    'trade_count': 71908.0,
    'volume': 9999872.0,
    'vwap': 21.265032}, {   'close': 21.86,
    'high': 22.33,
    'low': 20.66,
    'open': 20.88,
    'symbol': 'U',
    'timestamp': datetime.datetime(2025, 5, 22, 4, 0, tzinfo=TzInfo(UTC)),
    'trade_count': 79632.0,
    'volume': 9618433.0,
    'vwap': 21.737728}, {   'close': 20.75,
    'high': 21.32,
    'low': 20.735,
    'open': 21.29,
    'symbol': 'U',
    'timestamp': datetime.datetime(2025, 5, 23, 4, 0, tzinfo=TzInfo(UTC)),
    'trade_count': 82999.0,
    'volume': 9609761.0,
    'vwap': 20.960134}, {   'close': 21.81,
    'high': 21.89,
    'low': 20.63,
    'open': 21.14,
    'symbol': 'U',
    'timestamp': datetime.datetime(2025, 5, 27, 4, 0, tzinfo=TzInfo(UTC)),
    'trade_count': 79038.0,
    'volume': 10365083.0,
    'vwap': 21.399979}, {   'close': 24.54,
    'high': 25.34,
    'low': 21.825,
    'open': 21.825,
    'symbol': 'U',
    'timestamp': datetime.datetime(2025, 5, 28, 4, 0, tzinfo=TzInfo(UTC)),
    'trade_count': 254877.0,
    'volume': 39242001.0,
    'vwap': 24.294015}, {   'close': 23.77,
    'high': 24.9142,
    'low': 23.315,
    'open': 24.78,
    'symbol': 'U',
    'timestamp': datetime.datetime(2025, 5, 29, 4, 0, tzinfo=TzInfo(UTC)),
    'trade_count': 106748.0,
    'volume': 13833772.0,
    'vwap': 23.898947}, {   'close': 26.08,
    'high': 27.73,
    'low': 24.81,
    'open': 25.0,
    'symbol': 'U',
    'timestamp': datetime.datetime(2025, 5, 30, 4, 0, tzinfo=TzInfo(UTC)),
    'trade_count': 286556.0,
    'volume': 46642386.0,
    'vwap': 26.163792}, {   'close': 26.24,
    'high': 26.73,
    'low': 25.485,
    'open': 25.55,
    'symbol': 'U',
    'timestamp': datetime.datetime(2025, 6, 2, 4, 0, tzinfo=TzInfo(UTC)),
    'trade_count': 134504.0,
    'volume': 17472156.0,
    'vwap': 26.339135}, {   'close': 26.2,
    'high': 26.62,
    'low': 25.68,
    'open': 26.3,
    'symbol': 'U',
    'timestamp': datetime.datetime(2025, 6, 3, 4, 0, tzinfo=TzInfo(UTC)),
    'trade_count': 76542.0,
    'volume': 8787359.0,
    'vwap': 26.166689}, {   'close': 26.06,
    'high': 28.28,
    'low': 24.91,
    'open': 26.5,
    'symbol': 'U',
    'timestamp': datetime.datetime(2025, 6, 4, 4, 0, tzinfo=TzInfo(UTC)),
    'trade_count': 288385.0,
    'volume': 39633529.0,
    'vwap': 26.567645}, {   'close': 24.79,
    'high': 26.335,
    'low': 24.12,
    'open': 26.17,
    'symbol': 'U',
    'timestamp': datetime.datetime(2025, 6, 5, 4, 0, tzinfo=TzInfo(UTC)),
    'trade_count': 131959.0,
    'volume': 17187395.0,
    'vwap': 25.049438}, {   'close': 25.13,
    'high': 25.94,
    'low': 24.95,
    'open': 25.21,
    'symbol': 'U',
    'timestamp': datetime.datetime(2025, 6, 6, 4, 0, tzinfo=TzInfo(UTC)),
    'trade_count': 74718.0,
    'volume': 8897133.0,
    'vwap': 25.386665}, {   'close': 24.69,
    'high': 25.6799,
    'low': 24.57,
    'open': 25.47,
    'symbol': 'U',
    'timestamp': datetime.datetime(2025, 6, 9, 4, 0, tzinfo=TzInfo(UTC)),
    'trade_count': 93464.0,
    'volume': 11316338.0,
    'vwap': 25.00798}, {   'close': 24.84,
    'high': 25.0,
    'low': 24.14,
    'open': 24.67,
    'symbol': 'U',
    'timestamp': datetime.datetime(2025, 6, 10, 4, 0, tzinfo=TzInfo(UTC)),
    'trade_count': 75629.0,
    'volume': 10212275.0,
    'vwap': 24.636819}, {   'close': 24.23,
    'high': 25.14,
    'low': 23.9,
    'open': 25.0,
    'symbol': 'U',
    'timestamp': datetime.datetime(2025, 6, 11, 4, 0, tzinfo=TzInfo(UTC)),
    'trade_count': 75620.0,
    'volume': 9196056.0,
    'vwap': 24.300921}, {   'close': 24.98,
    'high': 25.09,
    'low': 23.76,
    'open': 24.0,
    'symbol': 'U',
    'timestamp': datetime.datetime(2025, 6, 12, 4, 0, tzinfo=TzInfo(UTC)),
    'trade_count': 87302.0,
    'volume': 10529538.0,
    'vwap': 24.656098}, {   'close': 23.66,
    'high': 24.93,
    'low': 23.65,
    'open': 24.39,
    'symbol': 'U',
    'timestamp': datetime.datetime(2025, 6, 13, 4, 0, tzinfo=TzInfo(UTC)),
    'trade_count': 85128.0,
    'volume': 11177564.0,
    'vwap': 24.189352}]}
2025-06-15 20:49:40,754 - data_provider - DEBUG - Using object response, data type: <class 'dict'>
2025-06-15 20:49:40,754 - data_provider - DEBUG - Data dir: ['__class__', '__class_getitem__', '__contains__', '__delattr__', '__delitem__', '__dir__', '__doc__', '__eq__', '__format__', '__ge__', '__getattribute__', '__getitem__', '__getstate__', '__gt__', '__hash__', '__init__', '__init_subclass__', '__ior__', '__iter__', '__le__', '__len__', '__lt__', '__ne__', '__new__', '__or__', '__reduce__', '__reduce_ex__', '__repr__', '__reversed__', '__ror__', '__setattr__', '__setitem__', '__sizeof__', '__str__', '__subclasshook__', 'clear', 'copy', 'fromkeys', 'get', 'items', 'keys', 'pop', 'popitem', 'setdefault', 'update', 'values']
2025-06-15 20:49:40,754 - data_provider - DEBUG - Data content for symbol U: {'U': [{   'close': 20.65,
    'high': 21.335,
    'low': 20.3,
    'open': 21.025,
    'symbol': 'U',
    'timestamp': datetime.datetime(2025, 5, 8, 4, 0, tzinfo=TzInfo(UTC)),
    'trade_count': 134362.0,
    'volume': 15927618.0,
    'vwap': 20.813803}, {   'close': 20.56,
    'high': 21.4655,
    'low': 20.44,
    'open': 20.79,
    'symbol': 'U',
    'timestamp': datetime.datetime(2025, 5, 9, 4, 0, tzinfo=TzInfo(UTC)),
    'trade_count': 69674.0,
    'volume': 7392292.0,
    'vwap': 20.824193}, {   'close': 21.84,
    'high': 22.17,
    'low': 21.22,
    'open': 21.63,
    'symbol': 'U',
    'timestamp': datetime.datetime(2025, 5, 12, 4, 0, tzinfo=TzInfo(UTC)),
    'trade_count': 96447.0,
    'volume': 12268827.0,
    'vwap': 21.713059}, {   'close': 21.95,
    'high': 22.1991,
    'low': 21.32,
    'open': 21.93,
    'symbol': 'U',
    'timestamp': datetime.datetime(2025, 5, 13, 4, 0, tzinfo=TzInfo(UTC)),
    'trade_count': 83532.0,
    'volume': 10372828.0,
    'vwap': 21.879267}, {   'close': 21.54,
    'high': 22.56,
    'low': 21.47,
    'open': 21.85,
    'symbol': 'U',
    'timestamp': datetime.datetime(2025, 5, 14, 4, 0, tzinfo=TzInfo(UTC)),
    'trade_count': 63634.0,
    'volume': 7511672.0,
    'vwap': 21.754776}, {   'close': 21.22,
    'high': 21.62,
    'low': 20.78,
    'open': 21.23,
    'symbol': 'U',
    'timestamp': datetime.datetime(2025, 5, 15, 4, 0, tzinfo=TzInfo(UTC)),
    'trade_count': 58588.0,
    'volume': 7191459.0,
    'vwap': 21.24974}, {   'close': 22.81,
    'high': 23.065,
    'low': 21.35,
    'open': 21.42,
    'symbol': 'U',
    'timestamp': datetime.datetime(2025, 5, 16, 4, 0, tzinfo=TzInfo(UTC)),
    'trade_count': 91387.0,
    'volume': 13766623.0,
    'vwap': 22.421556}, {   'close': 22.24,
    'high': 22.43,
    'low': 21.37,
    'open': 22.1,
    'symbol': 'U',
    'timestamp': datetime.datetime(2025, 5, 19, 4, 0, tzinfo=TzInfo(UTC)),
    'trade_count': 98793.0,
    'volume': 14199240.0,
    'vwap': 21.98752}, {   'close': 22.23,
    'high': 22.805,
    'low': 21.71,
    'open': 22.23,
    'symbol': 'U',
    'timestamp': datetime.datetime(2025, 5, 20, 4, 0, tzinfo=TzInfo(UTC)),
    'trade_count': 66703.0,
    'volume': 7877471.0,
    'vwap': 22.254933}, {   'close': 20.81,
    'high': 22.36,
    'low': 20.45,
    'open': 21.86,
    'symbol': 'U',
    'timestamp': datetime.datetime(2025, 5, 21, 4, 0, tzinfo=TzInfo(UTC)),
    'trade_count': 71908.0,
    'volume': 9999872.0,
    'vwap': 21.265032}, {   'close': 21.86,
    'high': 22.33,
    'low': 20.66,
    'open': 20.88,
    'symbol': 'U',
    'timestamp': datetime.datetime(2025, 5, 22, 4, 0, tzinfo=TzInfo(UTC)),
    'trade_count': 79632.0,
    'volume': 9618433.0,
    'vwap': 21.737728}, {   'close': 20.75,
    'high': 21.32,
    'low': 20.735,
    'open': 21.29,
    'symbol': 'U',
    'timestamp': datetime.datetime(2025, 5, 23, 4, 0, tzinfo=TzInfo(UTC)),
    'trade_count': 82999.0,
    'volume': 9609761.0,
    'vwap': 20.960134}, {   'close': 21.81,
    'high': 21.89,
    'low': 20.63,
    'open': 21.14,
    'symbol': 'U',
    'timestamp': datetime.datetime(2025, 5, 27, 4, 0, tzinfo=TzInfo(UTC)),
    'trade_count': 79038.0,
    'volume': 10365083.0,
    'vwap': 21.399979}, {   'close': 24.54,
    'high': 25.34,
    'low': 21.825,
    'open': 21.825,
    'symbol': 'U',
    'timestamp': datetime.datetime(2025, 5, 28, 4, 0, tzinfo=TzInfo(UTC)),
    'trade_count': 254877.0,
    'volume': 39242001.0,
    'vwap': 24.294015}, {   'close': 23.77,
    'high': 24.9142,
    'low': 23.315,
    'open': 24.78,
    'symbol': 'U',
    'timestamp': datetime.datetime(2025, 5, 29, 4, 0, tzinfo=TzInfo(UTC)),
    'trade_count': 106748.0,
    'volume': 13833772.0,
    'vwap': 23.898947}, {   'close': 26.08,
    'high': 27.73,
    'low': 24.81,
    'open': 25.0,
    'symbol': 'U',
    'timestamp': datetime.datetime(2025, 5, 30, 4, 0, tzinfo=TzInfo(UTC)),
    'trade_count': 286556.0,
    'volume': 46642386.0,
    'vwap': 26.163792}, {   'close': 26.24,
    'high': 26.73,
    'low': 25.485,
    'open': 25.55,
    'symbol': 'U',
    'timestamp': datetime.datetime(2025, 6, 2, 4, 0, tzinfo=TzInfo(UTC)),
    'trade_count': 134504.0,
    'volume': 17472156.0,
    'vwap': 26.339135}, {   'close': 26.2,
    'high': 26.62,
    'low': 25.68,
    'open': 26.3,
    'symbol': 'U',
    'timestamp': datetime.datetime(2025, 6, 3, 4, 0, tzinfo=TzInfo(UTC)),
    'trade_count': 76542.0,
    'volume': 8787359.0,
    'vwap': 26.166689}, {   'close': 26.06,
    'high': 28.28,
    'low': 24.91,
    'open': 26.5,
    'symbol': 'U',
    'timestamp': datetime.datetime(2025, 6, 4, 4, 0, tzinfo=TzInfo(UTC)),
    'trade_count': 288385.0,
    'volume': 39633529.0,
    'vwap': 26.567645}, {   'close': 24.79,
    'high': 26.335,
    'low': 24.12,
    'open': 26.17,
    'symbol': 'U',
    'timestamp': datetime.datetime(2025, 6, 5, 4, 0, tzinfo=TzInfo(UTC)),
    'trade_count': 131959.0,
    'volume': 17187395.0,
    'vwap': 25.049438}, {   'close': 25.13,
    'high': 25.94,
    'low': 24.95,
    'open': 25.21,
    'symbol': 'U',
    'timestamp': datetime.datetime(2025, 6, 6, 4, 0, tzinfo=TzInfo(UTC)),
    'trade_count': 74718.0,
    'volume': 8897133.0,
    'vwap': 25.386665}, {   'close': 24.69,
    'high': 25.6799,
    'low': 24.57,
    'open': 25.47,
    'symbol': 'U',
    'timestamp': datetime.datetime(2025, 6, 9, 4, 0, tzinfo=TzInfo(UTC)),
    'trade_count': 93464.0,
    'volume': 11316338.0,
    'vwap': 25.00798}, {   'close': 24.84,
    'high': 25.0,
    'low': 24.14,
    'open': 24.67,
    'symbol': 'U',
    'timestamp': datetime.datetime(2025, 6, 10, 4, 0, tzinfo=TzInfo(UTC)),
    'trade_count': 75629.0,
    'volume': 10212275.0,
    'vwap': 24.636819}, {   'close': 24.23,
    'high': 25.14,
    'low': 23.9,
    'open': 25.0,
    'symbol': 'U',
    'timestamp': datetime.datetime(2025, 6, 11, 4, 0, tzinfo=TzInfo(UTC)),
    'trade_count': 75620.0,
    'volume': 9196056.0,
    'vwap': 24.300921}, {   'close': 24.98,
    'high': 25.09,
    'low': 23.76,
    'open': 24.0,
    'symbol': 'U',
    'timestamp': datetime.datetime(2025, 6, 12, 4, 0, tzinfo=TzInfo(UTC)),
    'trade_count': 87302.0,
    'volume': 10529538.0,
    'vwap': 24.656098}, {   'close': 23.66,
    'high': 24.93,
    'low': 23.65,
    'open': 24.39,
    'symbol': 'U',
    'timestamp': datetime.datetime(2025, 6, 13, 4, 0, tzinfo=TzInfo(UTC)),
    'trade_count': 85128.0,
    'volume': 11177564.0,
    'vwap': 24.189352}]}
2025-06-15 20:49:40,759 - data_provider - DEBUG - Looking for symbol U in data
2025-06-15 20:49:40,759 - data_provider - DEBUG - Dict access result for U: Found
2025-06-15 20:49:40,923 - data_provider - DEBUG - API response type: <class 'alpaca.data.models.bars.BarSet'>
2025-06-15 20:49:40,924 - data_provider - DEBUG - API response dir: ['__abstractmethods__', '__annotations__', '__class__', '__class_getitem__', '__class_vars__', '__copy__', '__deepcopy__', '__delattr__', '__dict__', '__dir__', '__doc__', '__eq__', '__fields__', '__fields_set__', '__firstlineno__', '__format__', '__ge__', '__get_pydantic_core_schema__', '__get_pydantic_json_schema__', '__getattr__', '__getattribute__', '__getitem__', '__getstate__', '__gt__', '__hash__', '__init__', '__init_subclass__', '__iter__', '__le__', '__lt__', '__module__', '__ne__', '__new__', '__pretty__', '__private_attributes__', '__pydantic_complete__', '__pydantic_computed_fields__', '__pydantic_core_schema__', '__pydantic_custom_init__', '__pydantic_decorators__', '__pydantic_extra__', '__pydantic_fields__', '__pydantic_fields_set__', '__pydantic_generic_metadata__', '__pydantic_init_subclass__', '__pydantic_parent_namespace__', '__pydantic_post_init__', '__pydantic_private__', '__pydantic_root_model__', '__pydantic_serializer__', '__pydantic_setattr_handlers__', '__pydantic_validator__', '__reduce__', '__reduce_ex__', '__replace__', '__repr__', '__repr_args__', '__repr_name__', '__repr_recursion__', '__repr_str__', '__rich_repr__', '__setattr__', '__setstate__', '__signature__', '__sizeof__', '__slots__', '__static_attributes__', '__str__', '__subclasshook__', '__weakref__', '_abc_impl', '_calculate_keys', '_copy_and_set_values', '_get_value', '_iter', '_setattr_handler', 'construct', 'copy', 'data', 'df', 'dict', 'from_orm', 'json', 'model_computed_fields', 'model_config', 'model_construct', 'model_copy', 'model_dump', 'model_dump_json', 'model_extra', 'model_fields', 'model_fields_set', 'model_json_schema', 'model_parametrized_name', 'model_post_init', 'model_rebuild', 'model_validate', 'model_validate_json', 'model_validate_strings', 'parse_file', 'parse_obj', 'parse_raw', 'schema', 'schema_json', 'update_forward_refs', 'validate']
2025-06-15 20:49:40,925 - data_provider - DEBUG - Raw API response for symbol INTC: data={'INTC': [{   'close': 21.0,
    'high': 21.24,
    'low': 20.64,
    'open': 21.01,
    'symbol': 'INTC',
    'timestamp': datetime.datetime(2025, 5, 8, 4, 0, tzinfo=TzInfo(UTC)),
    'trade_count': 243316.0,
    'volume': 71651698.0,
    'vwap': 20.960928}, {   'close': 21.42,
    'high': 21.45,
    'low': 20.83,
    'open': 21.2,
    'symbol': 'INTC',
    'timestamp': datetime.datetime(2025, 5, 9, 4, 0, tzinfo=TzInfo(UTC)),
    'trade_count': 159548.0,
    'volume': 51768565.0,
    'vwap': 21.162576}, {   'close': 22.18,
    'high': 22.67,
    'low': 21.88,
    'open': 22.18,
    'symbol': 'INTC',
    'timestamp': datetime.datetime(2025, 5, 12, 4, 0, tzinfo=TzInfo(UTC)),
    'trade_count': 334704.0,
    'volume': 94578691.0,
    'vwap': 22.174921}, {   'close': 22.56,
    'high': 22.88,
    'low': 22.3,
    'open': 22.355,
    'symbol': 'INTC',
    'timestamp': datetime.datetime(2025, 5, 13, 4, 0, tzinfo=TzInfo(UTC)),
    'trade_count': 246536.0,
    'volume': 76850385.0,
    'vwap': 22.604563}, {   'close': 21.52,
    'high': 22.46,
    'low': 21.46,
    'open': 22.35,
    'symbol': 'INTC',
    'timestamp': datetime.datetime(2025, 5, 14, 4, 0, tzinfo=TzInfo(UTC)),
    'trade_count': 286030.0,
    'volume': 91584827.0,
    'vwap': 21.704333}, {   'close': 21.55,
    'high': 21.63,
    'low': 21.185,
    'open': 21.23,
    'symbol': 'INTC',
    'timestamp': datetime.datetime(2025, 5, 15, 4, 0, tzinfo=TzInfo(UTC)),
    'trade_count': 202900.0,
    'volume': 66705457.0,
    'vwap': 21.46078}, {   'close': 21.66,
    'high': 21.76,
    'low': 21.35,
    'open': 21.53,
    'symbol': 'INTC',
    'timestamp': datetime.datetime(2025, 5, 16, 4, 0, tzinfo=TzInfo(UTC)),
    'trade_count': 165500.0,
    'volume': 55795144.0,
    'vwap': 21.596669}, {   'close': 21.38,
    'high': 21.56,
    'low': 21.05,
    'open': 21.18,
    'symbol': 'INTC',
    'timestamp': datetime.datetime(2025, 5, 19, 4, 0, tzinfo=TzInfo(UTC)),
    'trade_count': 151440.0,
    'volume': 64279077.0,
    'vwap': 21.359273}, {   'close': 21.27,
    'high': 21.41,
    'low': 21.12,
    'open': 21.325,
    'symbol': 'INTC',
    'timestamp': datetime.datetime(2025, 5, 20, 4, 0, tzinfo=TzInfo(UTC)),
    'trade_count': 120779.0,
    'volume': 48497384.0,
    'vwap': 21.288784}, {   'close': 20.69,
    'high': 21.6292,
    'low': 20.59,
    'open': 21.19,
    'symbol': 'INTC',
    'timestamp': datetime.datetime(2025, 5, 21, 4, 0, tzinfo=TzInfo(UTC)),
    'trade_count': 177326.0,
    'volume': 62904697.0,
    'vwap': 21.063516}, {   'close': 20.55,
    'high': 20.9,
    'low': 20.51,
    'open': 20.73,
    'symbol': 'INTC',
    'timestamp': datetime.datetime(2025, 5, 22, 4, 0, tzinfo=TzInfo(UTC)),
    'trade_count': 137230.0,
    'volume': 56077473.0,
    'vwap': 20.696027}, {   'close': 20.05,
    'high': 20.27,
    'low': 19.94,
    'open': 20.16,
    'symbol': 'INTC',
    'timestamp': datetime.datetime(2025, 5, 23, 4, 0, tzinfo=TzInfo(UTC)),
    'trade_count': 221530.0,
    'volume': 68206064.0,
    'vwap': 20.075949}, {   'close': 20.55,
    'high': 20.67,
    'low': 20.18,
    'open': 20.44,
    'symbol': 'INTC',
    'timestamp': datetime.datetime(2025, 5, 27, 4, 0, tzinfo=TzInfo(UTC)),
    'trade_count': 169474.0,
    'volume': 69504564.0,
    'vwap': 20.483067}, {   'close': 20.37,
    'high': 20.64,
    'low': 20.33,
    'open': 20.57,
    'symbol': 'INTC',
    'timestamp': datetime.datetime(2025, 5, 28, 4, 0, tzinfo=TzInfo(UTC)),
    'trade_count': 141380.0,
    'volume': 46096476.0,
    'vwap': 20.480986}, {   'close': 20.25,
    'high': 20.595,
    'low': 20.1,
    'open': 20.54,
    'symbol': 'INTC',
    'timestamp': datetime.datetime(2025, 5, 29, 4, 0, tzinfo=TzInfo(UTC)),
    'trade_count': 194904.0,
    'volume': 66485207.0,
    'vwap': 20.236539}, {   'close': 19.55,
    'high': 20.26,
    'low': 19.31,
    'open': 20.26,
    'symbol': 'INTC',
    'timestamp': datetime.datetime(2025, 5, 30, 4, 0, tzinfo=TzInfo(UTC)),
    'trade_count': 296081.0,
    'volume': 114281897.0,
    'vwap': 19.649992}, {   'close': 19.74,
    'high': 19.82,
    'low': 19.3745,
    'open': 19.482,
    'symbol': 'INTC',
    'timestamp': datetime.datetime(2025, 6, 2, 4, 0, tzinfo=TzInfo(UTC)),
    'trade_count': 191807.0,
    'volume': 67885473.0,
    'vwap': 19.630434}, {   'close': 20.29,
    'high': 20.4099,
    'low': 19.4,
    'open': 19.75,
    'symbol': 'INTC',
    'timestamp': datetime.datetime(2025, 6, 3, 4, 0, tzinfo=TzInfo(UTC)),
    'trade_count': 216350.0,
    'volume': 80401865.0,
    'vwap': 20.119219}, {   'close': 20.25,
    'high': 20.5,
    'low': 20.01,
    'open': 20.34,
    'symbol': 'INTC',
    'timestamp': datetime.datetime(2025, 6, 4, 4, 0, tzinfo=TzInfo(UTC)),
    'trade_count': 206032.0,
    'volume': 71166549.0,
    'vwap': 20.2694}, {   'close': 19.99,
    'high': 20.55,
    'low': 19.85,
    'open': 20.27,
    'symbol': 'INTC',
    'timestamp': datetime.datetime(2025, 6, 5, 4, 0, tzinfo=TzInfo(UTC)),
    'trade_count': 203759.0,
    'volume': 72595606.0,
    'vwap': 20.214314}, {   'close': 20.06,
    'high': 20.44,
    'low': 20.03,
    'open': 20.17,
    'symbol': 'INTC',
    'timestamp': datetime.datetime(2025, 6, 6, 4, 0, tzinfo=TzInfo(UTC)),
    'trade_count': 179242.0,
    'volume': 70072846.0,
    'vwap': 20.212735}, {   'close': 20.48,
    'high': 20.96,
    'low': 20.22,
    'open': 20.22,
    'symbol': 'INTC',
    'timestamp': datetime.datetime(2025, 6, 9, 4, 0, tzinfo=TzInfo(UTC)),
    'trade_count': 265216.0,
    'volume': 92893898.0,
    'vwap': 20.643311}, {   'close': 22.08,
    'high': 22.44,
    'low': 20.28,
    'open': 20.5,
    'symbol': 'INTC',
    'timestamp': datetime.datetime(2025, 6, 10, 4, 0, tzinfo=TzInfo(UTC)),
    'trade_count': 415846.0,
    'volume': 171457008.0,
    'vwap': 21.614807}, {   'close': 20.68,
    'high': 21.83,
    'low': 20.38,
    'open': 21.78,
    'symbol': 'INTC',
    'timestamp': datetime.datetime(2025, 6, 11, 4, 0, tzinfo=TzInfo(UTC)),
    'trade_count': 447341.0,
    'volume': 146784468.0,
    'vwap': 20.861092}, {   'close': 20.77,
    'high': 20.98,
    'low': 20.41,
    'open': 20.5,
    'symbol': 'INTC',
    'timestamp': datetime.datetime(2025, 6, 12, 4, 0, tzinfo=TzInfo(UTC)),
    'trade_count': 192631.0,
    'volume': 78175914.0,
    'vwap': 20.699019}, {   'close': 20.14,
    'high': 20.6,
    'low': 20.1,
    'open': 20.33,
    'symbol': 'INTC',
    'timestamp': datetime.datetime(2025, 6, 13, 4, 0, tzinfo=TzInfo(UTC)),
    'trade_count': 213789.0,
    'volume': 87655889.0,
    'vwap': 20.329537}]}
2025-06-15 20:49:40,931 - data_provider - DEBUG - Using object response, data type: <class 'dict'>
2025-06-15 20:49:40,931 - data_provider - DEBUG - Data dir: ['__class__', '__class_getitem__', '__contains__', '__delattr__', '__delitem__', '__dir__', '__doc__', '__eq__', '__format__', '__ge__', '__getattribute__', '__getitem__', '__getstate__', '__gt__', '__hash__', '__init__', '__init_subclass__', '__ior__', '__iter__', '__le__', '__len__', '__lt__', '__ne__', '__new__', '__or__', '__reduce__', '__reduce_ex__', '__repr__', '__reversed__', '__ror__', '__setattr__', '__setitem__', '__sizeof__', '__str__', '__subclasshook__', 'clear', 'copy', 'fromkeys', 'get', 'items', 'keys', 'pop', 'popitem', 'setdefault', 'update', 'values']
2025-06-15 20:49:40,931 - data_provider - DEBUG - Data content for symbol INTC: {'INTC': [{   'close': 21.0,
    'high': 21.24,
    'low': 20.64,
    'open': 21.01,
    'symbol': 'INTC',
    'timestamp': datetime.datetime(2025, 5, 8, 4, 0, tzinfo=TzInfo(UTC)),
    'trade_count': 243316.0,
    'volume': 71651698.0,
    'vwap': 20.960928}, {   'close': 21.42,
    'high': 21.45,
    'low': 20.83,
    'open': 21.2,
    'symbol': 'INTC',
    'timestamp': datetime.datetime(2025, 5, 9, 4, 0, tzinfo=TzInfo(UTC)),
    'trade_count': 159548.0,
    'volume': 51768565.0,
    'vwap': 21.162576}, {   'close': 22.18,
    'high': 22.67,
    'low': 21.88,
    'open': 22.18,
    'symbol': 'INTC',
    'timestamp': datetime.datetime(2025, 5, 12, 4, 0, tzinfo=TzInfo(UTC)),
    'trade_count': 334704.0,
    'volume': 94578691.0,
    'vwap': 22.174921}, {   'close': 22.56,
    'high': 22.88,
    'low': 22.3,
    'open': 22.355,
    'symbol': 'INTC',
    'timestamp': datetime.datetime(2025, 5, 13, 4, 0, tzinfo=TzInfo(UTC)),
    'trade_count': 246536.0,
    'volume': 76850385.0,
    'vwap': 22.604563}, {   'close': 21.52,
    'high': 22.46,
    'low': 21.46,
    'open': 22.35,
    'symbol': 'INTC',
    'timestamp': datetime.datetime(2025, 5, 14, 4, 0, tzinfo=TzInfo(UTC)),
    'trade_count': 286030.0,
    'volume': 91584827.0,
    'vwap': 21.704333}, {   'close': 21.55,
    'high': 21.63,
    'low': 21.185,
    'open': 21.23,
    'symbol': 'INTC',
    'timestamp': datetime.datetime(2025, 5, 15, 4, 0, tzinfo=TzInfo(UTC)),
    'trade_count': 202900.0,
    'volume': 66705457.0,
    'vwap': 21.46078}, {   'close': 21.66,
    'high': 21.76,
    'low': 21.35,
    'open': 21.53,
    'symbol': 'INTC',
    'timestamp': datetime.datetime(2025, 5, 16, 4, 0, tzinfo=TzInfo(UTC)),
    'trade_count': 165500.0,
    'volume': 55795144.0,
    'vwap': 21.596669}, {   'close': 21.38,
    'high': 21.56,
    'low': 21.05,
    'open': 21.18,
    'symbol': 'INTC',
    'timestamp': datetime.datetime(2025, 5, 19, 4, 0, tzinfo=TzInfo(UTC)),
    'trade_count': 151440.0,
    'volume': 64279077.0,
    'vwap': 21.359273}, {   'close': 21.27,
    'high': 21.41,
    'low': 21.12,
    'open': 21.325,
    'symbol': 'INTC',
    'timestamp': datetime.datetime(2025, 5, 20, 4, 0, tzinfo=TzInfo(UTC)),
    'trade_count': 120779.0,
    'volume': 48497384.0,
    'vwap': 21.288784}, {   'close': 20.69,
    'high': 21.6292,
    'low': 20.59,
    'open': 21.19,
    'symbol': 'INTC',
    'timestamp': datetime.datetime(2025, 5, 21, 4, 0, tzinfo=TzInfo(UTC)),
    'trade_count': 177326.0,
    'volume': 62904697.0,
    'vwap': 21.063516}, {   'close': 20.55,
    'high': 20.9,
    'low': 20.51,
    'open': 20.73,
    'symbol': 'INTC',
    'timestamp': datetime.datetime(2025, 5, 22, 4, 0, tzinfo=TzInfo(UTC)),
    'trade_count': 137230.0,
    'volume': 56077473.0,
    'vwap': 20.696027}, {   'close': 20.05,
    'high': 20.27,
    'low': 19.94,
    'open': 20.16,
    'symbol': 'INTC',
    'timestamp': datetime.datetime(2025, 5, 23, 4, 0, tzinfo=TzInfo(UTC)),
    'trade_count': 221530.0,
    'volume': 68206064.0,
    'vwap': 20.075949}, {   'close': 20.55,
    'high': 20.67,
    'low': 20.18,
    'open': 20.44,
    'symbol': 'INTC',
    'timestamp': datetime.datetime(2025, 5, 27, 4, 0, tzinfo=TzInfo(UTC)),
    'trade_count': 169474.0,
    'volume': 69504564.0,
    'vwap': 20.483067}, {   'close': 20.37,
    'high': 20.64,
    'low': 20.33,
    'open': 20.57,
    'symbol': 'INTC',
    'timestamp': datetime.datetime(2025, 5, 28, 4, 0, tzinfo=TzInfo(UTC)),
    'trade_count': 141380.0,
    'volume': 46096476.0,
    'vwap': 20.480986}, {   'close': 20.25,
    'high': 20.595,
    'low': 20.1,
    'open': 20.54,
    'symbol': 'INTC',
    'timestamp': datetime.datetime(2025, 5, 29, 4, 0, tzinfo=TzInfo(UTC)),
    'trade_count': 194904.0,
    'volume': 66485207.0,
    'vwap': 20.236539}, {   'close': 19.55,
    'high': 20.26,
    'low': 19.31,
    'open': 20.26,
    'symbol': 'INTC',
    'timestamp': datetime.datetime(2025, 5, 30, 4, 0, tzinfo=TzInfo(UTC)),
    'trade_count': 296081.0,
    'volume': 114281897.0,
    'vwap': 19.649992}, {   'close': 19.74,
    'high': 19.82,
    'low': 19.3745,
    'open': 19.482,
    'symbol': 'INTC',
    'timestamp': datetime.datetime(2025, 6, 2, 4, 0, tzinfo=TzInfo(UTC)),
    'trade_count': 191807.0,
    'volume': 67885473.0,
    'vwap': 19.630434}, {   'close': 20.29,
    'high': 20.4099,
    'low': 19.4,
    'open': 19.75,
    'symbol': 'INTC',
    'timestamp': datetime.datetime(2025, 6, 3, 4, 0, tzinfo=TzInfo(UTC)),
    'trade_count': 216350.0,
    'volume': 80401865.0,
    'vwap': 20.119219}, {   'close': 20.25,
    'high': 20.5,
    'low': 20.01,
    'open': 20.34,
    'symbol': 'INTC',
    'timestamp': datetime.datetime(2025, 6, 4, 4, 0, tzinfo=TzInfo(UTC)),
    'trade_count': 206032.0,
    'volume': 71166549.0,
    'vwap': 20.2694}, {   'close': 19.99,
    'high': 20.55,
    'low': 19.85,
    'open': 20.27,
    'symbol': 'INTC',
    'timestamp': datetime.datetime(2025, 6, 5, 4, 0, tzinfo=TzInfo(UTC)),
    'trade_count': 203759.0,
    'volume': 72595606.0,
    'vwap': 20.214314}, {   'close': 20.06,
    'high': 20.44,
    'low': 20.03,
    'open': 20.17,
    'symbol': 'INTC',
    'timestamp': datetime.datetime(2025, 6, 6, 4, 0, tzinfo=TzInfo(UTC)),
    'trade_count': 179242.0,
    'volume': 70072846.0,
    'vwap': 20.212735}, {   'close': 20.48,
    'high': 20.96,
    'low': 20.22,
    'open': 20.22,
    'symbol': 'INTC',
    'timestamp': datetime.datetime(2025, 6, 9, 4, 0, tzinfo=TzInfo(UTC)),
    'trade_count': 265216.0,
    'volume': 92893898.0,
    'vwap': 20.643311}, {   'close': 22.08,
    'high': 22.44,
    'low': 20.28,
    'open': 20.5,
    'symbol': 'INTC',
    'timestamp': datetime.datetime(2025, 6, 10, 4, 0, tzinfo=TzInfo(UTC)),
    'trade_count': 415846.0,
    'volume': 171457008.0,
    'vwap': 21.614807}, {   'close': 20.68,
    'high': 21.83,
    'low': 20.38,
    'open': 21.78,
    'symbol': 'INTC',
    'timestamp': datetime.datetime(2025, 6, 11, 4, 0, tzinfo=TzInfo(UTC)),
    'trade_count': 447341.0,
    'volume': 146784468.0,
    'vwap': 20.861092}, {   'close': 20.77,
    'high': 20.98,
    'low': 20.41,
    'open': 20.5,
    'symbol': 'INTC',
    'timestamp': datetime.datetime(2025, 6, 12, 4, 0, tzinfo=TzInfo(UTC)),
    'trade_count': 192631.0,
    'volume': 78175914.0,
    'vwap': 20.699019}, {   'close': 20.14,
    'high': 20.6,
    'low': 20.1,
    'open': 20.33,
    'symbol': 'INTC',
    'timestamp': datetime.datetime(2025, 6, 13, 4, 0, tzinfo=TzInfo(UTC)),
    'trade_count': 213789.0,
    'volume': 87655889.0,
    'vwap': 20.329537}]}
2025-06-15 20:49:40,936 - data_provider - DEBUG - Looking for symbol INTC in data
2025-06-15 20:49:40,936 - data_provider - DEBUG - Dict access result for INTC: Found
2025-06-15 20:49:41,103 - data_provider - DEBUG - API response type: <class 'alpaca.data.models.bars.BarSet'>
2025-06-15 20:49:41,104 - data_provider - DEBUG - API response dir: ['__abstractmethods__', '__annotations__', '__class__', '__class_getitem__', '__class_vars__', '__copy__', '__deepcopy__', '__delattr__', '__dict__', '__dir__', '__doc__', '__eq__', '__fields__', '__fields_set__', '__firstlineno__', '__format__', '__ge__', '__get_pydantic_core_schema__', '__get_pydantic_json_schema__', '__getattr__', '__getattribute__', '__getitem__', '__getstate__', '__gt__', '__hash__', '__init__', '__init_subclass__', '__iter__', '__le__', '__lt__', '__module__', '__ne__', '__new__', '__pretty__', '__private_attributes__', '__pydantic_complete__', '__pydantic_computed_fields__', '__pydantic_core_schema__', '__pydantic_custom_init__', '__pydantic_decorators__', '__pydantic_extra__', '__pydantic_fields__', '__pydantic_fields_set__', '__pydantic_generic_metadata__', '__pydantic_init_subclass__', '__pydantic_parent_namespace__', '__pydantic_post_init__', '__pydantic_private__', '__pydantic_root_model__', '__pydantic_serializer__', '__pydantic_setattr_handlers__', '__pydantic_validator__', '__reduce__', '__reduce_ex__', '__replace__', '__repr__', '__repr_args__', '__repr_name__', '__repr_recursion__', '__repr_str__', '__rich_repr__', '__setattr__', '__setstate__', '__signature__', '__sizeof__', '__slots__', '__static_attributes__', '__str__', '__subclasshook__', '__weakref__', '_abc_impl', '_calculate_keys', '_copy_and_set_values', '_get_value', '_iter', '_setattr_handler', 'construct', 'copy', 'data', 'df', 'dict', 'from_orm', 'json', 'model_computed_fields', 'model_config', 'model_construct', 'model_copy', 'model_dump', 'model_dump_json', 'model_extra', 'model_fields', 'model_fields_set', 'model_json_schema', 'model_parametrized_name', 'model_post_init', 'model_rebuild', 'model_validate', 'model_validate_json', 'model_validate_strings', 'parse_file', 'parse_obj', 'parse_raw', 'schema', 'schema_json', 'update_forward_refs', 'validate']
2025-06-15 20:49:41,104 - data_provider - DEBUG - Raw API response for symbol MARA: data={'MARA': [{   'close': 16.27,
    'high': 16.3,
    'low': 15.47,
    'open': 16.22,
    'symbol': 'MARA',
    'timestamp': datetime.datetime(2025, 6, 9, 4, 0, tzinfo=TzInfo(UTC)),
    'trade_count': 159169.0,
    'volume': 64736531.0,
    'vwap': 15.906124}, {   'close': 16.49,
    'high': 16.68,
    'low': 16.03,
    'open': 16.315,
    'symbol': 'MARA',
    'timestamp': datetime.datetime(2025, 6, 10, 4, 0, tzinfo=TzInfo(UTC)),
    'trade_count': 116919.0,
    'volume': 49306083.0,
    'vwap': 16.353254}, {   'close': 16.35,
    'high': 16.73,
    'low': 15.96,
    'open': 16.56,
    'symbol': 'MARA',
    'timestamp': datetime.datetime(2025, 6, 11, 4, 0, tzinfo=TzInfo(UTC)),
    'trade_count': 112949.0,
    'volume': 40761427.0,
    'vwap': 16.402018}, {   'close': 15.82,
    'high': 16.48,
    'low': 15.61,
    'open': 15.85,
    'symbol': 'MARA',
    'timestamp': datetime.datetime(2025, 6, 12, 4, 0, tzinfo=TzInfo(UTC)),
    'trade_count': 105474.0,
    'volume': 42679733.0,
    'vwap': 16.046232}, {   'close': 15.04,
    'high': 15.72,
    'low': 14.57,
    'open': 15.365,
    'symbol': 'MARA',
    'timestamp': datetime.datetime(2025, 6, 13, 4, 0, tzinfo=TzInfo(UTC)),
    'trade_count': 146231.0,
    'volume': 55022495.0,
    'vwap': 15.089115}]}
2025-06-15 20:49:41,106 - data_provider - DEBUG - Using object response, data type: <class 'dict'>
2025-06-15 20:49:41,106 - data_provider - DEBUG - Data dir: ['__class__', '__class_getitem__', '__contains__', '__delattr__', '__delitem__', '__dir__', '__doc__', '__eq__', '__format__', '__ge__', '__getattribute__', '__getitem__', '__getstate__', '__gt__', '__hash__', '__init__', '__init_subclass__', '__ior__', '__iter__', '__le__', '__len__', '__lt__', '__ne__', '__new__', '__or__', '__reduce__', '__reduce_ex__', '__repr__', '__reversed__', '__ror__', '__setattr__', '__setitem__', '__sizeof__', '__str__', '__subclasshook__', 'clear', 'copy', 'fromkeys', 'get', 'items', 'keys', 'pop', 'popitem', 'setdefault', 'update', 'values']
2025-06-15 20:49:41,106 - data_provider - DEBUG - Data content for symbol MARA: {'MARA': [{   'close': 16.27,
    'high': 16.3,
    'low': 15.47,
    'open': 16.22,
    'symbol': 'MARA',
    'timestamp': datetime.datetime(2025, 6, 9, 4, 0, tzinfo=TzInfo(UTC)),
    'trade_count': 159169.0,
    'volume': 64736531.0,
    'vwap': 15.906124}, {   'close': 16.49,
    'high': 16.68,
    'low': 16.03,
    'open': 16.315,
    'symbol': 'MARA',
    'timestamp': datetime.datetime(2025, 6, 10, 4, 0, tzinfo=TzInfo(UTC)),
    'trade_count': 116919.0,
    'volume': 49306083.0,
    'vwap': 16.353254}, {   'close': 16.35,
    'high': 16.73,
    'low': 15.96,
    'open': 16.56,
    'symbol': 'MARA',
    'timestamp': datetime.datetime(2025, 6, 11, 4, 0, tzinfo=TzInfo(UTC)),
    'trade_count': 112949.0,
    'volume': 40761427.0,
    'vwap': 16.402018}, {   'close': 15.82,
    'high': 16.48,
    'low': 15.61,
    'open': 15.85,
    'symbol': 'MARA',
    'timestamp': datetime.datetime(2025, 6, 12, 4, 0, tzinfo=TzInfo(UTC)),
    'trade_count': 105474.0,
    'volume': 42679733.0,
    'vwap': 16.046232}, {   'close': 15.04,
    'high': 15.72,
    'low': 14.57,
    'open': 15.365,
    'symbol': 'MARA',
    'timestamp': datetime.datetime(2025, 6, 13, 4, 0, tzinfo=TzInfo(UTC)),
    'trade_count': 146231.0,
    'volume': 55022495.0,
    'vwap': 15.089115}]}
2025-06-15 20:49:41,107 - data_provider - DEBUG - Looking for symbol MARA in data
2025-06-15 20:49:41,108 - data_provider - DEBUG - Dict access result for MARA: Found
2025-06-15 20:49:41,304 - data_provider - DEBUG - API response type: <class 'alpaca.data.models.bars.BarSet'>
2025-06-15 20:49:41,305 - data_provider - DEBUG - API response dir: ['__abstractmethods__', '__annotations__', '__class__', '__class_getitem__', '__class_vars__', '__copy__', '__deepcopy__', '__delattr__', '__dict__', '__dir__', '__doc__', '__eq__', '__fields__', '__fields_set__', '__firstlineno__', '__format__', '__ge__', '__get_pydantic_core_schema__', '__get_pydantic_json_schema__', '__getattr__', '__getattribute__', '__getitem__', '__getstate__', '__gt__', '__hash__', '__init__', '__init_subclass__', '__iter__', '__le__', '__lt__', '__module__', '__ne__', '__new__', '__pretty__', '__private_attributes__', '__pydantic_complete__', '__pydantic_computed_fields__', '__pydantic_core_schema__', '__pydantic_custom_init__', '__pydantic_decorators__', '__pydantic_extra__', '__pydantic_fields__', '__pydantic_fields_set__', '__pydantic_generic_metadata__', '__pydantic_init_subclass__', '__pydantic_parent_namespace__', '__pydantic_post_init__', '__pydantic_private__', '__pydantic_root_model__', '__pydantic_serializer__', '__pydantic_setattr_handlers__', '__pydantic_validator__', '__reduce__', '__reduce_ex__', '__replace__', '__repr__', '__repr_args__', '__repr_name__', '__repr_recursion__', '__repr_str__', '__rich_repr__', '__setattr__', '__setstate__', '__signature__', '__sizeof__', '__slots__', '__static_attributes__', '__str__', '__subclasshook__', '__weakref__', '_abc_impl', '_calculate_keys', '_copy_and_set_values', '_get_value', '_iter', '_setattr_handler', 'construct', 'copy', 'data', 'df', 'dict', 'from_orm', 'json', 'model_computed_fields', 'model_config', 'model_construct', 'model_copy', 'model_dump', 'model_dump_json', 'model_extra', 'model_fields', 'model_fields_set', 'model_json_schema', 'model_parametrized_name', 'model_post_init', 'model_rebuild', 'model_validate', 'model_validate_json', 'model_validate_strings', 'parse_file', 'parse_obj', 'parse_raw', 'schema', 'schema_json', 'update_forward_refs', 'validate']
2025-06-15 20:49:41,305 - data_provider - DEBUG - Raw API response for symbol MARA: data={}
2025-06-15 20:49:41,305 - data_provider - DEBUG - Using object response, data type: <class 'dict'>
2025-06-15 20:49:41,305 - data_provider - DEBUG - No data found for symbol MARA
2025-06-15 20:49:41,479 - data_provider - DEBUG - API response type: <class 'alpaca.data.models.bars.BarSet'>
2025-06-15 20:49:41,480 - data_provider - DEBUG - API response dir: ['__abstractmethods__', '__annotations__', '__class__', '__class_getitem__', '__class_vars__', '__copy__', '__deepcopy__', '__delattr__', '__dict__', '__dir__', '__doc__', '__eq__', '__fields__', '__fields_set__', '__firstlineno__', '__format__', '__ge__', '__get_pydantic_core_schema__', '__get_pydantic_json_schema__', '__getattr__', '__getattribute__', '__getitem__', '__getstate__', '__gt__', '__hash__', '__init__', '__init_subclass__', '__iter__', '__le__', '__lt__', '__module__', '__ne__', '__new__', '__pretty__', '__private_attributes__', '__pydantic_complete__', '__pydantic_computed_fields__', '__pydantic_core_schema__', '__pydantic_custom_init__', '__pydantic_decorators__', '__pydantic_extra__', '__pydantic_fields__', '__pydantic_fields_set__', '__pydantic_generic_metadata__', '__pydantic_init_subclass__', '__pydantic_parent_namespace__', '__pydantic_post_init__', '__pydantic_private__', '__pydantic_root_model__', '__pydantic_serializer__', '__pydantic_setattr_handlers__', '__pydantic_validator__', '__reduce__', '__reduce_ex__', '__replace__', '__repr__', '__repr_args__', '__repr_name__', '__repr_recursion__', '__repr_str__', '__rich_repr__', '__setattr__', '__setstate__', '__signature__', '__sizeof__', '__slots__', '__static_attributes__', '__str__', '__subclasshook__', '__weakref__', '_abc_impl', '_calculate_keys', '_copy_and_set_values', '_get_value', '_iter', '_setattr_handler', 'construct', 'copy', 'data', 'df', 'dict', 'from_orm', 'json', 'model_computed_fields', 'model_config', 'model_construct', 'model_copy', 'model_dump', 'model_dump_json', 'model_extra', 'model_fields', 'model_fields_set', 'model_json_schema', 'model_parametrized_name', 'model_post_init', 'model_rebuild', 'model_validate', 'model_validate_json', 'model_validate_strings', 'parse_file', 'parse_obj', 'parse_raw', 'schema', 'schema_json', 'update_forward_refs', 'validate']
2025-06-15 20:49:41,480 - data_provider - DEBUG - Raw API response for symbol TQQQ: data={'TQQQ': [{   'close': 38.9,
    'high': 46.81,
    'low': 37.1,
    'open': 45.39,
    'symbol': 'TQQQ',
    'timestamp': datetime.datetime(2025, 4, 8, 4, 0, tzinfo=TzInfo(UTC)),
    'trade_count': 1531063.0,
    'volume': 251133195.0,
    'vwap': 42.966399}, {   'close': 52.61,
    'high': 53.41,
    'low': 38.73,
    'open': 38.76,
    'symbol': 'TQQQ',
    'timestamp': datetime.datetime(2025, 4, 9, 4, 0, tzinfo=TzInfo(UTC)),
    'trade_count': 2405626.0,
    'volume': 356851439.0,
    'vwap': 45.648273}, {   'close': 46.14,
    'high': 49.34,
    'low': 41.57,
    'open': 48.68,
    'symbol': 'TQQQ',
    'timestamp': datetime.datetime(2025, 4, 10, 4, 0, tzinfo=TzInfo(UTC)),
    'trade_count': 1675758.0,
    'volume': 281692729.0,
    'vwap': 45.83807}, {   'close': 48.58,
    'high': 49.07,
    'low': 44.62,
    'open': 45.67,
    'symbol': 'TQQQ',
    'timestamp': datetime.datetime(2025, 4, 11, 4, 0, tzinfo=TzInfo(UTC)),
    'trade_count': 1025942.0,
    'volume': 179292899.0,
    'vwap': 47.246492}, {   'close': 49.6,
    'high': 52.052,
    'low': 48.0749,
    'open': 51.9,
    'symbol': 'TQQQ',
    'timestamp': datetime.datetime(2025, 4, 14, 4, 0, tzinfo=TzInfo(UTC)),
    'trade_count': 896291.0,
    'volume': 147430727.0,
    'vwap': 50.01461}, {   'close': 49.79,
    'high': 51.2093,
    'low': 49.19,
    'open': 49.96,
    'symbol': 'TQQQ',
    'timestamp': datetime.datetime(2025, 4, 15, 4, 0, tzinfo=TzInfo(UTC)),
    'trade_count': 590014.0,
    'volume': 104670056.0,
    'vwap': 50.17024}, {   'close': 45.29,
    'high': 48.01,
    'low': 43.16,
    'open': 46.83,
    'symbol': 'TQQQ',
    'timestamp': datetime.datetime(2025, 4, 16, 4, 0, tzinfo=TzInfo(UTC)),
    'trade_count': 804002.0,
    'volume': 134574359.0,
    'vwap': 45.755386}, {   'close': 45.16,
    'high': 46.2895,
    'low': 44.35,
    'open': 46.09,
    'symbol': 'TQQQ',
    'timestamp': datetime.datetime(2025, 4, 17, 4, 0, tzinfo=TzInfo(UTC)),
    'trade_count': 545614.0,
    'volume': 101095820.0,
    'vwap': 45.402732}, {   'close': 41.86,
    'high': 43.64,
    'low': 40.24,
    'open': 43.37,
    'symbol': 'TQQQ',
    'timestamp': datetime.datetime(2025, 4, 21, 4, 0, tzinfo=TzInfo(UTC)),
    'trade_count': 640403.0,
    'volume': 114769688.0,
    'vwap': 41.462196}, {   'close': 45.06,
    'high': 45.98,
    'low': 43.1,
    'open': 43.46,
    'symbol': 'TQQQ',
    'timestamp': datetime.datetime(2025, 4, 22, 4, 0, tzinfo=TzInfo(UTC)),
    'trade_count': 582043.0,
    'volume': 130111034.0,
    'vwap': 44.651781}, {   'close': 48.05,
    'high': 50.8277,
    'low': 47.63,
    'open': 49.24,
    'symbol': 'TQQQ',
    'timestamp': datetime.datetime(2025, 4, 23, 4, 0, tzinfo=TzInfo(UTC)),
    'trade_count': 900968.0,
    'volume': 151997725.0,
    'vwap': 49.233257}, {   'close': 52.14,
    'high': 52.28,
    'low': 48.54,
    'open': 48.74,
    'symbol': 'TQQQ',
    'timestamp': datetime.datetime(2025, 4, 24, 4, 0, tzinfo=TzInfo(UTC)),
    'trade_count': 629288.0,
    'volume': 120307701.0,
    'vwap': 50.971345}, {   'close': 53.86,
    'high': 54.07,
    'low': 51.48,
    'open': 52.04,
    'symbol': 'TQQQ',
    'timestamp': datetime.datetime(2025, 4, 25, 4, 0, tzinfo=TzInfo(UTC)),
    'trade_count': 602197.0,
    'volume': 113051563.0,
    'vwap': 52.860913}, {   'close': 53.82,
    'high': 54.64,
    'low': 51.64,
    'open': 54.02,
    'symbol': 'TQQQ',
    'timestamp': datetime.datetime(2025, 4, 28, 4, 0, tzinfo=TzInfo(UTC)),
    'trade_count': 521015.0,
    'volume': 95678446.0,
    'vwap': 53.117664}, {   'close': 54.87,
    'high': 55.17,
    'low': 52.83,
    'open': 53.04,
    'symbol': 'TQQQ',
    'timestamp': datetime.datetime(2025, 4, 29, 4, 0, tzinfo=TzInfo(UTC)),
    'trade_count': 448507.0,
    'volume': 84904015.0,
    'vwap': 54.226347}, {   'close': 54.88,
    'high': 55.42,
    'low': 50.32,
    'open': 51.96,
    'symbol': 'TQQQ',
    'timestamp': datetime.datetime(2025, 4, 30, 4, 0, tzinfo=TzInfo(UTC)),
    'trade_count': 725493.0,
    'volume': 134223296.0,
    'vwap': 52.710504}, {   'close': 56.77,
    'high': 58.885,
    'low': 56.63,
    'open': 57.56,
    'symbol': 'TQQQ',
    'timestamp': datetime.datetime(2025, 5, 1, 4, 0, tzinfo=TzInfo(UTC)),
    'trade_count': 562142.0,
    'volume': 102740841.0,
    'vwap': 57.720249}, {   'close': 59.43,
    'high': 60.1867,
    'low': 58.03,
    'open': 58.64,
    'symbol': 'TQQQ',
    'timestamp': datetime.datetime(2025, 5, 2, 4, 0, tzinfo=TzInfo(UTC)),
    'trade_count': 518734.0,
    'volume': 97548936.0,
    'vwap': 59.345832}, {   'close': 58.4,
    'high': 59.5,
    'low': 57.7,
    'open': 57.9,
    'symbol': 'TQQQ',
    'timestamp': datetime.datetime(2025, 5, 5, 4, 0, tzinfo=TzInfo(UTC)),
    'trade_count': 365257.0,
    'volume': 69289492.0,
    'vwap': 58.648837}, {   'close': 56.74,
    'high': 58.04,
    'low': 55.57,
    'open': 56.06,
    'symbol': 'TQQQ',
    'timestamp': datetime.datetime(2025, 5, 6, 4, 0, tzinfo=TzInfo(UTC)),
    'trade_count': 475709.0,
    'volume': 82942944.0,
    'vwap': 56.858125}, {   'close': 57.4,
    'high': 58.26,
    'low': 55.085,
    'open': 56.96,
    'symbol': 'TQQQ',
    'timestamp': datetime.datetime(2025, 5, 7, 4, 0, tzinfo=TzInfo(UTC)),
    'trade_count': 600627.0,
    'volume': 104368572.0,
    'vwap': 56.663836}, {   'close': 59.11,
    'high': 60.71,
    'low': 57.66,
    'open': 59.2,
    'symbol': 'TQQQ',
    'timestamp': datetime.datetime(2025, 5, 8, 4, 0, tzinfo=TzInfo(UTC)),
    'trade_count': 557670.0,
    'volume': 98810788.0,
    'vwap': 59.445257}, {   'close': 58.97,
    'high': 60.2698,
    'low': 58.325,
    'open': 59.8,
    'symbol': 'TQQQ',
    'timestamp': datetime.datetime(2025, 5, 9, 4, 0, tzinfo=TzInfo(UTC)),
    'trade_count': 392708.0,
    'volume': 73409422.0,
    'vwap': 59.171045}, {   'close': 66.11,
    'high': 66.16,
    'low': 63.8508,
    'open': 65.85,
    'symbol': 'TQQQ',
    'timestamp': datetime.datetime(2025, 5, 12, 4, 0, tzinfo=TzInfo(UTC)),
    'trade_count': 603562.0,
    'volume': 101244950.0,
    'vwap': 65.109398}, {   'close': 69.14,
    'high': 69.86,
    'low': 66.36,
    'open': 66.67,
    'symbol': 'TQQQ',
    'timestamp': datetime.datetime(2025, 5, 13, 4, 0, tzinfo=TzInfo(UTC)),
    'trade_count': 550317.0,
    'volume': 85297723.0,
    'vwap': 68.819289}, {   'close': 70.36,
    'high': 70.6075,
    'low': 69.21,
    'open': 69.61,
    'symbol': 'TQQQ',
    'timestamp': datetime.datetime(2025, 5, 14, 4, 0, tzinfo=TzInfo(UTC)),
    'trade_count': 519142.0,
    'volume': 80592386.0,
    'vwap': 69.944415}, {   'close': 70.58,
    'high': 71.6899,
    'low': 68.93,
    'open': 69.48,
    'symbol': 'TQQQ',
    'timestamp': datetime.datetime(2025, 5, 15, 4, 0, tzinfo=TzInfo(UTC)),
    'trade_count': 497664.0,
    'volume': 80847372.0,
    'vwap': 70.269622}, {   'close': 71.45,
    'high': 71.52,
    'low': 69.65,
    'open': 71.11,
    'symbol': 'TQQQ',
    'timestamp': datetime.datetime(2025, 5, 16, 4, 0, tzinfo=TzInfo(UTC)),
    'trade_count': 384463.0,
    'volume': 63813609.0,
    'vwap': 70.7892}, {   'close': 71.64,
    'high': 71.86,
    'low': 68.43,
    'open': 68.47,
    'symbol': 'TQQQ',
    'timestamp': datetime.datetime(2025, 5, 19, 4, 0, tzinfo=TzInfo(UTC)),
    'trade_count': 431157.0,
    'volume': 71897093.0,
    'vwap': 70.643223}, {   'close': 70.89,
    'high': 71.1699,
    'low': 69.4001,
    'open': 70.58,
    'symbol': 'TQQQ',
    'timestamp': datetime.datetime(2025, 5, 20, 4, 0, tzinfo=TzInfo(UTC)),
    'trade_count': 370933.0,
    'volume': 67034708.0,
    'vwap': 70.470952}, {   'close': 67.94,
    'high': 71.99,
    'low': 67.18,
    'open': 69.24,
    'symbol': 'TQQQ',
    'timestamp': datetime.datetime(2025, 5, 21, 4, 0, tzinfo=TzInfo(UTC)),
    'trade_count': 653933.0,
    'volume': 109627584.0,
    'vwap': 69.584753}, {   'close': 68.29,
    'high': 69.7501,
    'low': 67.62,
    'open': 68.16,
    'symbol': 'TQQQ',
    'timestamp': datetime.datetime(2025, 5, 22, 4, 0, tzinfo=TzInfo(UTC)),
    'trade_count': 495865.0,
    'volume': 86771006.0,
    'vwap': 68.922479}, {   'close': 66.32,
    'high': 67.3401,
    'low': 64.8587,
    'open': 65.09,
    'symbol': 'TQQQ',
    'timestamp': datetime.datetime(2025, 5, 23, 4, 0, tzinfo=TzInfo(UTC)),
    'trade_count': 665100.0,
    'volume': 107110438.0,
    'vwap': 66.197992}, {   'close': 70.94,
    'high': 71.145,
    'low': 68.3893,
    'open': 68.99,
    'symbol': 'TQQQ',
    'timestamp': datetime.datetime(2025, 5, 27, 4, 0, tzinfo=TzInfo(UTC)),
    'trade_count': 371803.0,
    'volume': 65269766.0,
    'vwap': 70.122355}, {   'close': 70.03,
    'high': 71.94,
    'low': 69.78,
    'open': 71.34,
    'symbol': 'TQQQ',
    'timestamp': datetime.datetime(2025, 5, 28, 4, 0, tzinfo=TzInfo(UTC)),
    'trade_count': 370122.0,
    'volume': 66271337.0,
    'vwap': 70.929609}, {   'close': 70.37,
    'high': 73.0596,
    'low': 69.33,
    'open': 73.0,
    'symbol': 'TQQQ',
    'timestamp': datetime.datetime(2025, 5, 29, 4, 0, tzinfo=TzInfo(UTC)),
    'trade_count': 599384.0,
    'volume': 97717242.0,
    'vwap': 70.725591}, {   'close': 70.0,
    'high': 70.6,
    'low': 67.04,
    'open': 70.13,
    'symbol': 'TQQQ',
    'timestamp': datetime.datetime(2025, 5, 30, 4, 0, tzinfo=TzInfo(UTC)),
    'trade_count': 596957.0,
    'volume': 93559149.0,
    'vwap': 69.106108}, {   'close': 71.61,
    'high': 71.72,
    'low': 68.69,
    'open': 69.2,
    'symbol': 'TQQQ',
    'timestamp': datetime.datetime(2025, 6, 2, 4, 0, tzinfo=TzInfo(UTC)),
    'trade_count': 423055.0,
    'volume': 68962708.0,
    'vwap': 70.478925}, {   'close': 73.28,
    'high': 73.8799,
    'low': 71.4,
    'open': 71.76,
    'symbol': 'TQQQ',
    'timestamp': datetime.datetime(2025, 6, 3, 4, 0, tzinfo=TzInfo(UTC)),
    'trade_count': 390770.0,
    'volume': 64364182.0,
    'vwap': 72.908435}, {   'close': 73.87,
    'high': 74.32,
    'low': 72.71,
    'open': 73.58,
    'symbol': 'TQQQ',
    'timestamp': datetime.datetime(2025, 6, 4, 4, 0, tzinfo=TzInfo(UTC)),
    'trade_count': 359696.0,
    'volume': 64444452.0,
    'vwap': 73.836912}, {   'close': 72.15,
    'high': 75.65,
    'low': 71.3,
    'open': 74.45,
    'symbol': 'TQQQ',
    'timestamp': datetime.datetime(2025, 6, 5, 4, 0, tzinfo=TzInfo(UTC)),
    'trade_count': 679707.0,
    'volume': 99512462.0,
    'vwap': 73.701319}, {   'close': 74.21,
    'high': 75.01,
    'low': 73.54,
    'open': 74.27,
    'symbol': 'TQQQ',
    'timestamp': datetime.datetime(2025, 6, 6, 4, 0, tzinfo=TzInfo(UTC)),
    'trade_count': 407599.0,
    'volume': 65607693.0,
    'vwap': 74.441326}, {   'close': 74.54,
    'high': 75.24,
    'low': 73.84,
    'open': 74.31,
    'symbol': 'TQQQ',
    'timestamp': datetime.datetime(2025, 6, 9, 4, 0, tzinfo=TzInfo(UTC)),
    'trade_count': 292372.0,
    'volume': 50181894.0,
    'vwap': 74.735543}, {   'close': 75.98,
    'high': 76.285,
    'low': 73.76,
    'open': 74.71,
    'symbol': 'TQQQ',
    'timestamp': datetime.datetime(2025, 6, 10, 4, 0, tzinfo=TzInfo(UTC)),
    'trade_count': 358111.0,
    'volume': 61346475.0,
    'vwap': 75.198864}, {   'close': 75.2,
    'high': 77.075,
    'low': 74.22,
    'open': 76.59,
    'symbol': 'TQQQ',
    'timestamp': datetime.datetime(2025, 6, 11, 4, 0, tzinfo=TzInfo(UTC)),
    'trade_count': 571086.0,
    'volume': 90825988.0,
    'vwap': 75.81976}, {   'close': 75.69,
    'high': 76.1293,
    'low': 74.52,
    'open': 74.6,
    'symbol': 'TQQQ',
    'timestamp': datetime.datetime(2025, 6, 12, 4, 0, tzinfo=TzInfo(UTC)),
    'trade_count': 379389.0,
    'volume': 63055008.0,
    'vwap': 75.512546}, {   'close': 72.83,
    'high': 74.885,
    'low': 72.27,
    'open': 73.1,
    'symbol': 'TQQQ',
    'timestamp': datetime.datetime(2025, 6, 13, 4, 0, tzinfo=TzInfo(UTC)),
    'trade_count': 651665.0,
    'volume': 105320707.0,
    'vwap': 73.519678}]}
2025-06-15 20:49:41,490 - data_provider - DEBUG - Using object response, data type: <class 'dict'>
2025-06-15 20:49:41,490 - data_provider - DEBUG - Data dir: ['__class__', '__class_getitem__', '__contains__', '__delattr__', '__delitem__', '__dir__', '__doc__', '__eq__', '__format__', '__ge__', '__getattribute__', '__getitem__', '__getstate__', '__gt__', '__hash__', '__init__', '__init_subclass__', '__ior__', '__iter__', '__le__', '__len__', '__lt__', '__ne__', '__new__', '__or__', '__reduce__', '__reduce_ex__', '__repr__', '__reversed__', '__ror__', '__setattr__', '__setitem__', '__sizeof__', '__str__', '__subclasshook__', 'clear', 'copy', 'fromkeys', 'get', 'items', 'keys', 'pop', 'popitem', 'setdefault', 'update', 'values']
2025-06-15 20:49:41,490 - data_provider - DEBUG - Data content for symbol TQQQ: {'TQQQ': [{   'close': 38.9,
    'high': 46.81,
    'low': 37.1,
    'open': 45.39,
    'symbol': 'TQQQ',
    'timestamp': datetime.datetime(2025, 4, 8, 4, 0, tzinfo=TzInfo(UTC)),
    'trade_count': 1531063.0,
    'volume': 251133195.0,
    'vwap': 42.966399}, {   'close': 52.61,
    'high': 53.41,
    'low': 38.73,
    'open': 38.76,
    'symbol': 'TQQQ',
    'timestamp': datetime.datetime(2025, 4, 9, 4, 0, tzinfo=TzInfo(UTC)),
    'trade_count': 2405626.0,
    'volume': 356851439.0,
    'vwap': 45.648273}, {   'close': 46.14,
    'high': 49.34,
    'low': 41.57,
    'open': 48.68,
    'symbol': 'TQQQ',
    'timestamp': datetime.datetime(2025, 4, 10, 4, 0, tzinfo=TzInfo(UTC)),
    'trade_count': 1675758.0,
    'volume': 281692729.0,
    'vwap': 45.83807}, {   'close': 48.58,
    'high': 49.07,
    'low': 44.62,
    'open': 45.67,
    'symbol': 'TQQQ',
    'timestamp': datetime.datetime(2025, 4, 11, 4, 0, tzinfo=TzInfo(UTC)),
    'trade_count': 1025942.0,
    'volume': 179292899.0,
    'vwap': 47.246492}, {   'close': 49.6,
    'high': 52.052,
    'low': 48.0749,
    'open': 51.9,
    'symbol': 'TQQQ',
    'timestamp': datetime.datetime(2025, 4, 14, 4, 0, tzinfo=TzInfo(UTC)),
    'trade_count': 896291.0,
    'volume': 147430727.0,
    'vwap': 50.01461}, {   'close': 49.79,
    'high': 51.2093,
    'low': 49.19,
    'open': 49.96,
    'symbol': 'TQQQ',
    'timestamp': datetime.datetime(2025, 4, 15, 4, 0, tzinfo=TzInfo(UTC)),
    'trade_count': 590014.0,
    'volume': 104670056.0,
    'vwap': 50.17024}, {   'close': 45.29,
    'high': 48.01,
    'low': 43.16,
    'open': 46.83,
    'symbol': 'TQQQ',
    'timestamp': datetime.datetime(2025, 4, 16, 4, 0, tzinfo=TzInfo(UTC)),
    'trade_count': 804002.0,
    'volume': 134574359.0,
    'vwap': 45.755386}, {   'close': 45.16,
    'high': 46.2895,
    'low': 44.35,
    'open': 46.09,
    'symbol': 'TQQQ',
    'timestamp': datetime.datetime(2025, 4, 17, 4, 0, tzinfo=TzInfo(UTC)),
    'trade_count': 545614.0,
    'volume': 101095820.0,
    'vwap': 45.402732}, {   'close': 41.86,
    'high': 43.64,
    'low': 40.24,
    'open': 43.37,
    'symbol': 'TQQQ',
    'timestamp': datetime.datetime(2025, 4, 21, 4, 0, tzinfo=TzInfo(UTC)),
    'trade_count': 640403.0,
    'volume': 114769688.0,
    'vwap': 41.462196}, {   'close': 45.06,
    'high': 45.98,
    'low': 43.1,
    'open': 43.46,
    'symbol': 'TQQQ',
    'timestamp': datetime.datetime(2025, 4, 22, 4, 0, tzinfo=TzInfo(UTC)),
    'trade_count': 582043.0,
    'volume': 130111034.0,
    'vwap': 44.651781}, {   'close': 48.05,
    'high': 50.8277,
    'low': 47.63,
    'open': 49.24,
    'symbol': 'TQQQ',
    'timestamp': datetime.datetime(2025, 4, 23, 4, 0, tzinfo=TzInfo(UTC)),
    'trade_count': 900968.0,
    'volume': 151997725.0,
    'vwap': 49.233257}, {   'close': 52.14,
    'high': 52.28,
    'low': 48.54,
    'open': 48.74,
    'symbol': 'TQQQ',
    'timestamp': datetime.datetime(2025, 4, 24, 4, 0, tzinfo=TzInfo(UTC)),
    'trade_count': 629288.0,
    'volume': 120307701.0,
    'vwap': 50.971345}, {   'close': 53.86,
    'high': 54.07,
    'low': 51.48,
    'open': 52.04,
    'symbol': 'TQQQ',
    'timestamp': datetime.datetime(2025, 4, 25, 4, 0, tzinfo=TzInfo(UTC)),
    'trade_count': 602197.0,
    'volume': 113051563.0,
    'vwap': 52.860913}, {   'close': 53.82,
    'high': 54.64,
    'low': 51.64,
    'open': 54.02,
    'symbol': 'TQQQ',
    'timestamp': datetime.datetime(2025, 4, 28, 4, 0, tzinfo=TzInfo(UTC)),
    'trade_count': 521015.0,
    'volume': 95678446.0,
    'vwap': 53.117664}, {   'close': 54.87,
    'high': 55.17,
    'low': 52.83,
    'open': 53.04,
    'symbol': 'TQQQ',
    'timestamp': datetime.datetime(2025, 4, 29, 4, 0, tzinfo=TzInfo(UTC)),
    'trade_count': 448507.0,
    'volume': 84904015.0,
    'vwap': 54.226347}, {   'close': 54.88,
    'high': 55.42,
    'low': 50.32,
    'open': 51.96,
    'symbol': 'TQQQ',
    'timestamp': datetime.datetime(2025, 4, 30, 4, 0, tzinfo=TzInfo(UTC)),
    'trade_count': 725493.0,
    'volume': 134223296.0,
    'vwap': 52.710504}, {   'close': 56.77,
    'high': 58.885,
    'low': 56.63,
    'open': 57.56,
    'symbol': 'TQQQ',
    'timestamp': datetime.datetime(2025, 5, 1, 4, 0, tzinfo=TzInfo(UTC)),
    'trade_count': 562142.0,
    'volume': 102740841.0,
    'vwap': 57.720249}, {   'close': 59.43,
    'high': 60.1867,
    'low': 58.03,
    'open': 58.64,
    'symbol': 'TQQQ',
    'timestamp': datetime.datetime(2025, 5, 2, 4, 0, tzinfo=TzInfo(UTC)),
    'trade_count': 518734.0,
    'volume': 97548936.0,
    'vwap': 59.345832}, {   'close': 58.4,
    'high': 59.5,
    'low': 57.7,
    'open': 57.9,
    'symbol': 'TQQQ',
    'timestamp': datetime.datetime(2025, 5, 5, 4, 0, tzinfo=TzInfo(UTC)),
    'trade_count': 365257.0,
    'volume': 69289492.0,
    'vwap': 58.648837}, {   'close': 56.74,
    'high': 58.04,
    'low': 55.57,
    'open': 56.06,
    'symbol': 'TQQQ',
    'timestamp': datetime.datetime(2025, 5, 6, 4, 0, tzinfo=TzInfo(UTC)),
    'trade_count': 475709.0,
    'volume': 82942944.0,
    'vwap': 56.858125}, {   'close': 57.4,
    'high': 58.26,
    'low': 55.085,
    'open': 56.96,
    'symbol': 'TQQQ',
    'timestamp': datetime.datetime(2025, 5, 7, 4, 0, tzinfo=TzInfo(UTC)),
    'trade_count': 600627.0,
    'volume': 104368572.0,
    'vwap': 56.663836}, {   'close': 59.11,
    'high': 60.71,
    'low': 57.66,
    'open': 59.2,
    'symbol': 'TQQQ',
    'timestamp': datetime.datetime(2025, 5, 8, 4, 0, tzinfo=TzInfo(UTC)),
    'trade_count': 557670.0,
    'volume': 98810788.0,
    'vwap': 59.445257}, {   'close': 58.97,
    'high': 60.2698,
    'low': 58.325,
    'open': 59.8,
    'symbol': 'TQQQ',
    'timestamp': datetime.datetime(2025, 5, 9, 4, 0, tzinfo=TzInfo(UTC)),
    'trade_count': 392708.0,
    'volume': 73409422.0,
    'vwap': 59.171045}, {   'close': 66.11,
    'high': 66.16,
    'low': 63.8508,
    'open': 65.85,
    'symbol': 'TQQQ',
    'timestamp': datetime.datetime(2025, 5, 12, 4, 0, tzinfo=TzInfo(UTC)),
    'trade_count': 603562.0,
    'volume': 101244950.0,
    'vwap': 65.109398}, {   'close': 69.14,
    'high': 69.86,
    'low': 66.36,
    'open': 66.67,
    'symbol': 'TQQQ',
    'timestamp': datetime.datetime(2025, 5, 13, 4, 0, tzinfo=TzInfo(UTC)),
    'trade_count': 550317.0,
    'volume': 85297723.0,
    'vwap': 68.819289}, {   'close': 70.36,
    'high': 70.6075,
    'low': 69.21,
    'open': 69.61,
    'symbol': 'TQQQ',
    'timestamp': datetime.datetime(2025, 5, 14, 4, 0, tzinfo=TzInfo(UTC)),
    'trade_count': 519142.0,
    'volume': 80592386.0,
    'vwap': 69.944415}, {   'close': 70.58,
    'high': 71.6899,
    'low': 68.93,
    'open': 69.48,
    'symbol': 'TQQQ',
    'timestamp': datetime.datetime(2025, 5, 15, 4, 0, tzinfo=TzInfo(UTC)),
    'trade_count': 497664.0,
    'volume': 80847372.0,
    'vwap': 70.269622}, {   'close': 71.45,
    'high': 71.52,
    'low': 69.65,
    'open': 71.11,
    'symbol': 'TQQQ',
    'timestamp': datetime.datetime(2025, 5, 16, 4, 0, tzinfo=TzInfo(UTC)),
    'trade_count': 384463.0,
    'volume': 63813609.0,
    'vwap': 70.7892}, {   'close': 71.64,
    'high': 71.86,
    'low': 68.43,
    'open': 68.47,
    'symbol': 'TQQQ',
    'timestamp': datetime.datetime(2025, 5, 19, 4, 0, tzinfo=TzInfo(UTC)),
    'trade_count': 431157.0,
    'volume': 71897093.0,
    'vwap': 70.643223}, {   'close': 70.89,
    'high': 71.1699,
    'low': 69.4001,
    'open': 70.58,
    'symbol': 'TQQQ',
    'timestamp': datetime.datetime(2025, 5, 20, 4, 0, tzinfo=TzInfo(UTC)),
    'trade_count': 370933.0,
    'volume': 67034708.0,
    'vwap': 70.470952}, {   'close': 67.94,
    'high': 71.99,
    'low': 67.18,
    'open': 69.24,
    'symbol': 'TQQQ',
    'timestamp': datetime.datetime(2025, 5, 21, 4, 0, tzinfo=TzInfo(UTC)),
    'trade_count': 653933.0,
    'volume': 109627584.0,
    'vwap': 69.584753}, {   'close': 68.29,
    'high': 69.7501,
    'low': 67.62,
    'open': 68.16,
    'symbol': 'TQQQ',
    'timestamp': datetime.datetime(2025, 5, 22, 4, 0, tzinfo=TzInfo(UTC)),
    'trade_count': 495865.0,
    'volume': 86771006.0,
    'vwap': 68.922479}, {   'close': 66.32,
    'high': 67.3401,
    'low': 64.8587,
    'open': 65.09,
    'symbol': 'TQQQ',
    'timestamp': datetime.datetime(2025, 5, 23, 4, 0, tzinfo=TzInfo(UTC)),
    'trade_count': 665100.0,
    'volume': 107110438.0,
    'vwap': 66.197992}, {   'close': 70.94,
    'high': 71.145,
    'low': 68.3893,
    'open': 68.99,
    'symbol': 'TQQQ',
    'timestamp': datetime.datetime(2025, 5, 27, 4, 0, tzinfo=TzInfo(UTC)),
    'trade_count': 371803.0,
    'volume': 65269766.0,
    'vwap': 70.122355}, {   'close': 70.03,
    'high': 71.94,
    'low': 69.78,
    'open': 71.34,
    'symbol': 'TQQQ',
    'timestamp': datetime.datetime(2025, 5, 28, 4, 0, tzinfo=TzInfo(UTC)),
    'trade_count': 370122.0,
    'volume': 66271337.0,
    'vwap': 70.929609}, {   'close': 70.37,
    'high': 73.0596,
    'low': 69.33,
    'open': 73.0,
    'symbol': 'TQQQ',
    'timestamp': datetime.datetime(2025, 5, 29, 4, 0, tzinfo=TzInfo(UTC)),
    'trade_count': 599384.0,
    'volume': 97717242.0,
    'vwap': 70.725591}, {   'close': 70.0,
    'high': 70.6,
    'low': 67.04,
    'open': 70.13,
    'symbol': 'TQQQ',
    'timestamp': datetime.datetime(2025, 5, 30, 4, 0, tzinfo=TzInfo(UTC)),
    'trade_count': 596957.0,
    'volume': 93559149.0,
    'vwap': 69.106108}, {   'close': 71.61,
    'high': 71.72,
    'low': 68.69,
    'open': 69.2,
    'symbol': 'TQQQ',
    'timestamp': datetime.datetime(2025, 6, 2, 4, 0, tzinfo=TzInfo(UTC)),
    'trade_count': 423055.0,
    'volume': 68962708.0,
    'vwap': 70.478925}, {   'close': 73.28,
    'high': 73.8799,
    'low': 71.4,
    'open': 71.76,
    'symbol': 'TQQQ',
    'timestamp': datetime.datetime(2025, 6, 3, 4, 0, tzinfo=TzInfo(UTC)),
    'trade_count': 390770.0,
    'volume': 64364182.0,
    'vwap': 72.908435}, {   'close': 73.87,
    'high': 74.32,
    'low': 72.71,
    'open': 73.58,
    'symbol': 'TQQQ',
    'timestamp': datetime.datetime(2025, 6, 4, 4, 0, tzinfo=TzInfo(UTC)),
    'trade_count': 359696.0,
    'volume': 64444452.0,
    'vwap': 73.836912}, {   'close': 72.15,
    'high': 75.65,
    'low': 71.3,
    'open': 74.45,
    'symbol': 'TQQQ',
    'timestamp': datetime.datetime(2025, 6, 5, 4, 0, tzinfo=TzInfo(UTC)),
    'trade_count': 679707.0,
    'volume': 99512462.0,
    'vwap': 73.701319}, {   'close': 74.21,
    'high': 75.01,
    'low': 73.54,
    'open': 74.27,
    'symbol': 'TQQQ',
    'timestamp': datetime.datetime(2025, 6, 6, 4, 0, tzinfo=TzInfo(UTC)),
    'trade_count': 407599.0,
    'volume': 65607693.0,
    'vwap': 74.441326}, {   'close': 74.54,
    'high': 75.24,
    'low': 73.84,
    'open': 74.31,
    'symbol': 'TQQQ',
    'timestamp': datetime.datetime(2025, 6, 9, 4, 0, tzinfo=TzInfo(UTC)),
    'trade_count': 292372.0,
    'volume': 50181894.0,
    'vwap': 74.735543}, {   'close': 75.98,
    'high': 76.285,
    'low': 73.76,
    'open': 74.71,
    'symbol': 'TQQQ',
    'timestamp': datetime.datetime(2025, 6, 10, 4, 0, tzinfo=TzInfo(UTC)),
    'trade_count': 358111.0,
    'volume': 61346475.0,
    'vwap': 75.198864}, {   'close': 75.2,
    'high': 77.075,
    'low': 74.22,
    'open': 76.59,
    'symbol': 'TQQQ',
    'timestamp': datetime.datetime(2025, 6, 11, 4, 0, tzinfo=TzInfo(UTC)),
    'trade_count': 571086.0,
    'volume': 90825988.0,
    'vwap': 75.81976}, {   'close': 75.69,
    'high': 76.1293,
    'low': 74.52,
    'open': 74.6,
    'symbol': 'TQQQ',
    'timestamp': datetime.datetime(2025, 6, 12, 4, 0, tzinfo=TzInfo(UTC)),
    'trade_count': 379389.0,
    'volume': 63055008.0,
    'vwap': 75.512546}, {   'close': 72.83,
    'high': 74.885,
    'low': 72.27,
    'open': 73.1,
    'symbol': 'TQQQ',
    'timestamp': datetime.datetime(2025, 6, 13, 4, 0, tzinfo=TzInfo(UTC)),
    'trade_count': 651665.0,
    'volume': 105320707.0,
    'vwap': 73.519678}]}
2025-06-15 20:49:41,497 - data_provider - DEBUG - Looking for symbol TQQQ in data
2025-06-15 20:49:41,498 - data_provider - DEBUG - Dict access result for TQQQ: Found
2025-06-15 20:49:41,660 - data_provider - DEBUG - API response type: <class 'alpaca.data.models.bars.BarSet'>
2025-06-15 20:49:41,661 - data_provider - DEBUG - API response dir: ['__abstractmethods__', '__annotations__', '__class__', '__class_getitem__', '__class_vars__', '__copy__', '__deepcopy__', '__delattr__', '__dict__', '__dir__', '__doc__', '__eq__', '__fields__', '__fields_set__', '__firstlineno__', '__format__', '__ge__', '__get_pydantic_core_schema__', '__get_pydantic_json_schema__', '__getattr__', '__getattribute__', '__getitem__', '__getstate__', '__gt__', '__hash__', '__init__', '__init_subclass__', '__iter__', '__le__', '__lt__', '__module__', '__ne__', '__new__', '__pretty__', '__private_attributes__', '__pydantic_complete__', '__pydantic_computed_fields__', '__pydantic_core_schema__', '__pydantic_custom_init__', '__pydantic_decorators__', '__pydantic_extra__', '__pydantic_fields__', '__pydantic_fields_set__', '__pydantic_generic_metadata__', '__pydantic_init_subclass__', '__pydantic_parent_namespace__', '__pydantic_post_init__', '__pydantic_private__', '__pydantic_root_model__', '__pydantic_serializer__', '__pydantic_setattr_handlers__', '__pydantic_validator__', '__reduce__', '__reduce_ex__', '__replace__', '__repr__', '__repr_args__', '__repr_name__', '__repr_recursion__', '__repr_str__', '__rich_repr__', '__setattr__', '__setstate__', '__signature__', '__sizeof__', '__slots__', '__static_attributes__', '__str__', '__subclasshook__', '__weakref__', '_abc_impl', '_calculate_keys', '_copy_and_set_values', '_get_value', '_iter', '_setattr_handler', 'construct', 'copy', 'data', 'df', 'dict', 'from_orm', 'json', 'model_computed_fields', 'model_config', 'model_construct', 'model_copy', 'model_dump', 'model_dump_json', 'model_extra', 'model_fields', 'model_fields_set', 'model_json_schema', 'model_parametrized_name', 'model_post_init', 'model_rebuild', 'model_validate', 'model_validate_json', 'model_validate_strings', 'parse_file', 'parse_obj', 'parse_raw', 'schema', 'schema_json', 'update_forward_refs', 'validate']
2025-06-15 20:49:41,662 - data_provider - DEBUG - Raw API response for symbol GAP: data={'GAP': [{   'close': 22.25,
    'high': 22.57,
    'low': 22.1,
    'open': 22.12,
    'symbol': 'GAP',
    'timestamp': datetime.datetime(2025, 6, 9, 4, 0, tzinfo=TzInfo(UTC)),
    'trade_count': 74424.0,
    'volume': 11025392.0,
    'vwap': 22.273287}, {   'close': 22.21,
    'high': 22.435,
    'low': 22.07,
    'open': 22.28,
    'symbol': 'GAP',
    'timestamp': datetime.datetime(2025, 6, 10, 4, 0, tzinfo=TzInfo(UTC)),
    'trade_count': 53517.0,
    'volume': 8367072.0,
    'vwap': 22.216959}, {   'close': 22.35,
    'high': 22.715,
    'low': 22.145,
    'open': 22.45,
    'symbol': 'GAP',
    'timestamp': datetime.datetime(2025, 6, 11, 4, 0, tzinfo=TzInfo(UTC)),
    'trade_count': 60470.0,
    'volume': 8405373.0,
    'vwap': 22.420214}, {   'close': 21.62,
    'high': 22.175,
    'low': 21.45,
    'open': 22.05,
    'symbol': 'GAP',
    'timestamp': datetime.datetime(2025, 6, 12, 4, 0, tzinfo=TzInfo(UTC)),
    'trade_count': 72344.0,
    'volume': 11609913.0,
    'vwap': 21.652399}, {   'close': 20.86,
    'high': 21.55,
    'low': 20.65,
    'open': 21.09,
    'symbol': 'GAP',
    'timestamp': datetime.datetime(2025, 6, 13, 4, 0, tzinfo=TzInfo(UTC)),
    'trade_count': 66270.0,
    'volume': 9999319.0,
    'vwap': 20.989033}]}
2025-06-15 20:49:41,663 - data_provider - DEBUG - Using object response, data type: <class 'dict'>
2025-06-15 20:49:41,663 - data_provider - DEBUG - Data dir: ['__class__', '__class_getitem__', '__contains__', '__delattr__', '__delitem__', '__dir__', '__doc__', '__eq__', '__format__', '__ge__', '__getattribute__', '__getitem__', '__getstate__', '__gt__', '__hash__', '__init__', '__init_subclass__', '__ior__', '__iter__', '__le__', '__len__', '__lt__', '__ne__', '__new__', '__or__', '__reduce__', '__reduce_ex__', '__repr__', '__reversed__', '__ror__', '__setattr__', '__setitem__', '__sizeof__', '__str__', '__subclasshook__', 'clear', 'copy', 'fromkeys', 'get', 'items', 'keys', 'pop', 'popitem', 'setdefault', 'update', 'values']
2025-06-15 20:49:41,663 - data_provider - DEBUG - Data content for symbol GAP: {'GAP': [{   'close': 22.25,
    'high': 22.57,
    'low': 22.1,
    'open': 22.12,
    'symbol': 'GAP',
    'timestamp': datetime.datetime(2025, 6, 9, 4, 0, tzinfo=TzInfo(UTC)),
    'trade_count': 74424.0,
    'volume': 11025392.0,
    'vwap': 22.273287}, {   'close': 22.21,
    'high': 22.435,
    'low': 22.07,
    'open': 22.28,
    'symbol': 'GAP',
    'timestamp': datetime.datetime(2025, 6, 10, 4, 0, tzinfo=TzInfo(UTC)),
    'trade_count': 53517.0,
    'volume': 8367072.0,
    'vwap': 22.216959}, {   'close': 22.35,
    'high': 22.715,
    'low': 22.145,
    'open': 22.45,
    'symbol': 'GAP',
    'timestamp': datetime.datetime(2025, 6, 11, 4, 0, tzinfo=TzInfo(UTC)),
    'trade_count': 60470.0,
    'volume': 8405373.0,
    'vwap': 22.420214}, {   'close': 21.62,
    'high': 22.175,
    'low': 21.45,
    'open': 22.05,
    'symbol': 'GAP',
    'timestamp': datetime.datetime(2025, 6, 12, 4, 0, tzinfo=TzInfo(UTC)),
    'trade_count': 72344.0,
    'volume': 11609913.0,
    'vwap': 21.652399}, {   'close': 20.86,
    'high': 21.55,
    'low': 20.65,
    'open': 21.09,
    'symbol': 'GAP',
    'timestamp': datetime.datetime(2025, 6, 13, 4, 0, tzinfo=TzInfo(UTC)),
    'trade_count': 66270.0,
    'volume': 9999319.0,
    'vwap': 20.989033}]}
2025-06-15 20:49:41,665 - data_provider - DEBUG - Looking for symbol GAP in data
2025-06-15 20:49:41,665 - data_provider - DEBUG - Dict access result for GAP: Found
2025-06-15 20:49:41,830 - data_provider - DEBUG - API response type: <class 'alpaca.data.models.bars.BarSet'>
2025-06-15 20:49:41,831 - data_provider - DEBUG - API response dir: ['__abstractmethods__', '__annotations__', '__class__', '__class_getitem__', '__class_vars__', '__copy__', '__deepcopy__', '__delattr__', '__dict__', '__dir__', '__doc__', '__eq__', '__fields__', '__fields_set__', '__firstlineno__', '__format__', '__ge__', '__get_pydantic_core_schema__', '__get_pydantic_json_schema__', '__getattr__', '__getattribute__', '__getitem__', '__getstate__', '__gt__', '__hash__', '__init__', '__init_subclass__', '__iter__', '__le__', '__lt__', '__module__', '__ne__', '__new__', '__pretty__', '__private_attributes__', '__pydantic_complete__', '__pydantic_computed_fields__', '__pydantic_core_schema__', '__pydantic_custom_init__', '__pydantic_decorators__', '__pydantic_extra__', '__pydantic_fields__', '__pydantic_fields_set__', '__pydantic_generic_metadata__', '__pydantic_init_subclass__', '__pydantic_parent_namespace__', '__pydantic_post_init__', '__pydantic_private__', '__pydantic_root_model__', '__pydantic_serializer__', '__pydantic_setattr_handlers__', '__pydantic_validator__', '__reduce__', '__reduce_ex__', '__replace__', '__repr__', '__repr_args__', '__repr_name__', '__repr_recursion__', '__repr_str__', '__rich_repr__', '__setattr__', '__setstate__', '__signature__', '__sizeof__', '__slots__', '__static_attributes__', '__str__', '__subclasshook__', '__weakref__', '_abc_impl', '_calculate_keys', '_copy_and_set_values', '_get_value', '_iter', '_setattr_handler', 'construct', 'copy', 'data', 'df', 'dict', 'from_orm', 'json', 'model_computed_fields', 'model_config', 'model_construct', 'model_copy', 'model_dump', 'model_dump_json', 'model_extra', 'model_fields', 'model_fields_set', 'model_json_schema', 'model_parametrized_name', 'model_post_init', 'model_rebuild', 'model_validate', 'model_validate_json', 'model_validate_strings', 'parse_file', 'parse_obj', 'parse_raw', 'schema', 'schema_json', 'update_forward_refs', 'validate']
2025-06-15 20:49:41,832 - data_provider - DEBUG - Raw API response for symbol GAP: data={}
2025-06-15 20:49:41,832 - data_provider - DEBUG - Using object response, data type: <class 'dict'>
2025-06-15 20:49:41,832 - data_provider - DEBUG - No data found for symbol GAP
2025-06-15 20:49:41,999 - data_provider - DEBUG - API response type: <class 'alpaca.data.models.bars.BarSet'>
2025-06-15 20:49:41,999 - data_provider - DEBUG - API response dir: ['__abstractmethods__', '__annotations__', '__class__', '__class_getitem__', '__class_vars__', '__copy__', '__deepcopy__', '__delattr__', '__dict__', '__dir__', '__doc__', '__eq__', '__fields__', '__fields_set__', '__firstlineno__', '__format__', '__ge__', '__get_pydantic_core_schema__', '__get_pydantic_json_schema__', '__getattr__', '__getattribute__', '__getitem__', '__getstate__', '__gt__', '__hash__', '__init__', '__init_subclass__', '__iter__', '__le__', '__lt__', '__module__', '__ne__', '__new__', '__pretty__', '__private_attributes__', '__pydantic_complete__', '__pydantic_computed_fields__', '__pydantic_core_schema__', '__pydantic_custom_init__', '__pydantic_decorators__', '__pydantic_extra__', '__pydantic_fields__', '__pydantic_fields_set__', '__pydantic_generic_metadata__', '__pydantic_init_subclass__', '__pydantic_parent_namespace__', '__pydantic_post_init__', '__pydantic_private__', '__pydantic_root_model__', '__pydantic_serializer__', '__pydantic_setattr_handlers__', '__pydantic_validator__', '__reduce__', '__reduce_ex__', '__replace__', '__repr__', '__repr_args__', '__repr_name__', '__repr_recursion__', '__repr_str__', '__rich_repr__', '__setattr__', '__setstate__', '__signature__', '__sizeof__', '__slots__', '__static_attributes__', '__str__', '__subclasshook__', '__weakref__', '_abc_impl', '_calculate_keys', '_copy_and_set_values', '_get_value', '_iter', '_setattr_handler', 'construct', 'copy', 'data', 'df', 'dict', 'from_orm', 'json', 'model_computed_fields', 'model_config', 'model_construct', 'model_copy', 'model_dump', 'model_dump_json', 'model_extra', 'model_fields', 'model_fields_set', 'model_json_schema', 'model_parametrized_name', 'model_post_init', 'model_rebuild', 'model_validate', 'model_validate_json', 'model_validate_strings', 'parse_file', 'parse_obj', 'parse_raw', 'schema', 'schema_json', 'update_forward_refs', 'validate']
2025-06-15 20:49:42,000 - data_provider - DEBUG - Raw API response for symbol UNH: data={'UNH': [{   'close': 553.08,
    'high': 585.01,
    'low': 547.46,
    'open': 582.17,
    'symbol': 'UNH',
    'timestamp': datetime.datetime(2025, 4, 8, 4, 0, tzinfo=TzInfo(UTC)),
    'trade_count': 217781.0,
    'volume': 11761466.0,
    'vwap': 560.633209}, {   'close': 578.5,
    'high': 589.4043,
    'low': 554.46,
    'open': 560.14,
    'symbol': 'UNH',
    'timestamp': datetime.datetime(2025, 4, 9, 4, 0, tzinfo=TzInfo(UTC)),
    'trade_count': 233145.0,
    'volume': 12690390.0,
    'vwap': 572.780375}, {   'close': 594.4,
    'high': 601.88,
    'low': 580.0,
    'open': 580.235,
    'symbol': 'UNH',
    'timestamp': datetime.datetime(2025, 4, 10, 4, 0, tzinfo=TzInfo(UTC)),
    'trade_count': 176604.0,
    'volume': 8645986.0,
    'vwap': 592.497529}, {   'close': 599.47,
    'high': 606.36,
    'low': 586.53,
    'open': 588.92,
    'symbol': 'UNH',
    'timestamp': datetime.datetime(2025, 4, 11, 4, 0, tzinfo=TzInfo(UTC)),
    'trade_count': 120706.0,
    'volume': 6121458.0,
    'vwap': 598.37099}, {   'close': 587.06,
    'high': 595.63,
    'low': 579.29,
    'open': 595.0,
    'symbol': 'UNH',
    'timestamp': datetime.datetime(2025, 4, 14, 4, 0, tzinfo=TzInfo(UTC)),
    'trade_count': 112833.0,
    'volume': 4839273.0,
    'vwap': 586.518749}, {   'close': 583.59,
    'high': 592.86,
    'low': 582.01,
    'open': 592.24,
    'symbol': 'UNH',
    'timestamp': datetime.datetime(2025, 4, 15, 4, 0, tzinfo=TzInfo(UTC)),
    'trade_count': 84799.0,
    'volume': 3871279.0,
    'vwap': 584.640974}, {   'close': 585.04,
    'high': 594.81,
    'low': 582.96,
    'open': 585.32,
    'symbol': 'UNH',
    'timestamp': datetime.datetime(2025, 4, 16, 4, 0, tzinfo=TzInfo(UTC)),
    'trade_count': 101206.0,
    'volume': 4192093.0,
    'vwap': 587.804258}, {   'close': 454.11,
    'high': 489.79,
    'low': 447.1,
    'open': 481.95,
    'symbol': 'UNH',
    'timestamp': datetime.datetime(2025, 4, 17, 4, 0, tzinfo=TzInfo(UTC)),
    'trade_count': 592908.0,
    'volume': 29120168.0,
    'vwap': 460.124942}, {   'close': 425.33,
    'high': 453.4999,
    'low': 424.81,
    'open': 449.76,
    'symbol': 'UNH',
    'timestamp': datetime.datetime(2025, 4, 21, 4, 0, tzinfo=TzInfo(UTC)),
    'trade_count': 301151.0,
    'volume': 13029860.0,
    'vwap': 431.677329}, {   'close': 427.18,
    'high': 431.4999,
    'low': 417.12,
    'open': 424.64,
    'symbol': 'UNH',
    'timestamp': datetime.datetime(2025, 4, 22, 4, 0, tzinfo=TzInfo(UTC)),
    'trade_count': 199227.0,
    'volume': 10156865.0,
    'vwap': 425.785465}, {   'close': 427.96,
    'high': 438.85,
    'low': 423.75,
    'open': 427.07,
    'symbol': 'UNH',
    'timestamp': datetime.datetime(2025, 4, 23, 4, 0, tzinfo=TzInfo(UTC)),
    'trade_count': 172866.0,
    'volume': 8345659.0,
    'vwap': 430.655793}, {   'close': 424.25,
    'high': 429.9,
    'low': 423.65,
    'open': 427.57,
    'symbol': 'UNH',
    'timestamp': datetime.datetime(2025, 4, 24, 4, 0, tzinfo=TzInfo(UTC)),
    'trade_count': 147839.0,
    'volume': 7629125.0,
    'vwap': 425.68084}, {   'close': 418.64,
    'high': 423.56,
    'low': 412.02,
    'open': 423.56,
    'symbol': 'UNH',
    'timestamp': datetime.datetime(2025, 4, 25, 4, 0, tzinfo=TzInfo(UTC)),
    'trade_count': 205156.0,
    'volume': 9263777.0,
    'vwap': 416.47692}, {   'close': 420.0,
    'high': 424.12,
    'low': 415.55,
    'open': 419.75,
    'symbol': 'UNH',
    'timestamp': datetime.datetime(2025, 4, 28, 4, 0, tzinfo=TzInfo(UTC)),
    'trade_count': 128110.0,
    'volume': 6614294.0,
    'vwap': 419.110605}, {   'close': 409.23,
    'high': 421.75,
    'low': 409.1,
    'open': 421.19,
    'symbol': 'UNH',
    'timestamp': datetime.datetime(2025, 4, 29, 4, 0, tzinfo=TzInfo(UTC)),
    'trade_count': 203087.0,
    'volume': 9909076.0,
    'vwap': 412.349981}, {   'close': 411.44,
    'high': 413.2617,
    'low': 401.0,
    'open': 409.025,
    'symbol': 'UNH',
    'timestamp': datetime.datetime(2025, 4, 30, 4, 0, tzinfo=TzInfo(UTC)),
    'trade_count': 161653.0,
    'volume': 9192825.0,
    'vwap': 409.029612}, {   'close': 400.68,
    'high': 411.99,
    'low': 399.86,
    'open': 411.32,
    'symbol': 'UNH',
    'timestamp': datetime.datetime(2025, 5, 1, 4, 0, tzinfo=TzInfo(UTC)),
    'trade_count': 214711.0,
    'volume': 9316805.0,
    'vwap': 403.090767}, {   'close': 399.92,
    'high': 402.0,
    'low': 393.11,
    'open': 399.96,
    'symbol': 'UNH',
    'timestamp': datetime.datetime(2025, 5, 2, 4, 0, tzinfo=TzInfo(UTC)),
    'trade_count': 230727.0,
    'volume': 11392906.0,
    'vwap': 398.483917}, {   'close': 404.81,
    'high': 409.7,
    'low': 397.59,
    'open': 399.12,
    'symbol': 'UNH',
    'timestamp': datetime.datetime(2025, 5, 5, 4, 0, tzinfo=TzInfo(UTC)),
    'trade_count': 156844.0,
    'volume': 8157196.0,
    'vwap': 405.150218}, {   'close': 394.51,
    'high': 404.7201,
    'low': 393.42,
    'open': 402.8,
    'symbol': 'UNH',
    'timestamp': datetime.datetime(2025, 5, 6, 4, 0, tzinfo=TzInfo(UTC)),
    'trade_count': 179945.0,
    'volume': 7858592.0,
    'vwap': 397.165672}, {   'close': 391.06,
    'high': 395.5199,
    'low': 385.7,
    'open': 395.35,
    'symbol': 'UNH',
    'timestamp': datetime.datetime(2025, 5, 7, 4, 0, tzinfo=TzInfo(UTC)),
    'trade_count': 197281.0,
    'volume': 8521310.0,
    'vwap': 390.289871}, {   'close': 385.55,
    'high': 390.92,
    'low': 385.37,
    'open': 390.0,
    'symbol': 'UNH',
    'timestamp': datetime.datetime(2025, 5, 8, 4, 0, tzinfo=TzInfo(UTC)),
    'trade_count': 156224.0,
    'volume': 7218320.0,
    'vwap': 387.659421}, {   'close': 380.64,
    'high': 386.5525,
    'low': 378.54,
    'open': 385.67,
    'symbol': 'UNH',
    'timestamp': datetime.datetime(2025, 5, 9, 4, 0, tzinfo=TzInfo(UTC)),
    'trade_count': 186846.0,
    'volume': 8381054.0,
    'vwap': 381.440526}, {   'close': 378.75,
    'high': 387.21,
    'low': 376.835,
    'open': 381.0,
    'symbol': 'UNH',
    'timestamp': datetime.datetime(2025, 5, 12, 4, 0, tzinfo=TzInfo(UTC)),
    'trade_count': 238989.0,
    'volume': 11004799.0,
    'vwap': 379.978824}, {   'close': 311.38,
    'high': 342.0,
    'low': 309.1,
    'open': 335.735,
    'symbol': 'UNH',
    'timestamp': datetime.datetime(2025, 5, 13, 4, 0, tzinfo=TzInfo(UTC)),
    'trade_count': 1121151.0,
    'volume': 59478308.0,
    'vwap': 319.589506}, {   'close': 308.01,
    'high': 322.94,
    'low': 307.11,
    'open': 321.45,
    'symbol': 'UNH',
    'timestamp': datetime.datetime(2025, 5, 14, 4, 0, tzinfo=TzInfo(UTC)),
    'trade_count': 755654.0,
    'volume': 40029552.0,
    'vwap': 313.933335}, {   'close': 274.35,
    'high': 276.65,
    'low': 248.88,
    'open': 274.9,
    'symbol': 'UNH',
    'timestamp': datetime.datetime(2025, 5, 15, 4, 0, tzinfo=TzInfo(UTC)),
    'trade_count': 1906150.0,
    'volume': 121849184.0,
    'vwap': 262.71253}, {   'close': 291.91,
    'high': 294.49,
    'low': 269.135,
    'open': 279.29,
    'symbol': 'UNH',
    'timestamp': datetime.datetime(2025, 5, 16, 4, 0, tzinfo=TzInfo(UTC)),
    'trade_count': 1162471.0,
    'volume': 71094348.0,
    'vwap': 283.296055}, {   'close': 315.89,
    'high': 316.29,
    'low': 297.245,
    'open': 304.775,
    'symbol': 'UNH',
    'timestamp': datetime.datetime(2025, 5, 19, 4, 0, tzinfo=TzInfo(UTC)),
    'trade_count': 1019557.0,
    'volume': 62524663.0,
    'vwap': 308.859017}, {   'close': 321.58,
    'high': 324.64,
    'low': 312.58,
    'open': 320.92,
    'symbol': 'UNH',
    'timestamp': datetime.datetime(2025, 5, 20, 4, 0, tzinfo=TzInfo(UTC)),
    'trade_count': 704872.0,
    'volume': 41486981.0,
    'vwap': 319.562982}, {   'close': 302.98,
    'high': 309.96,
    'low': 300.07,
    'open': 301.0,
    'symbol': 'UNH',
    'timestamp': datetime.datetime(2025, 5, 21, 4, 0, tzinfo=TzInfo(UTC)),
    'trade_count': 796042.0,
    'volume': 45506882.0,
    'vwap': 305.558832}, {   'close': 296.67,
    'high': 305.6699,
    'low': 292.5,
    'open': 293.89,
    'symbol': 'UNH',
    'timestamp': datetime.datetime(2025, 5, 22, 4, 0, tzinfo=TzInfo(UTC)),
    'trade_count': 479789.0,
    'volume': 27159648.0,
    'vwap': 299.490755}, {   'close': 295.57,
    'high': 299.7,
    'low': 291.64,
    'open': 296.1,
    'symbol': 'UNH',
    'timestamp': datetime.datetime(2025, 5, 23, 4, 0, tzinfo=TzInfo(UTC)),
    'trade_count': 328904.0,
    'volume': 16873644.0,
    'vwap': 295.140723}, {   'close': 295.0,
    'high': 299.95,
    'low': 289.13,
    'open': 299.5,
    'symbol': 'UNH',
    'timestamp': datetime.datetime(2025, 5, 27, 4, 0, tzinfo=TzInfo(UTC)),
    'trade_count': 418162.0,
    'volume': 20144557.0,
    'vwap': 293.010795}, {   'close': 298.11,
    'high': 303.7808,
    'low': 293.28,
    'open': 294.0,
    'symbol': 'UNH',
    'timestamp': datetime.datetime(2025, 5, 28, 4, 0, tzinfo=TzInfo(UTC)),
    'trade_count': 300933.0,
    'volume': 16114190.0,
    'vwap': 299.688185}, {   'close': 298.17,
    'high': 303.379,
    'low': 295.0,
    'open': 296.8,
    'symbol': 'UNH',
    'timestamp': datetime.datetime(2025, 5, 29, 4, 0, tzinfo=TzInfo(UTC)),
    'trade_count': 262693.0,
    'volume': 16262496.0,
    'vwap': 298.415628}, {   'close': 301.91,
    'high': 305.64,
    'low': 295.8385,
    'open': 297.97,
    'symbol': 'UNH',
    'timestamp': datetime.datetime(2025, 5, 30, 4, 0, tzinfo=TzInfo(UTC)),
    'trade_count': 284919.0,
    'volume': 16309280.0,
    'vwap': 301.775315}, {   'close': 304.72,
    'high': 313.55,
    'low': 300.97,
    'open': 303.12,
    'symbol': 'UNH',
    'timestamp': datetime.datetime(2025, 6, 2, 4, 0, tzinfo=TzInfo(UTC)),
    'trade_count': 348865.0,
    'volume': 19074368.0,
    'vwap': 306.312145}, {   'close': 301.22,
    'high': 305.7199,
    'low': 300.01,
    'open': 303.1,
    'symbol': 'UNH',
    'timestamp': datetime.datetime(2025, 6, 3, 4, 0, tzinfo=TzInfo(UTC)),
    'trade_count': 246908.0,
    'volume': 12805723.0,
    'vwap': 302.148921}, {   'close': 300.38,
    'high': 307.64,
    'low': 300.2,
    'open': 303.54,
    'symbol': 'UNH',
    'timestamp': datetime.datetime(2025, 6, 4, 4, 0, tzinfo=TzInfo(UTC)),
    'trade_count': 227544.0,
    'volume': 11255616.0,
    'vwap': 302.471791}, {   'close': 295.84,
    'high': 302.42,
    'low': 294.11,
    'open': 300.38,
    'symbol': 'UNH',
    'timestamp': datetime.datetime(2025, 6, 5, 4, 0, tzinfo=TzInfo(UTC)),
    'trade_count': 278346.0,
    'volume': 13627792.0,
    'vwap': 298.111899}, {   'close': 303.22,
    'high': 304.39,
    'low': 297.15,
    'open': 297.23,
    'symbol': 'UNH',
    'timestamp': datetime.datetime(2025, 6, 6, 4, 0, tzinfo=TzInfo(UTC)),
    'trade_count': 217634.0,
    'volume': 12588977.0,
    'vwap': 301.121295}, {   'close': 303.19,
    'high': 307.4,
    'low': 301.141,
    'open': 305.035,
    'symbol': 'UNH',
    'timestamp': datetime.datetime(2025, 6, 9, 4, 0, tzinfo=TzInfo(UTC)),
    'trade_count': 203637.0,
    'volume': 12170320.0,
    'vwap': 303.350751}, {   'close': 303.79,
    'high': 305.12,
    'low': 300.59,
    'open': 303.8,
    'symbol': 'UNH',
    'timestamp': datetime.datetime(2025, 6, 10, 4, 0, tzinfo=TzInfo(UTC)),
    'trade_count': 187435.0,
    'volume': 11384053.0,
    'vwap': 302.906026}, {   'close': 310.56,
    'high': 311.58,
    'low': 302.23,
    'open': 302.68,
    'symbol': 'UNH',
    'timestamp': datetime.datetime(2025, 6, 11, 4, 0, tzinfo=TzInfo(UTC)),
    'trade_count': 251888.0,
    'volume': 14711373.0,
    'vwap': 308.351709}, {   'close': 318.5,
    'high': 318.8,
    'low': 308.51,
    'open': 311.405,
    'symbol': 'UNH',
    'timestamp': datetime.datetime(2025, 6, 12, 4, 0, tzinfo=TzInfo(UTC)),
    'trade_count': 267022.0,
    'volume': 15957166.0,
    'vwap': 315.358839}, {   'close': 313.53,
    'high': 317.4212,
    'low': 311.91,
    'open': 315.9,
    'symbol': 'UNH',
    'timestamp': datetime.datetime(2025, 6, 13, 4, 0, tzinfo=TzInfo(UTC)),
    'trade_count': 228999.0,
    'volume': 13762432.0,
    'vwap': 314.310985}]}
2025-06-15 20:49:42,008 - data_provider - DEBUG - Using object response, data type: <class 'dict'>
2025-06-15 20:49:42,008 - data_provider - DEBUG - Data dir: ['__class__', '__class_getitem__', '__contains__', '__delattr__', '__delitem__', '__dir__', '__doc__', '__eq__', '__format__', '__ge__', '__getattribute__', '__getitem__', '__getstate__', '__gt__', '__hash__', '__init__', '__init_subclass__', '__ior__', '__iter__', '__le__', '__len__', '__lt__', '__ne__', '__new__', '__or__', '__reduce__', '__reduce_ex__', '__repr__', '__reversed__', '__ror__', '__setattr__', '__setitem__', '__sizeof__', '__str__', '__subclasshook__', 'clear', 'copy', 'fromkeys', 'get', 'items', 'keys', 'pop', 'popitem', 'setdefault', 'update', 'values']
2025-06-15 20:49:42,008 - data_provider - DEBUG - Data content for symbol UNH: {'UNH': [{   'close': 553.08,
    'high': 585.01,
    'low': 547.46,
    'open': 582.17,
    'symbol': 'UNH',
    'timestamp': datetime.datetime(2025, 4, 8, 4, 0, tzinfo=TzInfo(UTC)),
    'trade_count': 217781.0,
    'volume': 11761466.0,
    'vwap': 560.633209}, {   'close': 578.5,
    'high': 589.4043,
    'low': 554.46,
    'open': 560.14,
    'symbol': 'UNH',
    'timestamp': datetime.datetime(2025, 4, 9, 4, 0, tzinfo=TzInfo(UTC)),
    'trade_count': 233145.0,
    'volume': 12690390.0,
    'vwap': 572.780375}, {   'close': 594.4,
    'high': 601.88,
    'low': 580.0,
    'open': 580.235,
    'symbol': 'UNH',
    'timestamp': datetime.datetime(2025, 4, 10, 4, 0, tzinfo=TzInfo(UTC)),
    'trade_count': 176604.0,
    'volume': 8645986.0,
    'vwap': 592.497529}, {   'close': 599.47,
    'high': 606.36,
    'low': 586.53,
    'open': 588.92,
    'symbol': 'UNH',
    'timestamp': datetime.datetime(2025, 4, 11, 4, 0, tzinfo=TzInfo(UTC)),
    'trade_count': 120706.0,
    'volume': 6121458.0,
    'vwap': 598.37099}, {   'close': 587.06,
    'high': 595.63,
    'low': 579.29,
    'open': 595.0,
    'symbol': 'UNH',
    'timestamp': datetime.datetime(2025, 4, 14, 4, 0, tzinfo=TzInfo(UTC)),
    'trade_count': 112833.0,
    'volume': 4839273.0,
    'vwap': 586.518749}, {   'close': 583.59,
    'high': 592.86,
    'low': 582.01,
    'open': 592.24,
    'symbol': 'UNH',
    'timestamp': datetime.datetime(2025, 4, 15, 4, 0, tzinfo=TzInfo(UTC)),
    'trade_count': 84799.0,
    'volume': 3871279.0,
    'vwap': 584.640974}, {   'close': 585.04,
    'high': 594.81,
    'low': 582.96,
    'open': 585.32,
    'symbol': 'UNH',
    'timestamp': datetime.datetime(2025, 4, 16, 4, 0, tzinfo=TzInfo(UTC)),
    'trade_count': 101206.0,
    'volume': 4192093.0,
    'vwap': 587.804258}, {   'close': 454.11,
    'high': 489.79,
    'low': 447.1,
    'open': 481.95,
    'symbol': 'UNH',
    'timestamp': datetime.datetime(2025, 4, 17, 4, 0, tzinfo=TzInfo(UTC)),
    'trade_count': 592908.0,
    'volume': 29120168.0,
    'vwap': 460.124942}, {   'close': 425.33,
    'high': 453.4999,
    'low': 424.81,
    'open': 449.76,
    'symbol': 'UNH',
    'timestamp': datetime.datetime(2025, 4, 21, 4, 0, tzinfo=TzInfo(UTC)),
    'trade_count': 301151.0,
    'volume': 13029860.0,
    'vwap': 431.677329}, {   'close': 427.18,
    'high': 431.4999,
    'low': 417.12,
    'open': 424.64,
    'symbol': 'UNH',
    'timestamp': datetime.datetime(2025, 4, 22, 4, 0, tzinfo=TzInfo(UTC)),
    'trade_count': 199227.0,
    'volume': 10156865.0,
    'vwap': 425.785465}, {   'close': 427.96,
    'high': 438.85,
    'low': 423.75,
    'open': 427.07,
    'symbol': 'UNH',
    'timestamp': datetime.datetime(2025, 4, 23, 4, 0, tzinfo=TzInfo(UTC)),
    'trade_count': 172866.0,
    'volume': 8345659.0,
    'vwap': 430.655793}, {   'close': 424.25,
    'high': 429.9,
    'low': 423.65,
    'open': 427.57,
    'symbol': 'UNH',
    'timestamp': datetime.datetime(2025, 4, 24, 4, 0, tzinfo=TzInfo(UTC)),
    'trade_count': 147839.0,
    'volume': 7629125.0,
    'vwap': 425.68084}, {   'close': 418.64,
    'high': 423.56,
    'low': 412.02,
    'open': 423.56,
    'symbol': 'UNH',
    'timestamp': datetime.datetime(2025, 4, 25, 4, 0, tzinfo=TzInfo(UTC)),
    'trade_count': 205156.0,
    'volume': 9263777.0,
    'vwap': 416.47692}, {   'close': 420.0,
    'high': 424.12,
    'low': 415.55,
    'open': 419.75,
    'symbol': 'UNH',
    'timestamp': datetime.datetime(2025, 4, 28, 4, 0, tzinfo=TzInfo(UTC)),
    'trade_count': 128110.0,
    'volume': 6614294.0,
    'vwap': 419.110605}, {   'close': 409.23,
    'high': 421.75,
    'low': 409.1,
    'open': 421.19,
    'symbol': 'UNH',
    'timestamp': datetime.datetime(2025, 4, 29, 4, 0, tzinfo=TzInfo(UTC)),
    'trade_count': 203087.0,
    'volume': 9909076.0,
    'vwap': 412.349981}, {   'close': 411.44,
    'high': 413.2617,
    'low': 401.0,
    'open': 409.025,
    'symbol': 'UNH',
    'timestamp': datetime.datetime(2025, 4, 30, 4, 0, tzinfo=TzInfo(UTC)),
    'trade_count': 161653.0,
    'volume': 9192825.0,
    'vwap': 409.029612}, {   'close': 400.68,
    'high': 411.99,
    'low': 399.86,
    'open': 411.32,
    'symbol': 'UNH',
    'timestamp': datetime.datetime(2025, 5, 1, 4, 0, tzinfo=TzInfo(UTC)),
    'trade_count': 214711.0,
    'volume': 9316805.0,
    'vwap': 403.090767}, {   'close': 399.92,
    'high': 402.0,
    'low': 393.11,
    'open': 399.96,
    'symbol': 'UNH',
    'timestamp': datetime.datetime(2025, 5, 2, 4, 0, tzinfo=TzInfo(UTC)),
    'trade_count': 230727.0,
    'volume': 11392906.0,
    'vwap': 398.483917}, {   'close': 404.81,
    'high': 409.7,
    'low': 397.59,
    'open': 399.12,
    'symbol': 'UNH',
    'timestamp': datetime.datetime(2025, 5, 5, 4, 0, tzinfo=TzInfo(UTC)),
    'trade_count': 156844.0,
    'volume': 8157196.0,
    'vwap': 405.150218}, {   'close': 394.51,
    'high': 404.7201,
    'low': 393.42,
    'open': 402.8,
    'symbol': 'UNH',
    'timestamp': datetime.datetime(2025, 5, 6, 4, 0, tzinfo=TzInfo(UTC)),
    'trade_count': 179945.0,
    'volume': 7858592.0,
    'vwap': 397.165672}, {   'close': 391.06,
    'high': 395.5199,
    'low': 385.7,
    'open': 395.35,
    'symbol': 'UNH',
    'timestamp': datetime.datetime(2025, 5, 7, 4, 0, tzinfo=TzInfo(UTC)),
    'trade_count': 197281.0,
    'volume': 8521310.0,
    'vwap': 390.289871}, {   'close': 385.55,
    'high': 390.92,
    'low': 385.37,
    'open': 390.0,
    'symbol': 'UNH',
    'timestamp': datetime.datetime(2025, 5, 8, 4, 0, tzinfo=TzInfo(UTC)),
    'trade_count': 156224.0,
    'volume': 7218320.0,
    'vwap': 387.659421}, {   'close': 380.64,
    'high': 386.5525,
    'low': 378.54,
    'open': 385.67,
    'symbol': 'UNH',
    'timestamp': datetime.datetime(2025, 5, 9, 4, 0, tzinfo=TzInfo(UTC)),
    'trade_count': 186846.0,
    'volume': 8381054.0,
    'vwap': 381.440526}, {   'close': 378.75,
    'high': 387.21,
    'low': 376.835,
    'open': 381.0,
    'symbol': 'UNH',
    'timestamp': datetime.datetime(2025, 5, 12, 4, 0, tzinfo=TzInfo(UTC)),
    'trade_count': 238989.0,
    'volume': 11004799.0,
    'vwap': 379.978824}, {   'close': 311.38,
    'high': 342.0,
    'low': 309.1,
    'open': 335.735,
    'symbol': 'UNH',
    'timestamp': datetime.datetime(2025, 5, 13, 4, 0, tzinfo=TzInfo(UTC)),
    'trade_count': 1121151.0,
    'volume': 59478308.0,
    'vwap': 319.589506}, {   'close': 308.01,
    'high': 322.94,
    'low': 307.11,
    'open': 321.45,
    'symbol': 'UNH',
    'timestamp': datetime.datetime(2025, 5, 14, 4, 0, tzinfo=TzInfo(UTC)),
    'trade_count': 755654.0,
    'volume': 40029552.0,
    'vwap': 313.933335}, {   'close': 274.35,
    'high': 276.65,
    'low': 248.88,
    'open': 274.9,
    'symbol': 'UNH',
    'timestamp': datetime.datetime(2025, 5, 15, 4, 0, tzinfo=TzInfo(UTC)),
    'trade_count': 1906150.0,
    'volume': 121849184.0,
    'vwap': 262.71253}, {   'close': 291.91,
    'high': 294.49,
    'low': 269.135,
    'open': 279.29,
    'symbol': 'UNH',
    'timestamp': datetime.datetime(2025, 5, 16, 4, 0, tzinfo=TzInfo(UTC)),
    'trade_count': 1162471.0,
    'volume': 71094348.0,
    'vwap': 283.296055}, {   'close': 315.89,
    'high': 316.29,
    'low': 297.245,
    'open': 304.775,
    'symbol': 'UNH',
    'timestamp': datetime.datetime(2025, 5, 19, 4, 0, tzinfo=TzInfo(UTC)),
    'trade_count': 1019557.0,
    'volume': 62524663.0,
    'vwap': 308.859017}, {   'close': 321.58,
    'high': 324.64,
    'low': 312.58,
    'open': 320.92,
    'symbol': 'UNH',
    'timestamp': datetime.datetime(2025, 5, 20, 4, 0, tzinfo=TzInfo(UTC)),
    'trade_count': 704872.0,
    'volume': 41486981.0,
    'vwap': 319.562982}, {   'close': 302.98,
    'high': 309.96,
    'low': 300.07,
    'open': 301.0,
    'symbol': 'UNH',
    'timestamp': datetime.datetime(2025, 5, 21, 4, 0, tzinfo=TzInfo(UTC)),
    'trade_count': 796042.0,
    'volume': 45506882.0,
    'vwap': 305.558832}, {   'close': 296.67,
    'high': 305.6699,
    'low': 292.5,
    'open': 293.89,
    'symbol': 'UNH',
    'timestamp': datetime.datetime(2025, 5, 22, 4, 0, tzinfo=TzInfo(UTC)),
    'trade_count': 479789.0,
    'volume': 27159648.0,
    'vwap': 299.490755}, {   'close': 295.57,
    'high': 299.7,
    'low': 291.64,
    'open': 296.1,
    'symbol': 'UNH',
    'timestamp': datetime.datetime(2025, 5, 23, 4, 0, tzinfo=TzInfo(UTC)),
    'trade_count': 328904.0,
    'volume': 16873644.0,
    'vwap': 295.140723}, {   'close': 295.0,
    'high': 299.95,
    'low': 289.13,
    'open': 299.5,
    'symbol': 'UNH',
    'timestamp': datetime.datetime(2025, 5, 27, 4, 0, tzinfo=TzInfo(UTC)),
    'trade_count': 418162.0,
    'volume': 20144557.0,
    'vwap': 293.010795}, {   'close': 298.11,
    'high': 303.7808,
    'low': 293.28,
    'open': 294.0,
    'symbol': 'UNH',
    'timestamp': datetime.datetime(2025, 5, 28, 4, 0, tzinfo=TzInfo(UTC)),
    'trade_count': 300933.0,
    'volume': 16114190.0,
    'vwap': 299.688185}, {   'close': 298.17,
    'high': 303.379,
    'low': 295.0,
    'open': 296.8,
    'symbol': 'UNH',
    'timestamp': datetime.datetime(2025, 5, 29, 4, 0, tzinfo=TzInfo(UTC)),
    'trade_count': 262693.0,
    'volume': 16262496.0,
    'vwap': 298.415628}, {   'close': 301.91,
    'high': 305.64,
    'low': 295.8385,
    'open': 297.97,
    'symbol': 'UNH',
    'timestamp': datetime.datetime(2025, 5, 30, 4, 0, tzinfo=TzInfo(UTC)),
    'trade_count': 284919.0,
    'volume': 16309280.0,
    'vwap': 301.775315}, {   'close': 304.72,
    'high': 313.55,
    'low': 300.97,
    'open': 303.12,
    'symbol': 'UNH',
    'timestamp': datetime.datetime(2025, 6, 2, 4, 0, tzinfo=TzInfo(UTC)),
    'trade_count': 348865.0,
    'volume': 19074368.0,
    'vwap': 306.312145}, {   'close': 301.22,
    'high': 305.7199,
    'low': 300.01,
    'open': 303.1,
    'symbol': 'UNH',
    'timestamp': datetime.datetime(2025, 6, 3, 4, 0, tzinfo=TzInfo(UTC)),
    'trade_count': 246908.0,
    'volume': 12805723.0,
    'vwap': 302.148921}, {   'close': 300.38,
    'high': 307.64,
    'low': 300.2,
    'open': 303.54,
    'symbol': 'UNH',
    'timestamp': datetime.datetime(2025, 6, 4, 4, 0, tzinfo=TzInfo(UTC)),
    'trade_count': 227544.0,
    'volume': 11255616.0,
    'vwap': 302.471791}, {   'close': 295.84,
    'high': 302.42,
    'low': 294.11,
    'open': 300.38,
    'symbol': 'UNH',
    'timestamp': datetime.datetime(2025, 6, 5, 4, 0, tzinfo=TzInfo(UTC)),
    'trade_count': 278346.0,
    'volume': 13627792.0,
    'vwap': 298.111899}, {   'close': 303.22,
    'high': 304.39,
    'low': 297.15,
    'open': 297.23,
    'symbol': 'UNH',
    'timestamp': datetime.datetime(2025, 6, 6, 4, 0, tzinfo=TzInfo(UTC)),
    'trade_count': 217634.0,
    'volume': 12588977.0,
    'vwap': 301.121295}, {   'close': 303.19,
    'high': 307.4,
    'low': 301.141,
    'open': 305.035,
    'symbol': 'UNH',
    'timestamp': datetime.datetime(2025, 6, 9, 4, 0, tzinfo=TzInfo(UTC)),
    'trade_count': 203637.0,
    'volume': 12170320.0,
    'vwap': 303.350751}, {   'close': 303.79,
    'high': 305.12,
    'low': 300.59,
    'open': 303.8,
    'symbol': 'UNH',
    'timestamp': datetime.datetime(2025, 6, 10, 4, 0, tzinfo=TzInfo(UTC)),
    'trade_count': 187435.0,
    'volume': 11384053.0,
    'vwap': 302.906026}, {   'close': 310.56,
    'high': 311.58,
    'low': 302.23,
    'open': 302.68,
    'symbol': 'UNH',
    'timestamp': datetime.datetime(2025, 6, 11, 4, 0, tzinfo=TzInfo(UTC)),
    'trade_count': 251888.0,
    'volume': 14711373.0,
    'vwap': 308.351709}, {   'close': 318.5,
    'high': 318.8,
    'low': 308.51,
    'open': 311.405,
    'symbol': 'UNH',
    'timestamp': datetime.datetime(2025, 6, 12, 4, 0, tzinfo=TzInfo(UTC)),
    'trade_count': 267022.0,
    'volume': 15957166.0,
    'vwap': 315.358839}, {   'close': 313.53,
    'high': 317.4212,
    'low': 311.91,
    'open': 315.9,
    'symbol': 'UNH',
    'timestamp': datetime.datetime(2025, 6, 13, 4, 0, tzinfo=TzInfo(UTC)),
    'trade_count': 228999.0,
    'volume': 13762432.0,
    'vwap': 314.310985}]}
2025-06-15 20:49:42,015 - data_provider - DEBUG - Looking for symbol UNH in data
2025-06-15 20:49:42,016 - data_provider - DEBUG - Dict access result for UNH: Found
2025-06-15 20:49:42,165 - data_provider - DEBUG - API response type: <class 'alpaca.data.models.bars.BarSet'>
2025-06-15 20:49:42,165 - data_provider - DEBUG - API response dir: ['__abstractmethods__', '__annotations__', '__class__', '__class_getitem__', '__class_vars__', '__copy__', '__deepcopy__', '__delattr__', '__dict__', '__dir__', '__doc__', '__eq__', '__fields__', '__fields_set__', '__firstlineno__', '__format__', '__ge__', '__get_pydantic_core_schema__', '__get_pydantic_json_schema__', '__getattr__', '__getattribute__', '__getitem__', '__getstate__', '__gt__', '__hash__', '__init__', '__init_subclass__', '__iter__', '__le__', '__lt__', '__module__', '__ne__', '__new__', '__pretty__', '__private_attributes__', '__pydantic_complete__', '__pydantic_computed_fields__', '__pydantic_core_schema__', '__pydantic_custom_init__', '__pydantic_decorators__', '__pydantic_extra__', '__pydantic_fields__', '__pydantic_fields_set__', '__pydantic_generic_metadata__', '__pydantic_init_subclass__', '__pydantic_parent_namespace__', '__pydantic_post_init__', '__pydantic_private__', '__pydantic_root_model__', '__pydantic_serializer__', '__pydantic_setattr_handlers__', '__pydantic_validator__', '__reduce__', '__reduce_ex__', '__replace__', '__repr__', '__repr_args__', '__repr_name__', '__repr_recursion__', '__repr_str__', '__rich_repr__', '__setattr__', '__setstate__', '__signature__', '__sizeof__', '__slots__', '__static_attributes__', '__str__', '__subclasshook__', '__weakref__', '_abc_impl', '_calculate_keys', '_copy_and_set_values', '_get_value', '_iter', '_setattr_handler', 'construct', 'copy', 'data', 'df', 'dict', 'from_orm', 'json', 'model_computed_fields', 'model_config', 'model_construct', 'model_copy', 'model_dump', 'model_dump_json', 'model_extra', 'model_fields', 'model_fields_set', 'model_json_schema', 'model_parametrized_name', 'model_post_init', 'model_rebuild', 'model_validate', 'model_validate_json', 'model_validate_strings', 'parse_file', 'parse_obj', 'parse_raw', 'schema', 'schema_json', 'update_forward_refs', 'validate']
2025-06-15 20:49:42,165 - data_provider - DEBUG - Raw API response for symbol VRT: data={'VRT': [{   'close': 62.9,
    'high': 70.35,
    'low': 60.67,
    'open': 70.2,
    'symbol': 'VRT',
    'timestamp': datetime.datetime(2025, 4, 8, 4, 0, tzinfo=TzInfo(UTC)),
    'trade_count': 177946.0,
    'volume': 17170370.0,
    'vwap': 65.199418}, {   'close': 72.82,
    'high': 76.49,
    'low': 61.28,
    'open': 61.855,
    'symbol': 'VRT',
    'timestamp': datetime.datetime(2025, 4, 9, 4, 0, tzinfo=TzInfo(UTC)),
    'trade_count': 209188.0,
    'volume': 18893503.0,
    'vwap': 70.339977}, {   'close': 67.73,
    'high': 70.78,
    'low': 65.92,
    'open': 69.19,
    'symbol': 'VRT',
    'timestamp': datetime.datetime(2025, 4, 10, 4, 0, tzinfo=TzInfo(UTC)),
    'trade_count': 143865.0,
    'volume': 11790998.0,
    'vwap': 68.226437}, {   'close': 69.61,
    'high': 69.7099,
    'low': 65.6819,
    'open': 67.3,
    'symbol': 'VRT',
    'timestamp': datetime.datetime(2025, 4, 11, 4, 0, tzinfo=TzInfo(UTC)),
    'trade_count': 93255.0,
    'volume': 8185476.0,
    'vwap': 68.187589}, {   'close': 71.57,
    'high': 73.42,
    'low': 70.13,
    'open': 73.22,
    'symbol': 'VRT',
    'timestamp': datetime.datetime(2025, 4, 14, 4, 0, tzinfo=TzInfo(UTC)),
    'trade_count': 89245.0,
    'volume': 7879463.0,
    'vwap': 71.701081}, {   'close': 72.71,
    'high': 73.47,
    'low': 71.37,
    'open': 71.37,
    'symbol': 'VRT',
    'timestamp': datetime.datetime(2025, 4, 15, 4, 0, tzinfo=TzInfo(UTC)),
    'trade_count': 69484.0,
    'volume': 6190252.0,
    'vwap': 72.640069}, {   'close': 71.65,
    'high': 72.2099,
    'low': 68.3257,
    'open': 69.18,
    'symbol': 'VRT',
    'timestamp': datetime.datetime(2025, 4, 16, 4, 0, tzinfo=TzInfo(UTC)),
    'trade_count': 117426.0,
    'volume': 14542978.0,
    'vwap': 71.158988}, {   'close': 73.21,
    'high': 73.74,
    'low': 70.85,
    'open': 72.5,
    'symbol': 'VRT',
    'timestamp': datetime.datetime(2025, 4, 17, 4, 0, tzinfo=TzInfo(UTC)),
    'trade_count': 97164.0,
    'volume': 9295116.0,
    'vwap': 72.730425}, {   'close': 67.57,
    'high': 71.5,
    'low': 65.93,
    'open': 70.845,
    'symbol': 'VRT',
    'timestamp': datetime.datetime(2025, 4, 21, 4, 0, tzinfo=TzInfo(UTC)),
    'trade_count': 101107.0,
    'volume': 8511148.0,
    'vwap': 67.636798}, {   'close': 71.82,
    'high': 72.6,
    'low': 69.0,
    'open': 69.21,
    'symbol': 'VRT',
    'timestamp': datetime.datetime(2025, 4, 22, 4, 0, tzinfo=TzInfo(UTC)),
    'trade_count': 104594.0,
    'volume': 10427982.0,
    'vwap': 71.133023}, {   'close': 78.0,
    'high': 86.93,
    'low': 77.24,
    'open': 85.475,
    'symbol': 'VRT',
    'timestamp': datetime.datetime(2025, 4, 23, 4, 0, tzinfo=TzInfo(UTC)),
    'trade_count': 238303.0,
    'volume': 24253723.0,
    'vwap': 80.599759}, {   'close': 83.88,
    'high': 84.84,
    'low': 80.0,
    'open': 80.25,
    'symbol': 'VRT',
    'timestamp': datetime.datetime(2025, 4, 24, 4, 0, tzinfo=TzInfo(UTC)),
    'trade_count': 145966.0,
    'volume': 13734247.0,
    'vwap': 83.302378}, {   'close': 86.95,
    'high': 89.27,
    'low': 84.55,
    'open': 84.97,
    'symbol': 'VRT',
    'timestamp': datetime.datetime(2025, 4, 25, 4, 0, tzinfo=TzInfo(UTC)),
    'trade_count': 173248.0,
    'volume': 14314958.0,
    'vwap': 87.105826}, {   'close': 86.15,
    'high': 88.0,
    'low': 84.3339,
    'open': 86.95,
    'symbol': 'VRT',
    'timestamp': datetime.datetime(2025, 4, 28, 4, 0, tzinfo=TzInfo(UTC)),
    'trade_count': 105496.0,
    'volume': 8872003.0,
    'vwap': 86.044399}, {   'close': 86.19,
    'high': 87.4999,
    'low': 84.67,
    'open': 87.0,
    'symbol': 'VRT',
    'timestamp': datetime.datetime(2025, 4, 29, 4, 0, tzinfo=TzInfo(UTC)),
    'trade_count': 71126.0,
    'volume': 6317526.0,
    'vwap': 85.911595}, {   'close': 85.38,
    'high': 85.41,
    'low': 80.51,
    'open': 81.78,
    'symbol': 'VRT',
    'timestamp': datetime.datetime(2025, 4, 30, 4, 0, tzinfo=TzInfo(UTC)),
    'trade_count': 99643.0,
    'volume': 8979696.0,
    'vwap': 83.960448}, {   'close': 92.55,
    'high': 94.9299,
    'low': 91.165,
    'open': 91.64,
    'symbol': 'VRT',
    'timestamp': datetime.datetime(2025, 5, 1, 4, 0, tzinfo=TzInfo(UTC)),
    'trade_count': 186066.0,
    'volume': 16440665.0,
    'vwap': 92.933124}, {   'close': 95.0,
    'high': 96.99,
    'low': 93.0,
    'open': 94.11,
    'symbol': 'VRT',
    'timestamp': datetime.datetime(2025, 5, 2, 4, 0, tzinfo=TzInfo(UTC)),
    'trade_count': 118195.0,
    'volume': 9145565.0,
    'vwap': 95.389886}, {   'close': 94.83,
    'high': 95.79,
    'low': 92.95,
    'open': 93.11,
    'symbol': 'VRT',
    'timestamp': datetime.datetime(2025, 5, 5, 4, 0, tzinfo=TzInfo(UTC)),
    'trade_count': 83240.0,
    'volume': 6240221.0,
    'vwap': 94.811967}, {   'close': 93.48,
    'high': 93.95,
    'low': 91.81,
    'open': 91.94,
    'symbol': 'VRT',
    'timestamp': datetime.datetime(2025, 5, 6, 4, 0, tzinfo=TzInfo(UTC)),
    'trade_count': 86270.0,
    'volume': 6740361.0,
    'vwap': 93.15403}, {   'close': 95.52,
    'high': 95.65,
    'low': 91.84,
    'open': 92.9,
    'symbol': 'VRT',
    'timestamp': datetime.datetime(2025, 5, 7, 4, 0, tzinfo=TzInfo(UTC)),
    'trade_count': 134071.0,
    'volume': 10038595.0,
    'vwap': 94.101073}, {   'close': 95.74,
    'high': 97.28,
    'low': 94.87,
    'open': 96.95,
    'symbol': 'VRT',
    'timestamp': datetime.datetime(2025, 5, 8, 4, 0, tzinfo=TzInfo(UTC)),
    'trade_count': 89660.0,
    'volume': 7275919.0,
    'vwap': 96.137176}, {   'close': 94.06,
    'high': 96.94,
    'low': 92.13,
    'open': 96.06,
    'symbol': 'VRT',
    'timestamp': datetime.datetime(2025, 5, 9, 4, 0, tzinfo=TzInfo(UTC)),
    'trade_count': 90943.0,
    'volume': 6369796.0,
    'vwap': 93.720095}, {   'close': 101.05,
    'high': 101.75,
    'low': 99.44,
    'open': 101.1,
    'symbol': 'VRT',
    'timestamp': datetime.datetime(2025, 5, 12, 4, 0, tzinfo=TzInfo(UTC)),
    'trade_count': 121391.0,
    'volume': 8952162.0,
    'vwap': 100.57293}, {   'close': 105.58,
    'high': 107.69,
    'low': 100.9,
    'open': 101.07,
    'symbol': 'VRT',
    'timestamp': datetime.datetime(2025, 5, 13, 4, 0, tzinfo=TzInfo(UTC)),
    'trade_count': 127725.0,
    'volume': 8987202.0,
    'vwap': 105.649144}, {   'close': 109.48,
    'high': 109.95,
    'low': 106.82,
    'open': 108.55,
    'symbol': 'VRT',
    'timestamp': datetime.datetime(2025, 5, 14, 4, 0, tzinfo=TzInfo(UTC)),
    'trade_count': 133354.0,
    'volume': 9603501.0,
    'vwap': 108.78581}, {   'close': 105.38,
    'high': 108.18,
    'low': 105.19,
    'open': 105.8,
    'symbol': 'VRT',
    'timestamp': datetime.datetime(2025, 5, 15, 4, 0, tzinfo=TzInfo(UTC)),
    'trade_count': 89439.0,
    'volume': 6667546.0,
    'vwap': 106.313822}, {   'close': 106.04,
    'high': 106.34,
    'low': 103.96,
    'open': 106.155,
    'symbol': 'VRT',
    'timestamp': datetime.datetime(2025, 5, 16, 4, 0, tzinfo=TzInfo(UTC)),
    'trade_count': 75464.0,
    'volume': 5169974.0,
    'vwap': 105.567902}, {   'close': 106.4,
    'high': 106.75,
    'low': 102.56,
    'open': 103.0,
    'symbol': 'VRT',
    'timestamp': datetime.datetime(2025, 5, 19, 4, 0, tzinfo=TzInfo(UTC)),
    'trade_count': 66372.0,
    'volume': 4593498.0,
    'vwap': 105.772914}, {   'close': 106.39,
    'high': 106.84,
    'low': 105.02,
    'open': 105.37,
    'symbol': 'VRT',
    'timestamp': datetime.datetime(2025, 5, 20, 4, 0, tzinfo=TzInfo(UTC)),
    'trade_count': 62397.0,
    'volume': 4030741.0,
    'vwap': 106.088774}, {   'close': 103.61,
    'high': 107.0,
    'low': 102.57,
    'open': 104.29,
    'symbol': 'VRT',
    'timestamp': datetime.datetime(2025, 5, 21, 4, 0, tzinfo=TzInfo(UTC)),
    'trade_count': 81928.0,
    'volume': 5354885.0,
    'vwap': 104.583587}, {   'close': 104.2,
    'high': 105.29,
    'low': 101.11,
    'open': 102.7,
    'symbol': 'VRT',
    'timestamp': datetime.datetime(2025, 5, 22, 4, 0, tzinfo=TzInfo(UTC)),
    'trade_count': 64437.0,
    'volume': 3799972.0,
    'vwap': 103.98306}, {   'close': 104.14,
    'high': 105.15,
    'low': 101.0,
    'open': 101.36,
    'symbol': 'VRT',
    'timestamp': datetime.datetime(2025, 5, 23, 4, 0, tzinfo=TzInfo(UTC)),
    'trade_count': 71270.0,
    'volume': 3967381.0,
    'vwap': 103.566798}, {   'close': 109.79,
    'high': 110.18,
    'low': 106.3,
    'open': 107.52,
    'symbol': 'VRT',
    'timestamp': datetime.datetime(2025, 5, 27, 4, 0, tzinfo=TzInfo(UTC)),
    'trade_count': 90552.0,
    'volume': 6457211.0,
    'vwap': 109.110674}, {   'close': 109.22,
    'high': 109.52,
    'low': 107.05,
    'open': 108.8,
    'symbol': 'VRT',
    'timestamp': datetime.datetime(2025, 5, 28, 4, 0, tzinfo=TzInfo(UTC)),
    'trade_count': 90267.0,
    'volume': 5920495.0,
    'vwap': 108.670527}, {   'close': 108.47,
    'high': 114.34,
    'low': 107.05,
    'open': 113.81,
    'symbol': 'VRT',
    'timestamp': datetime.datetime(2025, 5, 29, 4, 0, tzinfo=TzInfo(UTC)),
    'trade_count': 87231.0,
    'volume': 5914417.0,
    'vwap': 109.232983}, {   'close': 107.93,
    'high': 107.97,
    'low': 104.71,
    'open': 107.305,
    'symbol': 'VRT',
    'timestamp': datetime.datetime(2025, 5, 30, 4, 0, tzinfo=TzInfo(UTC)),
    'trade_count': 78842.0,
    'volume': 6935573.0,
    'vwap': 107.222722}, {   'close': 109.23,
    'high': 109.38,
    'low': 105.68,
    'open': 108.0,
    'symbol': 'VRT',
    'timestamp': datetime.datetime(2025, 6, 2, 4, 0, tzinfo=TzInfo(UTC)),
    'trade_count': 64823.0,
    'volume': 4001759.0,
    'vwap': 108.318368}, {   'close': 112.34,
    'high': 115.35,
    'low': 110.62,
    'open': 111.2,
    'symbol': 'VRT',
    'timestamp': datetime.datetime(2025, 6, 3, 4, 0, tzinfo=TzInfo(UTC)),
    'trade_count': 120501.0,
    'volume': 8438159.0,
    'vwap': 112.988176}, {   'close': 112.85,
    'high': 115.65,
    'low': 112.7,
    'open': 113.32,
    'symbol': 'VRT',
    'timestamp': datetime.datetime(2025, 6, 4, 4, 0, tzinfo=TzInfo(UTC)),
    'trade_count': 79548.0,
    'volume': 5005743.0,
    'vwap': 113.826403}, {   'close': 112.22,
    'high': 114.1757,
    'low': 110.9564,
    'open': 113.97,
    'symbol': 'VRT',
    'timestamp': datetime.datetime(2025, 6, 5, 4, 0, tzinfo=TzInfo(UTC)),
    'trade_count': 79024.0,
    'volume': 4826880.0,
    'vwap': 112.62963}, {   'close': 115.36,
    'high': 116.62,
    'low': 114.2515,
    'open': 115.0,
    'symbol': 'VRT',
    'timestamp': datetime.datetime(2025, 6, 6, 4, 0, tzinfo=TzInfo(UTC)),
    'trade_count': 83186.0,
    'volume': 5377105.0,
    'vwap': 115.331918}, {   'close': 112.0,
    'high': 115.5,
    'low': 111.5,
    'open': 115.17,
    'symbol': 'VRT',
    'timestamp': datetime.datetime(2025, 6, 9, 4, 0, tzinfo=TzInfo(UTC)),
    'trade_count': 95601.0,
    'volume': 5820442.0,
    'vwap': 113.118935}, {   'close': 108.47,
    'high': 113.01,
    'low': 107.38,
    'open': 113.0,
    'symbol': 'VRT',
    'timestamp': datetime.datetime(2025, 6, 10, 4, 0, tzinfo=TzInfo(UTC)),
    'trade_count': 121460.0,
    'volume': 7573025.0,
    'vwap': 109.018509}, {   'close': 110.59,
    'high': 111.89,
    'low': 107.38,
    'open': 108.4,
    'symbol': 'VRT',
    'timestamp': datetime.datetime(2025, 6, 11, 4, 0, tzinfo=TzInfo(UTC)),
    'trade_count': 78777.0,
    'volume': 5560356.0,
    'vwap': 110.458237}, {   'close': 114.5,
    'high': 114.59,
    'low': 108.81,
    'open': 109.4,
    'symbol': 'VRT',
    'timestamp': datetime.datetime(2025, 6, 12, 4, 0, tzinfo=TzInfo(UTC)),
    'trade_count': 81812.0,
    'volume': 6778728.0,
    'vwap': 113.526014}, {   'close': 110.97,
    'high': 113.7084,
    'low': 110.3233,
    'open': 111.08,
    'symbol': 'VRT',
    'timestamp': datetime.datetime(2025, 6, 13, 4, 0, tzinfo=TzInfo(UTC)),
    'trade_count': 83951.0,
    'volume': 5900631.0,
    'vwap': 111.811629}]}
2025-06-15 20:49:42,170 - data_provider - DEBUG - Using object response, data type: <class 'dict'>
2025-06-15 20:49:42,170 - data_provider - DEBUG - Data dir: ['__class__', '__class_getitem__', '__contains__', '__delattr__', '__delitem__', '__dir__', '__doc__', '__eq__', '__format__', '__ge__', '__getattribute__', '__getitem__', '__getstate__', '__gt__', '__hash__', '__init__', '__init_subclass__', '__ior__', '__iter__', '__le__', '__len__', '__lt__', '__ne__', '__new__', '__or__', '__reduce__', '__reduce_ex__', '__repr__', '__reversed__', '__ror__', '__setattr__', '__setitem__', '__sizeof__', '__str__', '__subclasshook__', 'clear', 'copy', 'fromkeys', 'get', 'items', 'keys', 'pop', 'popitem', 'setdefault', 'update', 'values']
2025-06-15 20:49:42,170 - data_provider - DEBUG - Data content for symbol VRT: {'VRT': [{   'close': 62.9,
    'high': 70.35,
    'low': 60.67,
    'open': 70.2,
    'symbol': 'VRT',
    'timestamp': datetime.datetime(2025, 4, 8, 4, 0, tzinfo=TzInfo(UTC)),
    'trade_count': 177946.0,
    'volume': 17170370.0,
    'vwap': 65.199418}, {   'close': 72.82,
    'high': 76.49,
    'low': 61.28,
    'open': 61.855,
    'symbol': 'VRT',
    'timestamp': datetime.datetime(2025, 4, 9, 4, 0, tzinfo=TzInfo(UTC)),
    'trade_count': 209188.0,
    'volume': 18893503.0,
    'vwap': 70.339977}, {   'close': 67.73,
    'high': 70.78,
    'low': 65.92,
    'open': 69.19,
    'symbol': 'VRT',
    'timestamp': datetime.datetime(2025, 4, 10, 4, 0, tzinfo=TzInfo(UTC)),
    'trade_count': 143865.0,
    'volume': 11790998.0,
    'vwap': 68.226437}, {   'close': 69.61,
    'high': 69.7099,
    'low': 65.6819,
    'open': 67.3,
    'symbol': 'VRT',
    'timestamp': datetime.datetime(2025, 4, 11, 4, 0, tzinfo=TzInfo(UTC)),
    'trade_count': 93255.0,
    'volume': 8185476.0,
    'vwap': 68.187589}, {   'close': 71.57,
    'high': 73.42,
    'low': 70.13,
    'open': 73.22,
    'symbol': 'VRT',
    'timestamp': datetime.datetime(2025, 4, 14, 4, 0, tzinfo=TzInfo(UTC)),
    'trade_count': 89245.0,
    'volume': 7879463.0,
    'vwap': 71.701081}, {   'close': 72.71,
    'high': 73.47,
    'low': 71.37,
    'open': 71.37,
    'symbol': 'VRT',
    'timestamp': datetime.datetime(2025, 4, 15, 4, 0, tzinfo=TzInfo(UTC)),
    'trade_count': 69484.0,
    'volume': 6190252.0,
    'vwap': 72.640069}, {   'close': 71.65,
    'high': 72.2099,
    'low': 68.3257,
    'open': 69.18,
    'symbol': 'VRT',
    'timestamp': datetime.datetime(2025, 4, 16, 4, 0, tzinfo=TzInfo(UTC)),
    'trade_count': 117426.0,
    'volume': 14542978.0,
    'vwap': 71.158988}, {   'close': 73.21,
    'high': 73.74,
    'low': 70.85,
    'open': 72.5,
    'symbol': 'VRT',
    'timestamp': datetime.datetime(2025, 4, 17, 4, 0, tzinfo=TzInfo(UTC)),
    'trade_count': 97164.0,
    'volume': 9295116.0,
    'vwap': 72.730425}, {   'close': 67.57,
    'high': 71.5,
    'low': 65.93,
    'open': 70.845,
    'symbol': 'VRT',
    'timestamp': datetime.datetime(2025, 4, 21, 4, 0, tzinfo=TzInfo(UTC)),
    'trade_count': 101107.0,
    'volume': 8511148.0,
    'vwap': 67.636798}, {   'close': 71.82,
    'high': 72.6,
    'low': 69.0,
    'open': 69.21,
    'symbol': 'VRT',
    'timestamp': datetime.datetime(2025, 4, 22, 4, 0, tzinfo=TzInfo(UTC)),
    'trade_count': 104594.0,
    'volume': 10427982.0,
    'vwap': 71.133023}, {   'close': 78.0,
    'high': 86.93,
    'low': 77.24,
    'open': 85.475,
    'symbol': 'VRT',
    'timestamp': datetime.datetime(2025, 4, 23, 4, 0, tzinfo=TzInfo(UTC)),
    'trade_count': 238303.0,
    'volume': 24253723.0,
    'vwap': 80.599759}, {   'close': 83.88,
    'high': 84.84,
    'low': 80.0,
    'open': 80.25,
    'symbol': 'VRT',
    'timestamp': datetime.datetime(2025, 4, 24, 4, 0, tzinfo=TzInfo(UTC)),
    'trade_count': 145966.0,
    'volume': 13734247.0,
    'vwap': 83.302378}, {   'close': 86.95,
    'high': 89.27,
    'low': 84.55,
    'open': 84.97,
    'symbol': 'VRT',
    'timestamp': datetime.datetime(2025, 4, 25, 4, 0, tzinfo=TzInfo(UTC)),
    'trade_count': 173248.0,
    'volume': 14314958.0,
    'vwap': 87.105826}, {   'close': 86.15,
    'high': 88.0,
    'low': 84.3339,
    'open': 86.95,
    'symbol': 'VRT',
    'timestamp': datetime.datetime(2025, 4, 28, 4, 0, tzinfo=TzInfo(UTC)),
    'trade_count': 105496.0,
    'volume': 8872003.0,
    'vwap': 86.044399}, {   'close': 86.19,
    'high': 87.4999,
    'low': 84.67,
    'open': 87.0,
    'symbol': 'VRT',
    'timestamp': datetime.datetime(2025, 4, 29, 4, 0, tzinfo=TzInfo(UTC)),
    'trade_count': 71126.0,
    'volume': 6317526.0,
    'vwap': 85.911595}, {   'close': 85.38,
    'high': 85.41,
    'low': 80.51,
    'open': 81.78,
    'symbol': 'VRT',
    'timestamp': datetime.datetime(2025, 4, 30, 4, 0, tzinfo=TzInfo(UTC)),
    'trade_count': 99643.0,
    'volume': 8979696.0,
    'vwap': 83.960448}, {   'close': 92.55,
    'high': 94.9299,
    'low': 91.165,
    'open': 91.64,
    'symbol': 'VRT',
    'timestamp': datetime.datetime(2025, 5, 1, 4, 0, tzinfo=TzInfo(UTC)),
    'trade_count': 186066.0,
    'volume': 16440665.0,
    'vwap': 92.933124}, {   'close': 95.0,
    'high': 96.99,
    'low': 93.0,
    'open': 94.11,
    'symbol': 'VRT',
    'timestamp': datetime.datetime(2025, 5, 2, 4, 0, tzinfo=TzInfo(UTC)),
    'trade_count': 118195.0,
    'volume': 9145565.0,
    'vwap': 95.389886}, {   'close': 94.83,
    'high': 95.79,
    'low': 92.95,
    'open': 93.11,
    'symbol': 'VRT',
    'timestamp': datetime.datetime(2025, 5, 5, 4, 0, tzinfo=TzInfo(UTC)),
    'trade_count': 83240.0,
    'volume': 6240221.0,
    'vwap': 94.811967}, {   'close': 93.48,
    'high': 93.95,
    'low': 91.81,
    'open': 91.94,
    'symbol': 'VRT',
    'timestamp': datetime.datetime(2025, 5, 6, 4, 0, tzinfo=TzInfo(UTC)),
    'trade_count': 86270.0,
    'volume': 6740361.0,
    'vwap': 93.15403}, {   'close': 95.52,
    'high': 95.65,
    'low': 91.84,
    'open': 92.9,
    'symbol': 'VRT',
    'timestamp': datetime.datetime(2025, 5, 7, 4, 0, tzinfo=TzInfo(UTC)),
    'trade_count': 134071.0,
    'volume': 10038595.0,
    'vwap': 94.101073}, {   'close': 95.74,
    'high': 97.28,
    'low': 94.87,
    'open': 96.95,
    'symbol': 'VRT',
    'timestamp': datetime.datetime(2025, 5, 8, 4, 0, tzinfo=TzInfo(UTC)),
    'trade_count': 89660.0,
    'volume': 7275919.0,
    'vwap': 96.137176}, {   'close': 94.06,
    'high': 96.94,
    'low': 92.13,
    'open': 96.06,
    'symbol': 'VRT',
    'timestamp': datetime.datetime(2025, 5, 9, 4, 0, tzinfo=TzInfo(UTC)),
    'trade_count': 90943.0,
    'volume': 6369796.0,
    'vwap': 93.720095}, {   'close': 101.05,
    'high': 101.75,
    'low': 99.44,
    'open': 101.1,
    'symbol': 'VRT',
    'timestamp': datetime.datetime(2025, 5, 12, 4, 0, tzinfo=TzInfo(UTC)),
    'trade_count': 121391.0,
    'volume': 8952162.0,
    'vwap': 100.57293}, {   'close': 105.58,
    'high': 107.69,
    'low': 100.9,
    'open': 101.07,
    'symbol': 'VRT',
    'timestamp': datetime.datetime(2025, 5, 13, 4, 0, tzinfo=TzInfo(UTC)),
    'trade_count': 127725.0,
    'volume': 8987202.0,
    'vwap': 105.649144}, {   'close': 109.48,
    'high': 109.95,
    'low': 106.82,
    'open': 108.55,
    'symbol': 'VRT',
    'timestamp': datetime.datetime(2025, 5, 14, 4, 0, tzinfo=TzInfo(UTC)),
    'trade_count': 133354.0,
    'volume': 9603501.0,
    'vwap': 108.78581}, {   'close': 105.38,
    'high': 108.18,
    'low': 105.19,
    'open': 105.8,
    'symbol': 'VRT',
    'timestamp': datetime.datetime(2025, 5, 15, 4, 0, tzinfo=TzInfo(UTC)),
    'trade_count': 89439.0,
    'volume': 6667546.0,
    'vwap': 106.313822}, {   'close': 106.04,
    'high': 106.34,
    'low': 103.96,
    'open': 106.155,
    'symbol': 'VRT',
    'timestamp': datetime.datetime(2025, 5, 16, 4, 0, tzinfo=TzInfo(UTC)),
    'trade_count': 75464.0,
    'volume': 5169974.0,
    'vwap': 105.567902}, {   'close': 106.4,
    'high': 106.75,
    'low': 102.56,
    'open': 103.0,
    'symbol': 'VRT',
    'timestamp': datetime.datetime(2025, 5, 19, 4, 0, tzinfo=TzInfo(UTC)),
    'trade_count': 66372.0,
    'volume': 4593498.0,
    'vwap': 105.772914}, {   'close': 106.39,
    'high': 106.84,
    'low': 105.02,
    'open': 105.37,
    'symbol': 'VRT',
    'timestamp': datetime.datetime(2025, 5, 20, 4, 0, tzinfo=TzInfo(UTC)),
    'trade_count': 62397.0,
    'volume': 4030741.0,
    'vwap': 106.088774}, {   'close': 103.61,
    'high': 107.0,
    'low': 102.57,
    'open': 104.29,
    'symbol': 'VRT',
    'timestamp': datetime.datetime(2025, 5, 21, 4, 0, tzinfo=TzInfo(UTC)),
    'trade_count': 81928.0,
    'volume': 5354885.0,
    'vwap': 104.583587}, {   'close': 104.2,
    'high': 105.29,
    'low': 101.11,
    'open': 102.7,
    'symbol': 'VRT',
    'timestamp': datetime.datetime(2025, 5, 22, 4, 0, tzinfo=TzInfo(UTC)),
    'trade_count': 64437.0,
    'volume': 3799972.0,
    'vwap': 103.98306}, {   'close': 104.14,
    'high': 105.15,
    'low': 101.0,
    'open': 101.36,
    'symbol': 'VRT',
    'timestamp': datetime.datetime(2025, 5, 23, 4, 0, tzinfo=TzInfo(UTC)),
    'trade_count': 71270.0,
    'volume': 3967381.0,
    'vwap': 103.566798}, {   'close': 109.79,
    'high': 110.18,
    'low': 106.3,
    'open': 107.52,
    'symbol': 'VRT',
    'timestamp': datetime.datetime(2025, 5, 27, 4, 0, tzinfo=TzInfo(UTC)),
    'trade_count': 90552.0,
    'volume': 6457211.0,
    'vwap': 109.110674}, {   'close': 109.22,
    'high': 109.52,
    'low': 107.05,
    'open': 108.8,
    'symbol': 'VRT',
    'timestamp': datetime.datetime(2025, 5, 28, 4, 0, tzinfo=TzInfo(UTC)),
    'trade_count': 90267.0,
    'volume': 5920495.0,
    'vwap': 108.670527}, {   'close': 108.47,
    'high': 114.34,
    'low': 107.05,
    'open': 113.81,
    'symbol': 'VRT',
    'timestamp': datetime.datetime(2025, 5, 29, 4, 0, tzinfo=TzInfo(UTC)),
    'trade_count': 87231.0,
    'volume': 5914417.0,
    'vwap': 109.232983}, {   'close': 107.93,
    'high': 107.97,
    'low': 104.71,
    'open': 107.305,
    'symbol': 'VRT',
    'timestamp': datetime.datetime(2025, 5, 30, 4, 0, tzinfo=TzInfo(UTC)),
    'trade_count': 78842.0,
    'volume': 6935573.0,
    'vwap': 107.222722}, {   'close': 109.23,
    'high': 109.38,
    'low': 105.68,
    'open': 108.0,
    'symbol': 'VRT',
    'timestamp': datetime.datetime(2025, 6, 2, 4, 0, tzinfo=TzInfo(UTC)),
    'trade_count': 64823.0,
    'volume': 4001759.0,
    'vwap': 108.318368}, {   'close': 112.34,
    'high': 115.35,
    'low': 110.62,
    'open': 111.2,
    'symbol': 'VRT',
    'timestamp': datetime.datetime(2025, 6, 3, 4, 0, tzinfo=TzInfo(UTC)),
    'trade_count': 120501.0,
    'volume': 8438159.0,
    'vwap': 112.988176}, {   'close': 112.85,
    'high': 115.65,
    'low': 112.7,
    'open': 113.32,
    'symbol': 'VRT',
    'timestamp': datetime.datetime(2025, 6, 4, 4, 0, tzinfo=TzInfo(UTC)),
    'trade_count': 79548.0,
    'volume': 5005743.0,
    'vwap': 113.826403}, {   'close': 112.22,
    'high': 114.1757,
    'low': 110.9564,
    'open': 113.97,
    'symbol': 'VRT',
    'timestamp': datetime.datetime(2025, 6, 5, 4, 0, tzinfo=TzInfo(UTC)),
    'trade_count': 79024.0,
    'volume': 4826880.0,
    'vwap': 112.62963}, {   'close': 115.36,
    'high': 116.62,
    'low': 114.2515,
    'open': 115.0,
    'symbol': 'VRT',
    'timestamp': datetime.datetime(2025, 6, 6, 4, 0, tzinfo=TzInfo(UTC)),
    'trade_count': 83186.0,
    'volume': 5377105.0,
    'vwap': 115.331918}, {   'close': 112.0,
    'high': 115.5,
    'low': 111.5,
    'open': 115.17,
    'symbol': 'VRT',
    'timestamp': datetime.datetime(2025, 6, 9, 4, 0, tzinfo=TzInfo(UTC)),
    'trade_count': 95601.0,
    'volume': 5820442.0,
    'vwap': 113.118935}, {   'close': 108.47,
    'high': 113.01,
    'low': 107.38,
    'open': 113.0,
    'symbol': 'VRT',
    'timestamp': datetime.datetime(2025, 6, 10, 4, 0, tzinfo=TzInfo(UTC)),
    'trade_count': 121460.0,
    'volume': 7573025.0,
    'vwap': 109.018509}, {   'close': 110.59,
    'high': 111.89,
    'low': 107.38,
    'open': 108.4,
    'symbol': 'VRT',
    'timestamp': datetime.datetime(2025, 6, 11, 4, 0, tzinfo=TzInfo(UTC)),
    'trade_count': 78777.0,
    'volume': 5560356.0,
    'vwap': 110.458237}, {   'close': 114.5,
    'high': 114.59,
    'low': 108.81,
    'open': 109.4,
    'symbol': 'VRT',
    'timestamp': datetime.datetime(2025, 6, 12, 4, 0, tzinfo=TzInfo(UTC)),
    'trade_count': 81812.0,
    'volume': 6778728.0,
    'vwap': 113.526014}, {   'close': 110.97,
    'high': 113.7084,
    'low': 110.3233,
    'open': 111.08,
    'symbol': 'VRT',
    'timestamp': datetime.datetime(2025, 6, 13, 4, 0, tzinfo=TzInfo(UTC)),
    'trade_count': 83951.0,
    'volume': 5900631.0,
    'vwap': 111.811629}]}
2025-06-15 20:49:42,174 - data_provider - DEBUG - Looking for symbol VRT in data
2025-06-15 20:49:42,174 - data_provider - DEBUG - Dict access result for VRT: Found
2025-06-15 20:49:42,320 - data_provider - DEBUG - API response type: <class 'alpaca.data.models.bars.BarSet'>
2025-06-15 20:49:42,320 - data_provider - DEBUG - API response dir: ['__abstractmethods__', '__annotations__', '__class__', '__class_getitem__', '__class_vars__', '__copy__', '__deepcopy__', '__delattr__', '__dict__', '__dir__', '__doc__', '__eq__', '__fields__', '__fields_set__', '__firstlineno__', '__format__', '__ge__', '__get_pydantic_core_schema__', '__get_pydantic_json_schema__', '__getattr__', '__getattribute__', '__getitem__', '__getstate__', '__gt__', '__hash__', '__init__', '__init_subclass__', '__iter__', '__le__', '__lt__', '__module__', '__ne__', '__new__', '__pretty__', '__private_attributes__', '__pydantic_complete__', '__pydantic_computed_fields__', '__pydantic_core_schema__', '__pydantic_custom_init__', '__pydantic_decorators__', '__pydantic_extra__', '__pydantic_fields__', '__pydantic_fields_set__', '__pydantic_generic_metadata__', '__pydantic_init_subclass__', '__pydantic_parent_namespace__', '__pydantic_post_init__', '__pydantic_private__', '__pydantic_root_model__', '__pydantic_serializer__', '__pydantic_setattr_handlers__', '__pydantic_validator__', '__reduce__', '__reduce_ex__', '__replace__', '__repr__', '__repr_args__', '__repr_name__', '__repr_recursion__', '__repr_str__', '__rich_repr__', '__setattr__', '__setstate__', '__signature__', '__sizeof__', '__slots__', '__static_attributes__', '__str__', '__subclasshook__', '__weakref__', '_abc_impl', '_calculate_keys', '_copy_and_set_values', '_get_value', '_iter', '_setattr_handler', 'construct', 'copy', 'data', 'df', 'dict', 'from_orm', 'json', 'model_computed_fields', 'model_config', 'model_construct', 'model_copy', 'model_dump', 'model_dump_json', 'model_extra', 'model_fields', 'model_fields_set', 'model_json_schema', 'model_parametrized_name', 'model_post_init', 'model_rebuild', 'model_validate', 'model_validate_json', 'model_validate_strings', 'parse_file', 'parse_obj', 'parse_raw', 'schema', 'schema_json', 'update_forward_refs', 'validate']
2025-06-15 20:49:42,320 - data_provider - DEBUG - Raw API response for symbol SQQQ: data={'SQQQ': [{   'close': 22.27,
    'high': 22.474,
    'low': 22.05,
    'open': 22.33,
    'symbol': 'SQQQ',
    'timestamp': datetime.datetime(2025, 6, 9, 4, 0, tzinfo=TzInfo(UTC)),
    'trade_count': 117285.0,
    'volume': 72014931.0,
    'vwap': 22.204224}, {   'close': 21.81,
    'high': 22.4999,
    'low': 21.74,
    'open': 22.22,
    'symbol': 'SQQQ',
    'timestamp': datetime.datetime(2025, 6, 10, 4, 0, tzinfo=TzInfo(UTC)),
    'trade_count': 144312.0,
    'volume': 76179109.0,
    'vwap': 22.052058}, {   'close': 22.06,
    'high': 22.34,
    'low': 21.52,
    'open': 21.67,
    'symbol': 'SQQQ',
    'timestamp': datetime.datetime(2025, 6, 11, 4, 0, tzinfo=TzInfo(UTC)),
    'trade_count': 187410.0,
    'volume': 105720798.0,
    'vwap': 21.884382}, {   'close': 21.92,
    'high': 22.27,
    'low': 21.79,
    'open': 22.24,
    'symbol': 'SQQQ',
    'timestamp': datetime.datetime(2025, 6, 12, 4, 0, tzinfo=TzInfo(UTC)),
    'trade_count': 153932.0,
    'volume': 89000882.0,
    'vwap': 21.964624}, {   'close': 22.76,
    'high': 22.92,
    'low': 22.17,
    'open': 22.69,
    'symbol': 'SQQQ',
    'timestamp': datetime.datetime(2025, 6, 13, 4, 0, tzinfo=TzInfo(UTC)),
    'trade_count': 251143.0,
    'volume': 150564828.0,
    'vwap': 22.561505}]}
2025-06-15 20:49:42,321 - data_provider - DEBUG - Using object response, data type: <class 'dict'>
2025-06-15 20:49:42,321 - data_provider - DEBUG - Data dir: ['__class__', '__class_getitem__', '__contains__', '__delattr__', '__delitem__', '__dir__', '__doc__', '__eq__', '__format__', '__ge__', '__getattribute__', '__getitem__', '__getstate__', '__gt__', '__hash__', '__init__', '__init_subclass__', '__ior__', '__iter__', '__le__', '__len__', '__lt__', '__ne__', '__new__', '__or__', '__reduce__', '__reduce_ex__', '__repr__', '__reversed__', '__ror__', '__setattr__', '__setitem__', '__sizeof__', '__str__', '__subclasshook__', 'clear', 'copy', 'fromkeys', 'get', 'items', 'keys', 'pop', 'popitem', 'setdefault', 'update', 'values']
2025-06-15 20:49:42,322 - data_provider - DEBUG - Data content for symbol SQQQ: {'SQQQ': [{   'close': 22.27,
    'high': 22.474,
    'low': 22.05,
    'open': 22.33,
    'symbol': 'SQQQ',
    'timestamp': datetime.datetime(2025, 6, 9, 4, 0, tzinfo=TzInfo(UTC)),
    'trade_count': 117285.0,
    'volume': 72014931.0,
    'vwap': 22.204224}, {   'close': 21.81,
    'high': 22.4999,
    'low': 21.74,
    'open': 22.22,
    'symbol': 'SQQQ',
    'timestamp': datetime.datetime(2025, 6, 10, 4, 0, tzinfo=TzInfo(UTC)),
    'trade_count': 144312.0,
    'volume': 76179109.0,
    'vwap': 22.052058}, {   'close': 22.06,
    'high': 22.34,
    'low': 21.52,
    'open': 21.67,
    'symbol': 'SQQQ',
    'timestamp': datetime.datetime(2025, 6, 11, 4, 0, tzinfo=TzInfo(UTC)),
    'trade_count': 187410.0,
    'volume': 105720798.0,
    'vwap': 21.884382}, {   'close': 21.92,
    'high': 22.27,
    'low': 21.79,
    'open': 22.24,
    'symbol': 'SQQQ',
    'timestamp': datetime.datetime(2025, 6, 12, 4, 0, tzinfo=TzInfo(UTC)),
    'trade_count': 153932.0,
    'volume': 89000882.0,
    'vwap': 21.964624}, {   'close': 22.76,
    'high': 22.92,
    'low': 22.17,
    'open': 22.69,
    'symbol': 'SQQQ',
    'timestamp': datetime.datetime(2025, 6, 13, 4, 0, tzinfo=TzInfo(UTC)),
    'trade_count': 251143.0,
    'volume': 150564828.0,
    'vwap': 22.561505}]}
2025-06-15 20:49:42,322 - data_provider - DEBUG - Looking for symbol SQQQ in data
2025-06-15 20:49:42,323 - data_provider - DEBUG - Dict access result for SQQQ: Found
2025-06-15 20:49:42,482 - data_provider - DEBUG - API response type: <class 'alpaca.data.models.bars.BarSet'>
2025-06-15 20:49:42,483 - data_provider - DEBUG - API response dir: ['__abstractmethods__', '__annotations__', '__class__', '__class_getitem__', '__class_vars__', '__copy__', '__deepcopy__', '__delattr__', '__dict__', '__dir__', '__doc__', '__eq__', '__fields__', '__fields_set__', '__firstlineno__', '__format__', '__ge__', '__get_pydantic_core_schema__', '__get_pydantic_json_schema__', '__getattr__', '__getattribute__', '__getitem__', '__getstate__', '__gt__', '__hash__', '__init__', '__init_subclass__', '__iter__', '__le__', '__lt__', '__module__', '__ne__', '__new__', '__pretty__', '__private_attributes__', '__pydantic_complete__', '__pydantic_computed_fields__', '__pydantic_core_schema__', '__pydantic_custom_init__', '__pydantic_decorators__', '__pydantic_extra__', '__pydantic_fields__', '__pydantic_fields_set__', '__pydantic_generic_metadata__', '__pydantic_init_subclass__', '__pydantic_parent_namespace__', '__pydantic_post_init__', '__pydantic_private__', '__pydantic_root_model__', '__pydantic_serializer__', '__pydantic_setattr_handlers__', '__pydantic_validator__', '__reduce__', '__reduce_ex__', '__replace__', '__repr__', '__repr_args__', '__repr_name__', '__repr_recursion__', '__repr_str__', '__rich_repr__', '__setattr__', '__setstate__', '__signature__', '__sizeof__', '__slots__', '__static_attributes__', '__str__', '__subclasshook__', '__weakref__', '_abc_impl', '_calculate_keys', '_copy_and_set_values', '_get_value', '_iter', '_setattr_handler', 'construct', 'copy', 'data', 'df', 'dict', 'from_orm', 'json', 'model_computed_fields', 'model_config', 'model_construct', 'model_copy', 'model_dump', 'model_dump_json', 'model_extra', 'model_fields', 'model_fields_set', 'model_json_schema', 'model_parametrized_name', 'model_post_init', 'model_rebuild', 'model_validate', 'model_validate_json', 'model_validate_strings', 'parse_file', 'parse_obj', 'parse_raw', 'schema', 'schema_json', 'update_forward_refs', 'validate']
2025-06-15 20:49:42,484 - data_provider - DEBUG - Raw API response for symbol SMR: data={'SMR': [{   'close': 35.24,
    'high': 35.5299,
    'low': 33.25,
    'open': 35.1,
    'symbol': 'SMR',
    'timestamp': datetime.datetime(2025, 6, 9, 4, 0, tzinfo=TzInfo(UTC)),
    'trade_count': 121497.0,
    'volume': 11572721.0,
    'vwap': 34.859175}, {   'close': 34.55,
    'high': 38.39,
    'low': 33.68,
    'open': 35.61,
    'symbol': 'SMR',
    'timestamp': datetime.datetime(2025, 6, 10, 4, 0, tzinfo=TzInfo(UTC)),
    'trade_count': 172314.0,
    'volume': 17364099.0,
    'vwap': 35.923822}, {   'close': 41.6,
    'high': 41.89,
    'low': 35.1,
    'open': 35.66,
    'symbol': 'SMR',
    'timestamp': datetime.datetime(2025, 6, 11, 4, 0, tzinfo=TzInfo(UTC)),
    'trade_count': 302605.0,
    'volume': 32819426.0,
    'vwap': 40.007406}, {   'close': 40.38,
    'high': 42.91,
    'low': 39.4,
    'open': 39.925,
    'symbol': 'SMR',
    'timestamp': datetime.datetime(2025, 6, 12, 4, 0, tzinfo=TzInfo(UTC)),
    'trade_count': 187846.0,
    'volume': 18131296.0,
    'vwap': 41.704648}, {   'close': 38.82,
    'high': 41.28,
    'low': 38.7,
    'open': 39.71,
    'symbol': 'SMR',
    'timestamp': datetime.datetime(2025, 6, 13, 4, 0, tzinfo=TzInfo(UTC)),
    'trade_count': 119255.0,
    'volume': 9816833.0,
    'vwap': 39.77668}]}
2025-06-15 20:49:42,485 - data_provider - DEBUG - Using object response, data type: <class 'dict'>
2025-06-15 20:49:42,485 - data_provider - DEBUG - Data dir: ['__class__', '__class_getitem__', '__contains__', '__delattr__', '__delitem__', '__dir__', '__doc__', '__eq__', '__format__', '__ge__', '__getattribute__', '__getitem__', '__getstate__', '__gt__', '__hash__', '__init__', '__init_subclass__', '__ior__', '__iter__', '__le__', '__len__', '__lt__', '__ne__', '__new__', '__or__', '__reduce__', '__reduce_ex__', '__repr__', '__reversed__', '__ror__', '__setattr__', '__setitem__', '__sizeof__', '__str__', '__subclasshook__', 'clear', 'copy', 'fromkeys', 'get', 'items', 'keys', 'pop', 'popitem', 'setdefault', 'update', 'values']
2025-06-15 20:49:42,485 - data_provider - DEBUG - Data content for symbol SMR: {'SMR': [{   'close': 35.24,
    'high': 35.5299,
    'low': 33.25,
    'open': 35.1,
    'symbol': 'SMR',
    'timestamp': datetime.datetime(2025, 6, 9, 4, 0, tzinfo=TzInfo(UTC)),
    'trade_count': 121497.0,
    'volume': 11572721.0,
    'vwap': 34.859175}, {   'close': 34.55,
    'high': 38.39,
    'low': 33.68,
    'open': 35.61,
    'symbol': 'SMR',
    'timestamp': datetime.datetime(2025, 6, 10, 4, 0, tzinfo=TzInfo(UTC)),
    'trade_count': 172314.0,
    'volume': 17364099.0,
    'vwap': 35.923822}, {   'close': 41.6,
    'high': 41.89,
    'low': 35.1,
    'open': 35.66,
    'symbol': 'SMR',
    'timestamp': datetime.datetime(2025, 6, 11, 4, 0, tzinfo=TzInfo(UTC)),
    'trade_count': 302605.0,
    'volume': 32819426.0,
    'vwap': 40.007406}, {   'close': 40.38,
    'high': 42.91,
    'low': 39.4,
    'open': 39.925,
    'symbol': 'SMR',
    'timestamp': datetime.datetime(2025, 6, 12, 4, 0, tzinfo=TzInfo(UTC)),
    'trade_count': 187846.0,
    'volume': 18131296.0,
    'vwap': 41.704648}, {   'close': 38.82,
    'high': 41.28,
    'low': 38.7,
    'open': 39.71,
    'symbol': 'SMR',
    'timestamp': datetime.datetime(2025, 6, 13, 4, 0, tzinfo=TzInfo(UTC)),
    'trade_count': 119255.0,
    'volume': 9816833.0,
    'vwap': 39.77668}]}
2025-06-15 20:49:42,486 - data_provider - DEBUG - Looking for symbol SMR in data
2025-06-15 20:49:42,486 - data_provider - DEBUG - Dict access result for SMR: Found
2025-06-15 20:49:42,640 - data_provider - DEBUG - API response type: <class 'alpaca.data.models.bars.BarSet'>
2025-06-15 20:49:42,641 - data_provider - DEBUG - API response dir: ['__abstractmethods__', '__annotations__', '__class__', '__class_getitem__', '__class_vars__', '__copy__', '__deepcopy__', '__delattr__', '__dict__', '__dir__', '__doc__', '__eq__', '__fields__', '__fields_set__', '__firstlineno__', '__format__', '__ge__', '__get_pydantic_core_schema__', '__get_pydantic_json_schema__', '__getattr__', '__getattribute__', '__getitem__', '__getstate__', '__gt__', '__hash__', '__init__', '__init_subclass__', '__iter__', '__le__', '__lt__', '__module__', '__ne__', '__new__', '__pretty__', '__private_attributes__', '__pydantic_complete__', '__pydantic_computed_fields__', '__pydantic_core_schema__', '__pydantic_custom_init__', '__pydantic_decorators__', '__pydantic_extra__', '__pydantic_fields__', '__pydantic_fields_set__', '__pydantic_generic_metadata__', '__pydantic_init_subclass__', '__pydantic_parent_namespace__', '__pydantic_post_init__', '__pydantic_private__', '__pydantic_root_model__', '__pydantic_serializer__', '__pydantic_setattr_handlers__', '__pydantic_validator__', '__reduce__', '__reduce_ex__', '__replace__', '__repr__', '__repr_args__', '__repr_name__', '__repr_recursion__', '__repr_str__', '__rich_repr__', '__setattr__', '__setstate__', '__signature__', '__sizeof__', '__slots__', '__static_attributes__', '__str__', '__subclasshook__', '__weakref__', '_abc_impl', '_calculate_keys', '_copy_and_set_values', '_get_value', '_iter', '_setattr_handler', 'construct', 'copy', 'data', 'df', 'dict', 'from_orm', 'json', 'model_computed_fields', 'model_config', 'model_construct', 'model_copy', 'model_dump', 'model_dump_json', 'model_extra', 'model_fields', 'model_fields_set', 'model_json_schema', 'model_parametrized_name', 'model_post_init', 'model_rebuild', 'model_validate', 'model_validate_json', 'model_validate_strings', 'parse_file', 'parse_obj', 'parse_raw', 'schema', 'schema_json', 'update_forward_refs', 'validate']
2025-06-15 20:49:42,642 - data_provider - DEBUG - Raw API response for symbol MRVL: data={'MRVL': [{   'close': 65.67,
    'high': 68.55,
    'low': 63.65,
    'open': 68.35,
    'symbol': 'MRVL',
    'timestamp': datetime.datetime(2025, 3, 10, 4, 0, tzinfo=TzInfo(UTC)),
    'trade_count': 288081.0,
    'volume': 32136390.0,
    'vwap': 65.262055}, {   'close': 67.16,
    'high': 69.0,
    'low': 65.3399,
    'open': 66.43,
    'symbol': 'MRVL',
    'timestamp': datetime.datetime(2025, 3, 11, 4, 0, tzinfo=TzInfo(UTC)),
    'trade_count': 215906.0,
    'volume': 23332999.0,
    'vwap': 67.328046}, {   'close': 69.85,
    'high': 71.33,
    'low': 68.6271,
    'open': 69.725,
    'symbol': 'MRVL',
    'timestamp': datetime.datetime(2025, 3, 12, 4, 0, tzinfo=TzInfo(UTC)),
    'trade_count': 214400.0,
    'volume': 20642643.0,
    'vwap': 69.770714}, {   'close': 68.76,
    'high': 71.58,
    'low': 67.65,
    'open': 69.73,
    'symbol': 'MRVL',
    'timestamp': datetime.datetime(2025, 3, 13, 4, 0, tzinfo=TzInfo(UTC)),
    'trade_count': 150475.0,
    'volume': 14947751.0,
    'vwap': 69.075982}, {   'close': 68.74,
    'high': 70.76,
    'low': 67.98,
    'open': 70.17,
    'symbol': 'MRVL',
    'timestamp': datetime.datetime(2025, 3, 14, 4, 0, tzinfo=TzInfo(UTC)),
    'trade_count': 156653.0,
    'volume': 15613084.0,
    'vwap': 69.006785}, {   'close': 70.4,
    'high': 70.57,
    'low': 68.5082,
    'open': 68.75,
    'symbol': 'MRVL',
    'timestamp': datetime.datetime(2025, 3, 17, 4, 0, tzinfo=TzInfo(UTC)),
    'trade_count': 144675.0,
    'volume': 13419361.0,
    'vwap': 69.932466}, {   'close': 68.28,
    'high': 69.945,
    'low': 67.76,
    'open': 69.62,
    'symbol': 'MRVL',
    'timestamp': datetime.datetime(2025, 3, 18, 4, 0, tzinfo=TzInfo(UTC)),
    'trade_count': 137287.0,
    'volume': 11613608.0,
    'vwap': 68.492567}, {   'close': 69.81,
    'high': 71.3699,
    'low': 67.99,
    'open': 68.53,
    'symbol': 'MRVL',
    'timestamp': datetime.datetime(2025, 3, 19, 4, 0, tzinfo=TzInfo(UTC)),
    'trade_count': 139890.0,
    'volume': 12228794.0,
    'vwap': 69.603574}, {   'close': 70.49,
    'high': 71.13,
    'low': 68.85,
    'open': 69.165,
    'symbol': 'MRVL',
    'timestamp': datetime.datetime(2025, 3, 20, 4, 0, tzinfo=TzInfo(UTC)),
    'trade_count': 113226.0,
    'volume': 9083011.0,
    'vwap': 70.392211}, {   'close': 70.39,
    'high': 70.79,
    'low': 68.4351,
    'open': 68.6,
    'symbol': 'MRVL',
    'timestamp': datetime.datetime(2025, 3, 21, 4, 0, tzinfo=TzInfo(UTC)),
    'trade_count': 122109.0,
    'volume': 11942265.0,
    'vwap': 69.862911}, {   'close': 72.76,
    'high': 72.92,
    'low': 71.058,
    'open': 71.4,
    'symbol': 'MRVL',
    'timestamp': datetime.datetime(2025, 3, 24, 4, 0, tzinfo=TzInfo(UTC)),
    'trade_count': 129620.0,
    'volume': 12185883.0,
    'vwap': 72.376512}, {   'close': 71.67,
    'high': 73.23,
    'low': 71.09,
    'open': 72.5,
    'symbol': 'MRVL',
    'timestamp': datetime.datetime(2025, 3, 25, 4, 0, tzinfo=TzInfo(UTC)),
    'trade_count': 121591.0,
    'volume': 9443098.0,
    'vwap': 71.85842}, {   'close': 66.76,
    'high': 71.2,
    'low': 65.8371,
    'open': 71.0,
    'symbol': 'MRVL',
    'timestamp': datetime.datetime(2025, 3, 26, 4, 0, tzinfo=TzInfo(UTC)),
    'trade_count': 231923.0,
    'volume': 19812649.0,
    'vwap': 67.316851}, {   'close': 64.86,
    'high': 66.63,
    'low': 63.92,
    'open': 66.06,
    'symbol': 'MRVL',
    'timestamp': datetime.datetime(2025, 3, 27, 4, 0, tzinfo=TzInfo(UTC)),
    'trade_count': 188058.0,
    'volume': 14956136.0,
    'vwap': 64.943002}, {   'close': 62.04,
    'high': 64.89,
    'low': 61.25,
    'open': 64.625,
    'symbol': 'MRVL',
    'timestamp': datetime.datetime(2025, 3, 28, 4, 0, tzinfo=TzInfo(UTC)),
    'trade_count': 212172.0,
    'volume': 18790374.0,
    'vwap': 62.189258}, {   'close': 61.57,
    'high': 61.66,
    'low': 59.24,
    'open': 60.375,
    'symbol': 'MRVL',
    'timestamp': datetime.datetime(2025, 3, 31, 4, 0, tzinfo=TzInfo(UTC)),
    'trade_count': 169583.0,
    'volume': 16032442.0,
    'vwap': 60.599785}, {   'close': 62.67,
    'high': 62.715,
    'low': 60.78,
    'open': 61.45,
    'symbol': 'MRVL',
    'timestamp': datetime.datetime(2025, 4, 1, 4, 0, tzinfo=TzInfo(UTC)),
    'trade_count': 136595.0,
    'volume': 12613337.0,
    'vwap': 61.927659}, {   'close': 63.23,
    'high': 64.73,
    'low': 61.46,
    'open': 61.5,
    'symbol': 'MRVL',
    'timestamp': datetime.datetime(2025, 4, 2, 4, 0, tzinfo=TzInfo(UTC)),
    'trade_count': 145042.0,
    'volume': 13138244.0,
    'vwap': 63.208261}, {   'close': 55.64,
    'high': 59.2999,
    'low': 55.42,
    'open': 58.635,
    'symbol': 'MRVL',
    'timestamp': datetime.datetime(2025, 4, 3, 4, 0, tzinfo=TzInfo(UTC)),
    'trade_count': 254535.0,
    'volume': 25212942.0,
    'vwap': 56.831899}, {   'close': 49.43,
    'high': 52.86,
    'low': 47.31,
    'open': 52.69,
    'symbol': 'MRVL',
    'timestamp': datetime.datetime(2025, 4, 4, 4, 0, tzinfo=TzInfo(UTC)),
    'trade_count': 387000.0,
    'volume': 37312973.0,
    'vwap': 49.76892}, {   'close': 51.0,
    'high': 55.02,
    'low': 47.085,
    'open': 47.455,
    'symbol': 'MRVL',
    'timestamp': datetime.datetime(2025, 4, 7, 4, 0, tzinfo=TzInfo(UTC)),
    'trade_count': 330508.0,
    'volume': 30875521.0,
    'vwap': 50.571691}, {   'close': 50.03,
    'high': 56.25,
    'low': 48.54,
    'open': 54.24,
    'symbol': 'MRVL',
    'timestamp': datetime.datetime(2025, 4, 8, 4, 0, tzinfo=TzInfo(UTC)),
    'trade_count': 309622.0,
    'volume': 32323330.0,
    'vwap': 52.488325}, {   'close': 60.96,
    'high': 61.3,
    'low': 49.71,
    'open': 50.29,
    'symbol': 'MRVL',
    'timestamp': datetime.datetime(2025, 4, 9, 4, 0, tzinfo=TzInfo(UTC)),
    'trade_count': 346276.0,
    'volume': 38030009.0,
    'vwap': 56.933536}, {   'close': 52.87,
    'high': 58.42,
    'low': 50.31,
    'open': 58.195,
    'symbol': 'MRVL',
    'timestamp': datetime.datetime(2025, 4, 10, 4, 0, tzinfo=TzInfo(UTC)),
    'trade_count': 341172.0,
    'volume': 34622059.0,
    'vwap': 53.683568}, {   'close': 53.39,
    'high': 53.39,
    'low': 51.4415,
    'open': 52.59,
    'symbol': 'MRVL',
    'timestamp': datetime.datetime(2025, 4, 11, 4, 0, tzinfo=TzInfo(UTC)),
    'trade_count': 179988.0,
    'volume': 17726834.0,
    'vwap': 52.673886}, {   'close': 52.26,
    'high': 56.0312,
    'low': 51.3401,
    'open': 55.845,
    'symbol': 'MRVL',
    'timestamp': datetime.datetime(2025, 4, 14, 4, 0, tzinfo=TzInfo(UTC)),
    'trade_count': 198966.0,
    'volume': 19412994.0,
    'vwap': 52.854474}, {   'close': 53.32,
    'high': 54.14,
    'low': 52.43,
    'open': 52.505,
    'symbol': 'MRVL',
    'timestamp': datetime.datetime(2025, 4, 15, 4, 0, tzinfo=TzInfo(UTC)),
    'trade_count': 119935.0,
    'volume': 11297368.0,
    'vwap': 53.247482}, {   'close': 51.93,
    'high': 52.44,
    'low': 49.7,
    'open': 50.475,
    'symbol': 'MRVL',
    'timestamp': datetime.datetime(2025, 4, 16, 4, 0, tzinfo=TzInfo(UTC)),
    'trade_count': 171688.0,
    'volume': 19820154.0,
    'vwap': 51.356676}, {   'close': 51.7,
    'high': 52.49,
    'low': 50.79,
    'open': 52.01,
    'symbol': 'MRVL',
    'timestamp': datetime.datetime(2025, 4, 17, 4, 0, tzinfo=TzInfo(UTC)),
    'trade_count': 121602.0,
    'volume': 12283476.0,
    'vwap': 51.580987}, {   'close': 49.38,
    'high': 50.71,
    'low': 48.09,
    'open': 50.3,
    'symbol': 'MRVL',
    'timestamp': datetime.datetime(2025, 4, 21, 4, 0, tzinfo=TzInfo(UTC)),
    'trade_count': 138474.0,
    'volume': 14037992.0,
    'vwap': 49.037231}, {   'close': 50.62,
    'high': 51.465,
    'low': 49.78,
    'open': 50.105,
    'symbol': 'MRVL',
    'timestamp': datetime.datetime(2025, 4, 22, 4, 0, tzinfo=TzInfo(UTC)),
    'trade_count': 135272.0,
    'volume': 15732394.0,
    'vwap': 50.567244}, {   'close': 53.77,
    'high': 55.95,
    'low': 53.3637,
    'open': 54.845,
    'symbol': 'MRVL',
    'timestamp': datetime.datetime(2025, 4, 23, 4, 0, tzinfo=TzInfo(UTC)),
    'trade_count': 184455.0,
    'volume': 18934594.0,
    'vwap': 54.522735}, {   'close': 57.33,
    'high': 57.9657,
    'low': 54.46,
    'open': 54.8,
    'symbol': 'MRVL',
    'timestamp': datetime.datetime(2025, 4, 24, 4, 0, tzinfo=TzInfo(UTC)),
    'trade_count': 187083.0,
    'volume': 21404785.0,
    'vwap': 57.162759}, {   'close': 58.92,
    'high': 59.26,
    'low': 56.76,
    'open': 56.98,
    'symbol': 'MRVL',
    'timestamp': datetime.datetime(2025, 4, 25, 4, 0, tzinfo=TzInfo(UTC)),
    'trade_count': 126479.0,
    'volume': 11929606.0,
    'vwap': 58.234511}, {   'close': 58.7,
    'high': 58.87,
    'low': 56.7,
    'open': 58.29,
    'symbol': 'MRVL',
    'timestamp': datetime.datetime(2025, 4, 28, 4, 0, tzinfo=TzInfo(UTC)),
    'trade_count': 124805.0,
    'volume': 13839981.0,
    'vwap': 58.052562}, {   'close': 58.68,
    'high': 59.7471,
    'low': 58.01,
    'open': 58.21,
    'symbol': 'MRVL',
    'timestamp': datetime.datetime(2025, 4, 29, 4, 0, tzinfo=TzInfo(UTC)),
    'trade_count': 110398.0,
    'volume': 14831858.0,
    'vwap': 58.810648}, {   'close': 58.37,
    'high': 58.435,
    'low': 55.86,
    'open': 56.28,
    'symbol': 'MRVL',
    'timestamp': datetime.datetime(2025, 4, 30, 4, 0, tzinfo=TzInfo(UTC)),
    'trade_count': 130093.0,
    'volume': 14316625.0,
    'vwap': 57.411379}, {   'close': 60.95,
    'high': 61.78,
    'low': 59.27,
    'open': 60.145,
    'symbol': 'MRVL',
    'timestamp': datetime.datetime(2025, 5, 1, 4, 0, tzinfo=TzInfo(UTC)),
    'trade_count': 170277.0,
    'volume': 17638207.0,
    'vwap': 60.971929}, {   'close': 62.33,
    'high': 63.43,
    'low': 61.97,
    'open': 62.2,
    'symbol': 'MRVL',
    'timestamp': datetime.datetime(2025, 5, 2, 4, 0, tzinfo=TzInfo(UTC)),
    'trade_count': 158779.0,
    'volume': 15638639.0,
    'vwap': 62.60083}, {   'close': 61.98,
    'high': 62.95,
    'low': 61.08,
    'open': 61.69,
    'symbol': 'MRVL',
    'timestamp': datetime.datetime(2025, 5, 5, 4, 0, tzinfo=TzInfo(UTC)),
    'trade_count': 94445.0,
    'volume': 9098876.0,
    'vwap': 62.084148}, {   'close': 61.22,
    'high': 61.84,
    'low': 59.97,
    'open': 60.37,
    'symbol': 'MRVL',
    'timestamp': datetime.datetime(2025, 5, 6, 4, 0, tzinfo=TzInfo(UTC)),
    'trade_count': 102593.0,
    'volume': 9818137.0,
    'vwap': 61.172443}, {   'close': 56.31,
    'high': 56.44,
    'low': 53.775,
    'open': 55.16,
    'symbol': 'MRVL',
    'timestamp': datetime.datetime(2025, 5, 7, 4, 0, tzinfo=TzInfo(UTC)),
    'trade_count': 355549.0,
    'volume': 40378122.0,
    'vwap': 55.034874}, {   'close': 57.63,
    'high': 59.03,
    'low': 56.6901,
    'open': 58.055,
    'symbol': 'MRVL',
    'timestamp': datetime.datetime(2025, 5, 8, 4, 0, tzinfo=TzInfo(UTC)),
    'trade_count': 184708.0,
    'volume': 18868845.0,
    'vwap': 57.901915}, {   'close': 59.65,
    'high': 60.87,
    'low': 59.14,
    'open': 59.85,
    'symbol': 'MRVL',
    'timestamp': datetime.datetime(2025, 5, 9, 4, 0, tzinfo=TzInfo(UTC)),
    'trade_count': 144020.0,
    'volume': 14698340.0,
    'vwap': 59.854928}, {   'close': 64.5,
    'high': 65.115,
    'low': 63.18,
    'open': 64.72,
    'symbol': 'MRVL',
    'timestamp': datetime.datetime(2025, 5, 12, 4, 0, tzinfo=TzInfo(UTC)),
    'trade_count': 198790.0,
    'volume': 20383053.0,
    'vwap': 64.223701}, {   'close': 65.48,
    'high': 67.04,
    'low': 64.4,
    'open': 65.045,
    'symbol': 'MRVL',
    'timestamp': datetime.datetime(2025, 5, 13, 4, 0, tzinfo=TzInfo(UTC)),
    'trade_count': 198195.0,
    'volume': 19733707.0,
    'vwap': 65.907847}, {   'close': 65.9,
    'high': 66.9192,
    'low': 64.95,
    'open': 66.65,
    'symbol': 'MRVL',
    'timestamp': datetime.datetime(2025, 5, 14, 4, 0, tzinfo=TzInfo(UTC)),
    'trade_count': 137789.0,
    'volume': 11472555.0,
    'vwap': 65.775078}, {   'close': 65.2,
    'high': 65.96,
    'low': 63.94,
    'open': 65.1,
    'symbol': 'MRVL',
    'timestamp': datetime.datetime(2025, 5, 15, 4, 0, tzinfo=TzInfo(UTC)),
    'trade_count': 120410.0,
    'volume': 9962475.0,
    'vwap': 64.934291}, {   'close': 63.76,
    'high': 65.14,
    'low': 63.5,
    'open': 65.095,
    'symbol': 'MRVL',
    'timestamp': datetime.datetime(2025, 5, 16, 4, 0, tzinfo=TzInfo(UTC)),
    'trade_count': 160769.0,
    'volume': 18712932.0,
    'vwap': 64.067691}, {   'close': 62.56,
    'high': 62.97,
    'low': 60.64,
    'open': 61.1,
    'symbol': 'MRVL',
    'timestamp': datetime.datetime(2025, 5, 19, 4, 0, tzinfo=TzInfo(UTC)),
    'trade_count': 171760.0,
    'volume': 20323530.0,
    'vwap': 62.303772}, {   'close': 61.42,
    'high': 61.42,
    'low': 59.8,
    'open': 60.95,
    'symbol': 'MRVL',
    'timestamp': datetime.datetime(2025, 5, 20, 4, 0, tzinfo=TzInfo(UTC)),
    'trade_count': 198924.0,
    'volume': 22326182.0,
    'vwap': 60.632071}, {   'close': 60.11,
    'high': 62.4458,
    'low': 59.68,
    'open': 60.945,
    'symbol': 'MRVL',
    'timestamp': datetime.datetime(2025, 5, 21, 4, 0, tzinfo=TzInfo(UTC)),
    'trade_count': 152955.0,
    'volume': 14022832.0,
    'vwap': 60.902756}, {   'close': 61.85,
    'high': 62.86,
    'low': 59.32,
    'open': 59.41,
    'symbol': 'MRVL',
    'timestamp': datetime.datetime(2025, 5, 22, 4, 0, tzinfo=TzInfo(UTC)),
    'trade_count': 164543.0,
    'volume': 16653149.0,
    'vwap': 61.772873}, {   'close': 60.69,
    'high': 61.3,
    'low': 59.999,
    'open': 60.15,
    'symbol': 'MRVL',
    'timestamp': datetime.datetime(2025, 5, 23, 4, 0, tzinfo=TzInfo(UTC)),
    'trade_count': 174136.0,
    'volume': 17443157.0,
    'vwap': 60.607451}, {   'close': 63.82,
    'high': 65.5199,
    'low': 62.46,
    'open': 62.94,
    'symbol': 'MRVL',
    'timestamp': datetime.datetime(2025, 5, 27, 4, 0, tzinfo=TzInfo(UTC)),
    'trade_count': 233374.0,
    'volume': 25511688.0,
    'vwap': 64.239073}, {   'close': 64.59,
    'high': 65.8999,
    'low': 64.5,
    'open': 64.8,
    'symbol': 'MRVL',
    'timestamp': datetime.datetime(2025, 5, 28, 4, 0, tzinfo=TzInfo(UTC)),
    'trade_count': 229765.0,
    'volume': 23421175.0,
    'vwap': 65.089451}, {   'close': 63.73,
    'high': 67.59,
    'low': 63.33,
    'open': 67.36,
    'symbol': 'MRVL',
    'timestamp': datetime.datetime(2025, 5, 29, 4, 0, tzinfo=TzInfo(UTC)),
    'trade_count': 369666.0,
    'volume': 39014692.0,
    'vwap': 64.185069}, {   'close': 60.19,
    'high': 60.9822,
    'low': 58.61,
    'open': 60.795,
    'symbol': 'MRVL',
    'timestamp': datetime.datetime(2025, 5, 30, 4, 0, tzinfo=TzInfo(UTC)),
    'trade_count': 378242.0,
    'volume': 48347484.0,
    'vwap': 59.867199}, {   'close': 61.47,
    'high': 62.3,
    'low': 59.53,
    'open': 59.745,
    'symbol': 'MRVL',
    'timestamp': datetime.datetime(2025, 6, 2, 4, 0, tzinfo=TzInfo(UTC)),
    'trade_count': 184665.0,
    'volume': 18270250.0,
    'vwap': 61.127637}, {   'close': 62.36,
    'high': 63.51,
    'low': 61.15,
    'open': 62.025,
    'symbol': 'MRVL',
    'timestamp': datetime.datetime(2025, 6, 3, 4, 0, tzinfo=TzInfo(UTC)),
    'trade_count': 173740.0,
    'volume': 19286571.0,
    'vwap': 62.493124}, {   'close': 66.3,
    'high': 67.03,
    'low': 61.86,
    'open': 63.04,
    'symbol': 'MRVL',
    'timestamp': datetime.datetime(2025, 6, 4, 4, 0, tzinfo=TzInfo(UTC)),
    'trade_count': 242729.0,
    'volume': 26990198.0,
    'vwap': 65.341203}, {   'close': 65.16,
    'high': 67.59,
    'low': 64.81,
    'open': 67.27,
    'symbol': 'MRVL',
    'timestamp': datetime.datetime(2025, 6, 5, 4, 0, tzinfo=TzInfo(UTC)),
    'trade_count': 238359.0,
    'volume': 23516955.0,
    'vwap': 66.222627}, {   'close': 68.35,
    'high': 69.78,
    'low': 66.31,
    'open': 66.965,
    'symbol': 'MRVL',
    'timestamp': datetime.datetime(2025, 6, 6, 4, 0, tzinfo=TzInfo(UTC)),
    'trade_count': 234630.0,
    'volume': 22926335.0,
    'vwap': 68.593527}, {   'close': 69.14,
    'high': 71.235,
    'low': 68.96,
    'open': 69.47,
    'symbol': 'MRVL',
    'timestamp': datetime.datetime(2025, 6, 9, 4, 0, tzinfo=TzInfo(UTC)),
    'trade_count': 210680.0,
    'volume': 19351772.0,
    'vwap': 69.75732}, {   'close': 68.84,
    'high': 70.58,
    'low': 68.0607,
    'open': 69.925,
    'symbol': 'MRVL',
    'timestamp': datetime.datetime(2025, 6, 10, 4, 0, tzinfo=TzInfo(UTC)),
    'trade_count': 142136.0,
    'volume': 14948718.0,
    'vwap': 68.926942}, {   'close': 68.24,
    'high': 70.24,
    'low': 67.64,
    'open': 69.39,
    'symbol': 'MRVL',
    'timestamp': datetime.datetime(2025, 6, 11, 4, 0, tzinfo=TzInfo(UTC)),
    'trade_count': 151912.0,
    'volume': 13885466.0,
    'vwap': 68.863283}, {   'close': 69.64,
    'high': 70.06,
    'low': 67.77,
    'open': 67.94,
    'symbol': 'MRVL',
    'timestamp': datetime.datetime(2025, 6, 12, 4, 0, tzinfo=TzInfo(UTC)),
    'trade_count': 144607.0,
    'volume': 11862640.0,
    'vwap': 69.314994}, {   'close': 67.19,
    'high': 68.965,
    'low': 66.97,
    'open': 68.06,
    'symbol': 'MRVL',
    'timestamp': datetime.datetime(2025, 6, 13, 4, 0, tzinfo=TzInfo(UTC)),
    'trade_count': 158113.0,
    'volume': 14159786.0,
    'vwap': 67.744387}]}
2025-06-15 20:49:42,654 - data_provider - DEBUG - Using object response, data type: <class 'dict'>
2025-06-15 20:49:42,654 - data_provider - DEBUG - Data dir: ['__class__', '__class_getitem__', '__contains__', '__delattr__', '__delitem__', '__dir__', '__doc__', '__eq__', '__format__', '__ge__', '__getattribute__', '__getitem__', '__getstate__', '__gt__', '__hash__', '__init__', '__init_subclass__', '__ior__', '__iter__', '__le__', '__len__', '__lt__', '__ne__', '__new__', '__or__', '__reduce__', '__reduce_ex__', '__repr__', '__reversed__', '__ror__', '__setattr__', '__setitem__', '__sizeof__', '__str__', '__subclasshook__', 'clear', 'copy', 'fromkeys', 'get', 'items', 'keys', 'pop', 'popitem', 'setdefault', 'update', 'values']
2025-06-15 20:49:42,654 - data_provider - DEBUG - Data content for symbol MRVL: {'MRVL': [{   'close': 65.67,
    'high': 68.55,
    'low': 63.65,
    'open': 68.35,
    'symbol': 'MRVL',
    'timestamp': datetime.datetime(2025, 3, 10, 4, 0, tzinfo=TzInfo(UTC)),
    'trade_count': 288081.0,
    'volume': 32136390.0,
    'vwap': 65.262055}, {   'close': 67.16,
    'high': 69.0,
    'low': 65.3399,
    'open': 66.43,
    'symbol': 'MRVL',
    'timestamp': datetime.datetime(2025, 3, 11, 4, 0, tzinfo=TzInfo(UTC)),
    'trade_count': 215906.0,
    'volume': 23332999.0,
    'vwap': 67.328046}, {   'close': 69.85,
    'high': 71.33,
    'low': 68.6271,
    'open': 69.725,
    'symbol': 'MRVL',
    'timestamp': datetime.datetime(2025, 3, 12, 4, 0, tzinfo=TzInfo(UTC)),
    'trade_count': 214400.0,
    'volume': 20642643.0,
    'vwap': 69.770714}, {   'close': 68.76,
    'high': 71.58,
    'low': 67.65,
    'open': 69.73,
    'symbol': 'MRVL',
    'timestamp': datetime.datetime(2025, 3, 13, 4, 0, tzinfo=TzInfo(UTC)),
    'trade_count': 150475.0,
    'volume': 14947751.0,
    'vwap': 69.075982}, {   'close': 68.74,
    'high': 70.76,
    'low': 67.98,
    'open': 70.17,
    'symbol': 'MRVL',
    'timestamp': datetime.datetime(2025, 3, 14, 4, 0, tzinfo=TzInfo(UTC)),
    'trade_count': 156653.0,
    'volume': 15613084.0,
    'vwap': 69.006785}, {   'close': 70.4,
    'high': 70.57,
    'low': 68.5082,
    'open': 68.75,
    'symbol': 'MRVL',
    'timestamp': datetime.datetime(2025, 3, 17, 4, 0, tzinfo=TzInfo(UTC)),
    'trade_count': 144675.0,
    'volume': 13419361.0,
    'vwap': 69.932466}, {   'close': 68.28,
    'high': 69.945,
    'low': 67.76,
    'open': 69.62,
    'symbol': 'MRVL',
    'timestamp': datetime.datetime(2025, 3, 18, 4, 0, tzinfo=TzInfo(UTC)),
    'trade_count': 137287.0,
    'volume': 11613608.0,
    'vwap': 68.492567}, {   'close': 69.81,
    'high': 71.3699,
    'low': 67.99,
    'open': 68.53,
    'symbol': 'MRVL',
    'timestamp': datetime.datetime(2025, 3, 19, 4, 0, tzinfo=TzInfo(UTC)),
    'trade_count': 139890.0,
    'volume': 12228794.0,
    'vwap': 69.603574}, {   'close': 70.49,
    'high': 71.13,
    'low': 68.85,
    'open': 69.165,
    'symbol': 'MRVL',
    'timestamp': datetime.datetime(2025, 3, 20, 4, 0, tzinfo=TzInfo(UTC)),
    'trade_count': 113226.0,
    'volume': 9083011.0,
    'vwap': 70.392211}, {   'close': 70.39,
    'high': 70.79,
    'low': 68.4351,
    'open': 68.6,
    'symbol': 'MRVL',
    'timestamp': datetime.datetime(2025, 3, 21, 4, 0, tzinfo=TzInfo(UTC)),
    'trade_count': 122109.0,
    'volume': 11942265.0,
    'vwap': 69.862911}, {   'close': 72.76,
    'high': 72.92,
    'low': 71.058,
    'open': 71.4,
    'symbol': 'MRVL',
    'timestamp': datetime.datetime(2025, 3, 24, 4, 0, tzinfo=TzInfo(UTC)),
    'trade_count': 129620.0,
    'volume': 12185883.0,
    'vwap': 72.376512}, {   'close': 71.67,
    'high': 73.23,
    'low': 71.09,
    'open': 72.5,
    'symbol': 'MRVL',
    'timestamp': datetime.datetime(2025, 3, 25, 4, 0, tzinfo=TzInfo(UTC)),
    'trade_count': 121591.0,
    'volume': 9443098.0,
    'vwap': 71.85842}, {   'close': 66.76,
    'high': 71.2,
    'low': 65.8371,
    'open': 71.0,
    'symbol': 'MRVL',
    'timestamp': datetime.datetime(2025, 3, 26, 4, 0, tzinfo=TzInfo(UTC)),
    'trade_count': 231923.0,
    'volume': 19812649.0,
    'vwap': 67.316851}, {   'close': 64.86,
    'high': 66.63,
    'low': 63.92,
    'open': 66.06,
    'symbol': 'MRVL',
    'timestamp': datetime.datetime(2025, 3, 27, 4, 0, tzinfo=TzInfo(UTC)),
    'trade_count': 188058.0,
    'volume': 14956136.0,
    'vwap': 64.943002}, {   'close': 62.04,
    'high': 64.89,
    'low': 61.25,
    'open': 64.625,
    'symbol': 'MRVL',
    'timestamp': datetime.datetime(2025, 3, 28, 4, 0, tzinfo=TzInfo(UTC)),
    'trade_count': 212172.0,
    'volume': 18790374.0,
    'vwap': 62.189258}, {   'close': 61.57,
    'high': 61.66,
    'low': 59.24,
    'open': 60.375,
    'symbol': 'MRVL',
    'timestamp': datetime.datetime(2025, 3, 31, 4, 0, tzinfo=TzInfo(UTC)),
    'trade_count': 169583.0,
    'volume': 16032442.0,
    'vwap': 60.599785}, {   'close': 62.67,
    'high': 62.715,
    'low': 60.78,
    'open': 61.45,
    'symbol': 'MRVL',
    'timestamp': datetime.datetime(2025, 4, 1, 4, 0, tzinfo=TzInfo(UTC)),
    'trade_count': 136595.0,
    'volume': 12613337.0,
    'vwap': 61.927659}, {   'close': 63.23,
    'high': 64.73,
    'low': 61.46,
    'open': 61.5,
    'symbol': 'MRVL',
    'timestamp': datetime.datetime(2025, 4, 2, 4, 0, tzinfo=TzInfo(UTC)),
    'trade_count': 145042.0,
    'volume': 13138244.0,
    'vwap': 63.208261}, {   'close': 55.64,
    'high': 59.2999,
    'low': 55.42,
    'open': 58.635,
    'symbol': 'MRVL',
    'timestamp': datetime.datetime(2025, 4, 3, 4, 0, tzinfo=TzInfo(UTC)),
    'trade_count': 254535.0,
    'volume': 25212942.0,
    'vwap': 56.831899}, {   'close': 49.43,
    'high': 52.86,
    'low': 47.31,
    'open': 52.69,
    'symbol': 'MRVL',
    'timestamp': datetime.datetime(2025, 4, 4, 4, 0, tzinfo=TzInfo(UTC)),
    'trade_count': 387000.0,
    'volume': 37312973.0,
    'vwap': 49.76892}, {   'close': 51.0,
    'high': 55.02,
    'low': 47.085,
    'open': 47.455,
    'symbol': 'MRVL',
    'timestamp': datetime.datetime(2025, 4, 7, 4, 0, tzinfo=TzInfo(UTC)),
    'trade_count': 330508.0,
    'volume': 30875521.0,
    'vwap': 50.571691}, {   'close': 50.03,
    'high': 56.25,
    'low': 48.54,
    'open': 54.24,
    'symbol': 'MRVL',
    'timestamp': datetime.datetime(2025, 4, 8, 4, 0, tzinfo=TzInfo(UTC)),
    'trade_count': 309622.0,
    'volume': 32323330.0,
    'vwap': 52.488325}, {   'close': 60.96,
    'high': 61.3,
    'low': 49.71,
    'open': 50.29,
    'symbol': 'MRVL',
    'timestamp': datetime.datetime(2025, 4, 9, 4, 0, tzinfo=TzInfo(UTC)),
    'trade_count': 346276.0,
    'volume': 38030009.0,
    'vwap': 56.933536}, {   'close': 52.87,
    'high': 58.42,
    'low': 50.31,
    'open': 58.195,
    'symbol': 'MRVL',
    'timestamp': datetime.datetime(2025, 4, 10, 4, 0, tzinfo=TzInfo(UTC)),
    'trade_count': 341172.0,
    'volume': 34622059.0,
    'vwap': 53.683568}, {   'close': 53.39,
    'high': 53.39,
    'low': 51.4415,
    'open': 52.59,
    'symbol': 'MRVL',
    'timestamp': datetime.datetime(2025, 4, 11, 4, 0, tzinfo=TzInfo(UTC)),
    'trade_count': 179988.0,
    'volume': 17726834.0,
    'vwap': 52.673886}, {   'close': 52.26,
    'high': 56.0312,
    'low': 51.3401,
    'open': 55.845,
    'symbol': 'MRVL',
    'timestamp': datetime.datetime(2025, 4, 14, 4, 0, tzinfo=TzInfo(UTC)),
    'trade_count': 198966.0,
    'volume': 19412994.0,
    'vwap': 52.854474}, {   'close': 53.32,
    'high': 54.14,
    'low': 52.43,
    'open': 52.505,
    'symbol': 'MRVL',
    'timestamp': datetime.datetime(2025, 4, 15, 4, 0, tzinfo=TzInfo(UTC)),
    'trade_count': 119935.0,
    'volume': 11297368.0,
    'vwap': 53.247482}, {   'close': 51.93,
    'high': 52.44,
    'low': 49.7,
    'open': 50.475,
    'symbol': 'MRVL',
    'timestamp': datetime.datetime(2025, 4, 16, 4, 0, tzinfo=TzInfo(UTC)),
    'trade_count': 171688.0,
    'volume': 19820154.0,
    'vwap': 51.356676}, {   'close': 51.7,
    'high': 52.49,
    'low': 50.79,
    'open': 52.01,
    'symbol': 'MRVL',
    'timestamp': datetime.datetime(2025, 4, 17, 4, 0, tzinfo=TzInfo(UTC)),
    'trade_count': 121602.0,
    'volume': 12283476.0,
    'vwap': 51.580987}, {   'close': 49.38,
    'high': 50.71,
    'low': 48.09,
    'open': 50.3,
    'symbol': 'MRVL',
    'timestamp': datetime.datetime(2025, 4, 21, 4, 0, tzinfo=TzInfo(UTC)),
    'trade_count': 138474.0,
    'volume': 14037992.0,
    'vwap': 49.037231}, {   'close': 50.62,
    'high': 51.465,
    'low': 49.78,
    'open': 50.105,
    'symbol': 'MRVL',
    'timestamp': datetime.datetime(2025, 4, 22, 4, 0, tzinfo=TzInfo(UTC)),
    'trade_count': 135272.0,
    'volume': 15732394.0,
    'vwap': 50.567244}, {   'close': 53.77,
    'high': 55.95,
    'low': 53.3637,
    'open': 54.845,
    'symbol': 'MRVL',
    'timestamp': datetime.datetime(2025, 4, 23, 4, 0, tzinfo=TzInfo(UTC)),
    'trade_count': 184455.0,
    'volume': 18934594.0,
    'vwap': 54.522735}, {   'close': 57.33,
    'high': 57.9657,
    'low': 54.46,
    'open': 54.8,
    'symbol': 'MRVL',
    'timestamp': datetime.datetime(2025, 4, 24, 4, 0, tzinfo=TzInfo(UTC)),
    'trade_count': 187083.0,
    'volume': 21404785.0,
    'vwap': 57.162759}, {   'close': 58.92,
    'high': 59.26,
    'low': 56.76,
    'open': 56.98,
    'symbol': 'MRVL',
    'timestamp': datetime.datetime(2025, 4, 25, 4, 0, tzinfo=TzInfo(UTC)),
    'trade_count': 126479.0,
    'volume': 11929606.0,
    'vwap': 58.234511}, {   'close': 58.7,
    'high': 58.87,
    'low': 56.7,
    'open': 58.29,
    'symbol': 'MRVL',
    'timestamp': datetime.datetime(2025, 4, 28, 4, 0, tzinfo=TzInfo(UTC)),
    'trade_count': 124805.0,
    'volume': 13839981.0,
    'vwap': 58.052562}, {   'close': 58.68,
    'high': 59.7471,
    'low': 58.01,
    'open': 58.21,
    'symbol': 'MRVL',
    'timestamp': datetime.datetime(2025, 4, 29, 4, 0, tzinfo=TzInfo(UTC)),
    'trade_count': 110398.0,
    'volume': 14831858.0,
    'vwap': 58.810648}, {   'close': 58.37,
    'high': 58.435,
    'low': 55.86,
    'open': 56.28,
    'symbol': 'MRVL',
    'timestamp': datetime.datetime(2025, 4, 30, 4, 0, tzinfo=TzInfo(UTC)),
    'trade_count': 130093.0,
    'volume': 14316625.0,
    'vwap': 57.411379}, {   'close': 60.95,
    'high': 61.78,
    'low': 59.27,
    'open': 60.145,
    'symbol': 'MRVL',
    'timestamp': datetime.datetime(2025, 5, 1, 4, 0, tzinfo=TzInfo(UTC)),
    'trade_count': 170277.0,
    'volume': 17638207.0,
    'vwap': 60.971929}, {   'close': 62.33,
    'high': 63.43,
    'low': 61.97,
    'open': 62.2,
    'symbol': 'MRVL',
    'timestamp': datetime.datetime(2025, 5, 2, 4, 0, tzinfo=TzInfo(UTC)),
    'trade_count': 158779.0,
    'volume': 15638639.0,
    'vwap': 62.60083}, {   'close': 61.98,
    'high': 62.95,
    'low': 61.08,
    'open': 61.69,
    'symbol': 'MRVL',
    'timestamp': datetime.datetime(2025, 5, 5, 4, 0, tzinfo=TzInfo(UTC)),
    'trade_count': 94445.0,
    'volume': 9098876.0,
    'vwap': 62.084148}, {   'close': 61.22,
    'high': 61.84,
    'low': 59.97,
    'open': 60.37,
    'symbol': 'MRVL',
    'timestamp': datetime.datetime(2025, 5, 6, 4, 0, tzinfo=TzInfo(UTC)),
    'trade_count': 102593.0,
    'volume': 9818137.0,
    'vwap': 61.172443}, {   'close': 56.31,
    'high': 56.44,
    'low': 53.775,
    'open': 55.16,
    'symbol': 'MRVL',
    'timestamp': datetime.datetime(2025, 5, 7, 4, 0, tzinfo=TzInfo(UTC)),
    'trade_count': 355549.0,
    'volume': 40378122.0,
    'vwap': 55.034874}, {   'close': 57.63,
    'high': 59.03,
    'low': 56.6901,
    'open': 58.055,
    'symbol': 'MRVL',
    'timestamp': datetime.datetime(2025, 5, 8, 4, 0, tzinfo=TzInfo(UTC)),
    'trade_count': 184708.0,
    'volume': 18868845.0,
    'vwap': 57.901915}, {   'close': 59.65,
    'high': 60.87,
    'low': 59.14,
    'open': 59.85,
    'symbol': 'MRVL',
    'timestamp': datetime.datetime(2025, 5, 9, 4, 0, tzinfo=TzInfo(UTC)),
    'trade_count': 144020.0,
    'volume': 14698340.0,
    'vwap': 59.854928}, {   'close': 64.5,
    'high': 65.115,
    'low': 63.18,
    'open': 64.72,
    'symbol': 'MRVL',
    'timestamp': datetime.datetime(2025, 5, 12, 4, 0, tzinfo=TzInfo(UTC)),
    'trade_count': 198790.0,
    'volume': 20383053.0,
    'vwap': 64.223701}, {   'close': 65.48,
    'high': 67.04,
    'low': 64.4,
    'open': 65.045,
    'symbol': 'MRVL',
    'timestamp': datetime.datetime(2025, 5, 13, 4, 0, tzinfo=TzInfo(UTC)),
    'trade_count': 198195.0,
    'volume': 19733707.0,
    'vwap': 65.907847}, {   'close': 65.9,
    'high': 66.9192,
    'low': 64.95,
    'open': 66.65,
    'symbol': 'MRVL',
    'timestamp': datetime.datetime(2025, 5, 14, 4, 0, tzinfo=TzInfo(UTC)),
    'trade_count': 137789.0,
    'volume': 11472555.0,
    'vwap': 65.775078}, {   'close': 65.2,
    'high': 65.96,
    'low': 63.94,
    'open': 65.1,
    'symbol': 'MRVL',
    'timestamp': datetime.datetime(2025, 5, 15, 4, 0, tzinfo=TzInfo(UTC)),
    'trade_count': 120410.0,
    'volume': 9962475.0,
    'vwap': 64.934291}, {   'close': 63.76,
    'high': 65.14,
    'low': 63.5,
    'open': 65.095,
    'symbol': 'MRVL',
    'timestamp': datetime.datetime(2025, 5, 16, 4, 0, tzinfo=TzInfo(UTC)),
    'trade_count': 160769.0,
    'volume': 18712932.0,
    'vwap': 64.067691}, {   'close': 62.56,
    'high': 62.97,
    'low': 60.64,
    'open': 61.1,
    'symbol': 'MRVL',
    'timestamp': datetime.datetime(2025, 5, 19, 4, 0, tzinfo=TzInfo(UTC)),
    'trade_count': 171760.0,
    'volume': 20323530.0,
    'vwap': 62.303772}, {   'close': 61.42,
    'high': 61.42,
    'low': 59.8,
    'open': 60.95,
    'symbol': 'MRVL',
    'timestamp': datetime.datetime(2025, 5, 20, 4, 0, tzinfo=TzInfo(UTC)),
    'trade_count': 198924.0,
    'volume': 22326182.0,
    'vwap': 60.632071}, {   'close': 60.11,
    'high': 62.4458,
    'low': 59.68,
    'open': 60.945,
    'symbol': 'MRVL',
    'timestamp': datetime.datetime(2025, 5, 21, 4, 0, tzinfo=TzInfo(UTC)),
    'trade_count': 152955.0,
    'volume': 14022832.0,
    'vwap': 60.902756}, {   'close': 61.85,
    'high': 62.86,
    'low': 59.32,
    'open': 59.41,
    'symbol': 'MRVL',
    'timestamp': datetime.datetime(2025, 5, 22, 4, 0, tzinfo=TzInfo(UTC)),
    'trade_count': 164543.0,
    'volume': 16653149.0,
    'vwap': 61.772873}, {   'close': 60.69,
    'high': 61.3,
    'low': 59.999,
    'open': 60.15,
    'symbol': 'MRVL',
    'timestamp': datetime.datetime(2025, 5, 23, 4, 0, tzinfo=TzInfo(UTC)),
    'trade_count': 174136.0,
    'volume': 17443157.0,
    'vwap': 60.607451}, {   'close': 63.82,
    'high': 65.5199,
    'low': 62.46,
    'open': 62.94,
    'symbol': 'MRVL',
    'timestamp': datetime.datetime(2025, 5, 27, 4, 0, tzinfo=TzInfo(UTC)),
    'trade_count': 233374.0,
    'volume': 25511688.0,
    'vwap': 64.239073}, {   'close': 64.59,
    'high': 65.8999,
    'low': 64.5,
    'open': 64.8,
    'symbol': 'MRVL',
    'timestamp': datetime.datetime(2025, 5, 28, 4, 0, tzinfo=TzInfo(UTC)),
    'trade_count': 229765.0,
    'volume': 23421175.0,
    'vwap': 65.089451}, {   'close': 63.73,
    'high': 67.59,
    'low': 63.33,
    'open': 67.36,
    'symbol': 'MRVL',
    'timestamp': datetime.datetime(2025, 5, 29, 4, 0, tzinfo=TzInfo(UTC)),
    'trade_count': 369666.0,
    'volume': 39014692.0,
    'vwap': 64.185069}, {   'close': 60.19,
    'high': 60.9822,
    'low': 58.61,
    'open': 60.795,
    'symbol': 'MRVL',
    'timestamp': datetime.datetime(2025, 5, 30, 4, 0, tzinfo=TzInfo(UTC)),
    'trade_count': 378242.0,
    'volume': 48347484.0,
    'vwap': 59.867199}, {   'close': 61.47,
    'high': 62.3,
    'low': 59.53,
    'open': 59.745,
    'symbol': 'MRVL',
    'timestamp': datetime.datetime(2025, 6, 2, 4, 0, tzinfo=TzInfo(UTC)),
    'trade_count': 184665.0,
    'volume': 18270250.0,
    'vwap': 61.127637}, {   'close': 62.36,
    'high': 63.51,
    'low': 61.15,
    'open': 62.025,
    'symbol': 'MRVL',
    'timestamp': datetime.datetime(2025, 6, 3, 4, 0, tzinfo=TzInfo(UTC)),
    'trade_count': 173740.0,
    'volume': 19286571.0,
    'vwap': 62.493124}, {   'close': 66.3,
    'high': 67.03,
    'low': 61.86,
    'open': 63.04,
    'symbol': 'MRVL',
    'timestamp': datetime.datetime(2025, 6, 4, 4, 0, tzinfo=TzInfo(UTC)),
    'trade_count': 242729.0,
    'volume': 26990198.0,
    'vwap': 65.341203}, {   'close': 65.16,
    'high': 67.59,
    'low': 64.81,
    'open': 67.27,
    'symbol': 'MRVL',
    'timestamp': datetime.datetime(2025, 6, 5, 4, 0, tzinfo=TzInfo(UTC)),
    'trade_count': 238359.0,
    'volume': 23516955.0,
    'vwap': 66.222627}, {   'close': 68.35,
    'high': 69.78,
    'low': 66.31,
    'open': 66.965,
    'symbol': 'MRVL',
    'timestamp': datetime.datetime(2025, 6, 6, 4, 0, tzinfo=TzInfo(UTC)),
    'trade_count': 234630.0,
    'volume': 22926335.0,
    'vwap': 68.593527}, {   'close': 69.14,
    'high': 71.235,
    'low': 68.96,
    'open': 69.47,
    'symbol': 'MRVL',
    'timestamp': datetime.datetime(2025, 6, 9, 4, 0, tzinfo=TzInfo(UTC)),
    'trade_count': 210680.0,
    'volume': 19351772.0,
    'vwap': 69.75732}, {   'close': 68.84,
    'high': 70.58,
    'low': 68.0607,
    'open': 69.925,
    'symbol': 'MRVL',
    'timestamp': datetime.datetime(2025, 6, 10, 4, 0, tzinfo=TzInfo(UTC)),
    'trade_count': 142136.0,
    'volume': 14948718.0,
    'vwap': 68.926942}, {   'close': 68.24,
    'high': 70.24,
    'low': 67.64,
    'open': 69.39,
    'symbol': 'MRVL',
    'timestamp': datetime.datetime(2025, 6, 11, 4, 0, tzinfo=TzInfo(UTC)),
    'trade_count': 151912.0,
    'volume': 13885466.0,
    'vwap': 68.863283}, {   'close': 69.64,
    'high': 70.06,
    'low': 67.77,
    'open': 67.94,
    'symbol': 'MRVL',
    'timestamp': datetime.datetime(2025, 6, 12, 4, 0, tzinfo=TzInfo(UTC)),
    'trade_count': 144607.0,
    'volume': 11862640.0,
    'vwap': 69.314994}, {   'close': 67.19,
    'high': 68.965,
    'low': 66.97,
    'open': 68.06,
    'symbol': 'MRVL',
    'timestamp': datetime.datetime(2025, 6, 13, 4, 0, tzinfo=TzInfo(UTC)),
    'trade_count': 158113.0,
    'volume': 14159786.0,
    'vwap': 67.744387}]}
2025-06-15 20:49:42,663 - data_provider - DEBUG - Looking for symbol MRVL in data
2025-06-15 20:49:42,663 - data_provider - DEBUG - Dict access result for MRVL: Found
2025-06-15 20:49:42,815 - data_provider - DEBUG - API response type: <class 'alpaca.data.models.bars.BarSet'>
2025-06-15 20:49:42,817 - data_provider - DEBUG - API response dir: ['__abstractmethods__', '__annotations__', '__class__', '__class_getitem__', '__class_vars__', '__copy__', '__deepcopy__', '__delattr__', '__dict__', '__dir__', '__doc__', '__eq__', '__fields__', '__fields_set__', '__firstlineno__', '__format__', '__ge__', '__get_pydantic_core_schema__', '__get_pydantic_json_schema__', '__getattr__', '__getattribute__', '__getitem__', '__getstate__', '__gt__', '__hash__', '__init__', '__init_subclass__', '__iter__', '__le__', '__lt__', '__module__', '__ne__', '__new__', '__pretty__', '__private_attributes__', '__pydantic_complete__', '__pydantic_computed_fields__', '__pydantic_core_schema__', '__pydantic_custom_init__', '__pydantic_decorators__', '__pydantic_extra__', '__pydantic_fields__', '__pydantic_fields_set__', '__pydantic_generic_metadata__', '__pydantic_init_subclass__', '__pydantic_parent_namespace__', '__pydantic_post_init__', '__pydantic_private__', '__pydantic_root_model__', '__pydantic_serializer__', '__pydantic_setattr_handlers__', '__pydantic_validator__', '__reduce__', '__reduce_ex__', '__replace__', '__repr__', '__repr_args__', '__repr_name__', '__repr_recursion__', '__repr_str__', '__rich_repr__', '__setattr__', '__setstate__', '__signature__', '__sizeof__', '__slots__', '__static_attributes__', '__str__', '__subclasshook__', '__weakref__', '_abc_impl', '_calculate_keys', '_copy_and_set_values', '_get_value', '_iter', '_setattr_handler', 'construct', 'copy', 'data', 'df', 'dict', 'from_orm', 'json', 'model_computed_fields', 'model_config', 'model_construct', 'model_copy', 'model_dump', 'model_dump_json', 'model_extra', 'model_fields', 'model_fields_set', 'model_json_schema', 'model_parametrized_name', 'model_post_init', 'model_rebuild', 'model_validate', 'model_validate_json', 'model_validate_strings', 'parse_file', 'parse_obj', 'parse_raw', 'schema', 'schema_json', 'update_forward_refs', 'validate']
2025-06-15 20:49:42,817 - data_provider - DEBUG - Raw API response for symbol GME: data={'GME': [{   'close': 26.78,
    'high': 26.99,
    'low': 26.18,
    'open': 26.3,
    'symbol': 'GME',
    'timestamp': datetime.datetime(2025, 5, 8, 4, 0, tzinfo=TzInfo(UTC)),
    'trade_count': 47591.0,
    'volume': 6521684.0,
    'vwap': 26.683291}, {   'close': 27.54,
    'high': 27.73,
    'low': 26.76,
    'open': 26.78,
    'symbol': 'GME',
    'timestamp': datetime.datetime(2025, 5, 9, 4, 0, tzinfo=TzInfo(UTC)),
    'trade_count': 65267.0,
    'volume': 7795212.0,
    'vwap': 27.429272}, {   'close': 28.05,
    'high': 28.18,
    'low': 27.285,
    'open': 28.06,
    'symbol': 'GME',
    'timestamp': datetime.datetime(2025, 5, 12, 4, 0, tzinfo=TzInfo(UTC)),
    'trade_count': 55682.0,
    'volume': 7395242.0,
    'vwap': 27.659026}, {   'close': 28.39,
    'high': 28.8599,
    'low': 28.05,
    'open': 28.05,
    'symbol': 'GME',
    'timestamp': datetime.datetime(2025, 5, 13, 4, 0, tzinfo=TzInfo(UTC)),
    'trade_count': 78707.0,
    'volume': 10365258.0,
    'vwap': 28.441198}, {   'close': 28.73,
    'high': 29.39,
    'low': 28.3,
    'open': 28.48,
    'symbol': 'GME',
    'timestamp': datetime.datetime(2025, 5, 14, 4, 0, tzinfo=TzInfo(UTC)),
    'trade_count': 89924.0,
    'volume': 14552315.0,
    'vwap': 28.859855}, {   'close': 28.63,
    'high': 28.64,
    'low': 27.42,
    'open': 28.58,
    'symbol': 'GME',
    'timestamp': datetime.datetime(2025, 5, 15, 4, 0, tzinfo=TzInfo(UTC)),
    'trade_count': 62944.0,
    'volume': 9364353.0,
    'vwap': 28.044336}, {   'close': 28.45,
    'high': 29.06,
    'low': 28.3,
    'open': 28.61,
    'symbol': 'GME',
    'timestamp': datetime.datetime(2025, 5, 16, 4, 0, tzinfo=TzInfo(UTC)),
    'trade_count': 50128.0,
    'volume': 6504447.0,
    'vwap': 28.599261}, {   'close': 27.89,
    'high': 28.2,
    'low': 27.69,
    'open': 27.75,
    'symbol': 'GME',
    'timestamp': datetime.datetime(2025, 5, 19, 4, 0, tzinfo=TzInfo(UTC)),
    'trade_count': 35431.0,
    'volume': 4223534.0,
    'vwap': 27.957146}, {   'close': 28.51,
    'high': 28.78,
    'low': 27.85,
    'open': 27.89,
    'symbol': 'GME',
    'timestamp': datetime.datetime(2025, 5, 20, 4, 0, tzinfo=TzInfo(UTC)),
    'trade_count': 42207.0,
    'volume': 4795105.0,
    'vwap': 28.379737}, {   'close': 28.05,
    'high': 29.19,
    'low': 28.0201,
    'open': 28.4,
    'symbol': 'GME',
    'timestamp': datetime.datetime(2025, 5, 21, 4, 0, tzinfo=TzInfo(UTC)),
    'trade_count': 55271.0,
    'volume': 8762022.0,
    'vwap': 28.612419}, {   'close': 30.86,
    'high': 31.0,
    'low': 28.49,
    'open': 28.55,
    'symbol': 'GME',
    'timestamp': datetime.datetime(2025, 5, 22, 4, 0, tzinfo=TzInfo(UTC)),
    'trade_count': 141218.0,
    'volume': 21451030.0,
    'vwap': 29.815202}, {   'close': 33.03,
    'high': 33.21,
    'low': 30.545,
    'open': 30.6,
    'symbol': 'GME',
    'timestamp': datetime.datetime(2025, 5, 23, 4, 0, tzinfo=TzInfo(UTC)),
    'trade_count': 206133.0,
    'volume': 30477595.0,
    'vwap': 32.134686}, {   'close': 35.01,
    'high': 35.74,
    'low': 33.63,
    'open': 33.97,
    'symbol': 'GME',
    'timestamp': datetime.datetime(2025, 5, 27, 4, 0, tzinfo=TzInfo(UTC)),
    'trade_count': 245636.0,
    'volume': 33217805.0,
    'vwap': 34.698627}, {   'close': 31.21,
    'high': 35.81,
    'low': 30.73,
    'open': 35.785,
    'symbol': 'GME',
    'timestamp': datetime.datetime(2025, 5, 28, 4, 0, tzinfo=TzInfo(UTC)),
    'trade_count': 326375.0,
    'volume': 45300350.0,
    'vwap': 32.461867}, {   'close': 29.57,
    'high': 31.35,
    'low': 29.32,
    'open': 31.17,
    'symbol': 'GME',
    'timestamp': datetime.datetime(2025, 5, 29, 4, 0, tzinfo=TzInfo(UTC)),
    'trade_count': 114599.0,
    'volume': 15887926.0,
    'vwap': 30.161982}, {   'close': 29.8,
    'high': 30.49,
    'low': 29.185,
    'open': 29.2,
    'symbol': 'GME',
    'timestamp': datetime.datetime(2025, 5, 30, 4, 0, tzinfo=TzInfo(UTC)),
    'trade_count': 76365.0,
    'volume': 10227796.0,
    'vwap': 29.887891}, {   'close': 30.64,
    'high': 30.88,
    'low': 29.73,
    'open': 29.87,
    'symbol': 'GME',
    'timestamp': datetime.datetime(2025, 6, 2, 4, 0, tzinfo=TzInfo(UTC)),
    'trade_count': 58454.0,
    'volume': 7430729.0,
    'vwap': 30.333556}, {   'close': 30.1,
    'high': 31.05,
    'low': 30.02,
    'open': 30.81,
    'symbol': 'GME',
    'timestamp': datetime.datetime(2025, 6, 3, 4, 0, tzinfo=TzInfo(UTC)),
    'trade_count': 51218.0,
    'volume': 6086532.0,
    'vwap': 30.515704}, {   'close': 29.95,
    'high': 30.97,
    'low': 29.34,
    'open': 29.9,
    'symbol': 'GME',
    'timestamp': datetime.datetime(2025, 6, 4, 4, 0, tzinfo=TzInfo(UTC)),
    'trade_count': 56627.0,
    'volume': 7313977.0,
    'vwap': 30.107121}, {   'close': 29.45,
    'high': 30.608,
    'low': 29.23,
    'open': 29.81,
    'symbol': 'GME',
    'timestamp': datetime.datetime(2025, 6, 5, 4, 0, tzinfo=TzInfo(UTC)),
    'trade_count': 53546.0,
    'volume': 6356776.0,
    'vwap': 29.9367}, {   'close': 29.58,
    'high': 30.0,
    'low': 29.52,
    'open': 29.68,
    'symbol': 'GME',
    'timestamp': datetime.datetime(2025, 6, 6, 4, 0, tzinfo=TzInfo(UTC)),
    'trade_count': 39557.0,
    'volume': 4379288.0,
    'vwap': 29.751035}, {   'close': 30.34,
    'high': 30.49,
    'low': 29.45,
    'open': 29.92,
    'symbol': 'GME',
    'timestamp': datetime.datetime(2025, 6, 9, 4, 0, tzinfo=TzInfo(UTC)),
    'trade_count': 57252.0,
    'volume': 5836161.0,
    'vwap': 29.899301}, {   'close': 30.15,
    'high': 30.6,
    'low': 29.66,
    'open': 30.54,
    'symbol': 'GME',
    'timestamp': datetime.datetime(2025, 6, 10, 4, 0, tzinfo=TzInfo(UTC)),
    'trade_count': 100732.0,
    'volume': 11974428.0,
    'vwap': 30.058606}, {   'close': 28.55,
    'high': 29.4138,
    'low': 28.42,
    'open': 29.02,
    'symbol': 'GME',
    'timestamp': datetime.datetime(2025, 6, 11, 4, 0, tzinfo=TzInfo(UTC)),
    'trade_count': 151141.0,
    'volume': 18039170.0,
    'vwap': 28.75748}, {   'close': 22.14,
    'high': 24.3,
    'low': 21.54,
    'open': 23.57,
    'symbol': 'GME',
    'timestamp': datetime.datetime(2025, 6, 12, 4, 0, tzinfo=TzInfo(UTC)),
    'trade_count': 875165.0,
    'volume': 172324520.0,
    'vwap': 22.3099}, {   'close': 22.14,
    'high': 23.15,
    'low': 22.1033,
    'open': 22.18,
    'symbol': 'GME',
    'timestamp': datetime.datetime(2025, 6, 13, 4, 0, tzinfo=TzInfo(UTC)),
    'trade_count': 222090.0,
    'volume': 59849893.0,
    'vwap': 22.675185}]}
2025-06-15 20:49:42,824 - data_provider - DEBUG - Using object response, data type: <class 'dict'>
2025-06-15 20:49:42,824 - data_provider - DEBUG - Data dir: ['__class__', '__class_getitem__', '__contains__', '__delattr__', '__delitem__', '__dir__', '__doc__', '__eq__', '__format__', '__ge__', '__getattribute__', '__getitem__', '__getstate__', '__gt__', '__hash__', '__init__', '__init_subclass__', '__ior__', '__iter__', '__le__', '__len__', '__lt__', '__ne__', '__new__', '__or__', '__reduce__', '__reduce_ex__', '__repr__', '__reversed__', '__ror__', '__setattr__', '__setitem__', '__sizeof__', '__str__', '__subclasshook__', 'clear', 'copy', 'fromkeys', 'get', 'items', 'keys', 'pop', 'popitem', 'setdefault', 'update', 'values']
2025-06-15 20:49:42,824 - data_provider - DEBUG - Data content for symbol GME: {'GME': [{   'close': 26.78,
    'high': 26.99,
    'low': 26.18,
    'open': 26.3,
    'symbol': 'GME',
    'timestamp': datetime.datetime(2025, 5, 8, 4, 0, tzinfo=TzInfo(UTC)),
    'trade_count': 47591.0,
    'volume': 6521684.0,
    'vwap': 26.683291}, {   'close': 27.54,
    'high': 27.73,
    'low': 26.76,
    'open': 26.78,
    'symbol': 'GME',
    'timestamp': datetime.datetime(2025, 5, 9, 4, 0, tzinfo=TzInfo(UTC)),
    'trade_count': 65267.0,
    'volume': 7795212.0,
    'vwap': 27.429272}, {   'close': 28.05,
    'high': 28.18,
    'low': 27.285,
    'open': 28.06,
    'symbol': 'GME',
    'timestamp': datetime.datetime(2025, 5, 12, 4, 0, tzinfo=TzInfo(UTC)),
    'trade_count': 55682.0,
    'volume': 7395242.0,
    'vwap': 27.659026}, {   'close': 28.39,
    'high': 28.8599,
    'low': 28.05,
    'open': 28.05,
    'symbol': 'GME',
    'timestamp': datetime.datetime(2025, 5, 13, 4, 0, tzinfo=TzInfo(UTC)),
    'trade_count': 78707.0,
    'volume': 10365258.0,
    'vwap': 28.441198}, {   'close': 28.73,
    'high': 29.39,
    'low': 28.3,
    'open': 28.48,
    'symbol': 'GME',
    'timestamp': datetime.datetime(2025, 5, 14, 4, 0, tzinfo=TzInfo(UTC)),
    'trade_count': 89924.0,
    'volume': 14552315.0,
    'vwap': 28.859855}, {   'close': 28.63,
    'high': 28.64,
    'low': 27.42,
    'open': 28.58,
    'symbol': 'GME',
    'timestamp': datetime.datetime(2025, 5, 15, 4, 0, tzinfo=TzInfo(UTC)),
    'trade_count': 62944.0,
    'volume': 9364353.0,
    'vwap': 28.044336}, {   'close': 28.45,
    'high': 29.06,
    'low': 28.3,
    'open': 28.61,
    'symbol': 'GME',
    'timestamp': datetime.datetime(2025, 5, 16, 4, 0, tzinfo=TzInfo(UTC)),
    'trade_count': 50128.0,
    'volume': 6504447.0,
    'vwap': 28.599261}, {   'close': 27.89,
    'high': 28.2,
    'low': 27.69,
    'open': 27.75,
    'symbol': 'GME',
    'timestamp': datetime.datetime(2025, 5, 19, 4, 0, tzinfo=TzInfo(UTC)),
    'trade_count': 35431.0,
    'volume': 4223534.0,
    'vwap': 27.957146}, {   'close': 28.51,
    'high': 28.78,
    'low': 27.85,
    'open': 27.89,
    'symbol': 'GME',
    'timestamp': datetime.datetime(2025, 5, 20, 4, 0, tzinfo=TzInfo(UTC)),
    'trade_count': 42207.0,
    'volume': 4795105.0,
    'vwap': 28.379737}, {   'close': 28.05,
    'high': 29.19,
    'low': 28.0201,
    'open': 28.4,
    'symbol': 'GME',
    'timestamp': datetime.datetime(2025, 5, 21, 4, 0, tzinfo=TzInfo(UTC)),
    'trade_count': 55271.0,
    'volume': 8762022.0,
    'vwap': 28.612419}, {   'close': 30.86,
    'high': 31.0,
    'low': 28.49,
    'open': 28.55,
    'symbol': 'GME',
    'timestamp': datetime.datetime(2025, 5, 22, 4, 0, tzinfo=TzInfo(UTC)),
    'trade_count': 141218.0,
    'volume': 21451030.0,
    'vwap': 29.815202}, {   'close': 33.03,
    'high': 33.21,
    'low': 30.545,
    'open': 30.6,
    'symbol': 'GME',
    'timestamp': datetime.datetime(2025, 5, 23, 4, 0, tzinfo=TzInfo(UTC)),
    'trade_count': 206133.0,
    'volume': 30477595.0,
    'vwap': 32.134686}, {   'close': 35.01,
    'high': 35.74,
    'low': 33.63,
    'open': 33.97,
    'symbol': 'GME',
    'timestamp': datetime.datetime(2025, 5, 27, 4, 0, tzinfo=TzInfo(UTC)),
    'trade_count': 245636.0,
    'volume': 33217805.0,
    'vwap': 34.698627}, {   'close': 31.21,
    'high': 35.81,
    'low': 30.73,
    'open': 35.785,
    'symbol': 'GME',
    'timestamp': datetime.datetime(2025, 5, 28, 4, 0, tzinfo=TzInfo(UTC)),
    'trade_count': 326375.0,
    'volume': 45300350.0,
    'vwap': 32.461867}, {   'close': 29.57,
    'high': 31.35,
    'low': 29.32,
    'open': 31.17,
    'symbol': 'GME',
    'timestamp': datetime.datetime(2025, 5, 29, 4, 0, tzinfo=TzInfo(UTC)),
    'trade_count': 114599.0,
    'volume': 15887926.0,
    'vwap': 30.161982}, {   'close': 29.8,
    'high': 30.49,
    'low': 29.185,
    'open': 29.2,
    'symbol': 'GME',
    'timestamp': datetime.datetime(2025, 5, 30, 4, 0, tzinfo=TzInfo(UTC)),
    'trade_count': 76365.0,
    'volume': 10227796.0,
    'vwap': 29.887891}, {   'close': 30.64,
    'high': 30.88,
    'low': 29.73,
    'open': 29.87,
    'symbol': 'GME',
    'timestamp': datetime.datetime(2025, 6, 2, 4, 0, tzinfo=TzInfo(UTC)),
    'trade_count': 58454.0,
    'volume': 7430729.0,
    'vwap': 30.333556}, {   'close': 30.1,
    'high': 31.05,
    'low': 30.02,
    'open': 30.81,
    'symbol': 'GME',
    'timestamp': datetime.datetime(2025, 6, 3, 4, 0, tzinfo=TzInfo(UTC)),
    'trade_count': 51218.0,
    'volume': 6086532.0,
    'vwap': 30.515704}, {   'close': 29.95,
    'high': 30.97,
    'low': 29.34,
    'open': 29.9,
    'symbol': 'GME',
    'timestamp': datetime.datetime(2025, 6, 4, 4, 0, tzinfo=TzInfo(UTC)),
    'trade_count': 56627.0,
    'volume': 7313977.0,
    'vwap': 30.107121}, {   'close': 29.45,
    'high': 30.608,
    'low': 29.23,
    'open': 29.81,
    'symbol': 'GME',
    'timestamp': datetime.datetime(2025, 6, 5, 4, 0, tzinfo=TzInfo(UTC)),
    'trade_count': 53546.0,
    'volume': 6356776.0,
    'vwap': 29.9367}, {   'close': 29.58,
    'high': 30.0,
    'low': 29.52,
    'open': 29.68,
    'symbol': 'GME',
    'timestamp': datetime.datetime(2025, 6, 6, 4, 0, tzinfo=TzInfo(UTC)),
    'trade_count': 39557.0,
    'volume': 4379288.0,
    'vwap': 29.751035}, {   'close': 30.34,
    'high': 30.49,
    'low': 29.45,
    'open': 29.92,
    'symbol': 'GME',
    'timestamp': datetime.datetime(2025, 6, 9, 4, 0, tzinfo=TzInfo(UTC)),
    'trade_count': 57252.0,
    'volume': 5836161.0,
    'vwap': 29.899301}, {   'close': 30.15,
    'high': 30.6,
    'low': 29.66,
    'open': 30.54,
    'symbol': 'GME',
    'timestamp': datetime.datetime(2025, 6, 10, 4, 0, tzinfo=TzInfo(UTC)),
    'trade_count': 100732.0,
    'volume': 11974428.0,
    'vwap': 30.058606}, {   'close': 28.55,
    'high': 29.4138,
    'low': 28.42,
    'open': 29.02,
    'symbol': 'GME',
    'timestamp': datetime.datetime(2025, 6, 11, 4, 0, tzinfo=TzInfo(UTC)),
    'trade_count': 151141.0,
    'volume': 18039170.0,
    'vwap': 28.75748}, {   'close': 22.14,
    'high': 24.3,
    'low': 21.54,
    'open': 23.57,
    'symbol': 'GME',
    'timestamp': datetime.datetime(2025, 6, 12, 4, 0, tzinfo=TzInfo(UTC)),
    'trade_count': 875165.0,
    'volume': 172324520.0,
    'vwap': 22.3099}, {   'close': 22.14,
    'high': 23.15,
    'low': 22.1033,
    'open': 22.18,
    'symbol': 'GME',
    'timestamp': datetime.datetime(2025, 6, 13, 4, 0, tzinfo=TzInfo(UTC)),
    'trade_count': 222090.0,
    'volume': 59849893.0,
    'vwap': 22.675185}]}
2025-06-15 20:49:42,828 - data_provider - DEBUG - Looking for symbol GME in data
2025-06-15 20:49:42,828 - data_provider - DEBUG - Dict access result for GME: Found
2025-06-15 20:49:42,998 - data_provider - DEBUG - API response type: <class 'alpaca.data.models.bars.BarSet'>
2025-06-15 20:49:43,000 - data_provider - DEBUG - API response dir: ['__abstractmethods__', '__annotations__', '__class__', '__class_getitem__', '__class_vars__', '__copy__', '__deepcopy__', '__delattr__', '__dict__', '__dir__', '__doc__', '__eq__', '__fields__', '__fields_set__', '__firstlineno__', '__format__', '__ge__', '__get_pydantic_core_schema__', '__get_pydantic_json_schema__', '__getattr__', '__getattribute__', '__getitem__', '__getstate__', '__gt__', '__hash__', '__init__', '__init_subclass__', '__iter__', '__le__', '__lt__', '__module__', '__ne__', '__new__', '__pretty__', '__private_attributes__', '__pydantic_complete__', '__pydantic_computed_fields__', '__pydantic_core_schema__', '__pydantic_custom_init__', '__pydantic_decorators__', '__pydantic_extra__', '__pydantic_fields__', '__pydantic_fields_set__', '__pydantic_generic_metadata__', '__pydantic_init_subclass__', '__pydantic_parent_namespace__', '__pydantic_post_init__', '__pydantic_private__', '__pydantic_root_model__', '__pydantic_serializer__', '__pydantic_setattr_handlers__', '__pydantic_validator__', '__reduce__', '__reduce_ex__', '__replace__', '__repr__', '__repr_args__', '__repr_name__', '__repr_recursion__', '__repr_str__', '__rich_repr__', '__setattr__', '__setstate__', '__signature__', '__sizeof__', '__slots__', '__static_attributes__', '__str__', '__subclasshook__', '__weakref__', '_abc_impl', '_calculate_keys', '_copy_and_set_values', '_get_value', '_iter', '_setattr_handler', 'construct', 'copy', 'data', 'df', 'dict', 'from_orm', 'json', 'model_computed_fields', 'model_config', 'model_construct', 'model_copy', 'model_dump', 'model_dump_json', 'model_extra', 'model_fields', 'model_fields_set', 'model_json_schema', 'model_parametrized_name', 'model_post_init', 'model_rebuild', 'model_validate', 'model_validate_json', 'model_validate_strings', 'parse_file', 'parse_obj', 'parse_raw', 'schema', 'schema_json', 'update_forward_refs', 'validate']
2025-06-15 20:49:43,000 - data_provider - DEBUG - Raw API response for symbol GME: data={}
2025-06-15 20:49:43,000 - data_provider - DEBUG - Using object response, data type: <class 'dict'>
2025-06-15 20:49:43,000 - data_provider - DEBUG - No data found for symbol GME
2025-06-15 20:49:43,161 - data_provider - DEBUG - API response type: <class 'alpaca.data.models.bars.BarSet'>
2025-06-15 20:49:43,162 - data_provider - DEBUG - API response dir: ['__abstractmethods__', '__annotations__', '__class__', '__class_getitem__', '__class_vars__', '__copy__', '__deepcopy__', '__delattr__', '__dict__', '__dir__', '__doc__', '__eq__', '__fields__', '__fields_set__', '__firstlineno__', '__format__', '__ge__', '__get_pydantic_core_schema__', '__get_pydantic_json_schema__', '__getattr__', '__getattribute__', '__getitem__', '__getstate__', '__gt__', '__hash__', '__init__', '__init_subclass__', '__iter__', '__le__', '__lt__', '__module__', '__ne__', '__new__', '__pretty__', '__private_attributes__', '__pydantic_complete__', '__pydantic_computed_fields__', '__pydantic_core_schema__', '__pydantic_custom_init__', '__pydantic_decorators__', '__pydantic_extra__', '__pydantic_fields__', '__pydantic_fields_set__', '__pydantic_generic_metadata__', '__pydantic_init_subclass__', '__pydantic_parent_namespace__', '__pydantic_post_init__', '__pydantic_private__', '__pydantic_root_model__', '__pydantic_serializer__', '__pydantic_setattr_handlers__', '__pydantic_validator__', '__reduce__', '__reduce_ex__', '__replace__', '__repr__', '__repr_args__', '__repr_name__', '__repr_recursion__', '__repr_str__', '__rich_repr__', '__setattr__', '__setstate__', '__signature__', '__sizeof__', '__slots__', '__static_attributes__', '__str__', '__subclasshook__', '__weakref__', '_abc_impl', '_calculate_keys', '_copy_and_set_values', '_get_value', '_iter', '_setattr_handler', 'construct', 'copy', 'data', 'df', 'dict', 'from_orm', 'json', 'model_computed_fields', 'model_config', 'model_construct', 'model_copy', 'model_dump', 'model_dump_json', 'model_extra', 'model_fields', 'model_fields_set', 'model_json_schema', 'model_parametrized_name', 'model_post_init', 'model_rebuild', 'model_validate', 'model_validate_json', 'model_validate_strings', 'parse_file', 'parse_obj', 'parse_raw', 'schema', 'schema_json', 'update_forward_refs', 'validate']
2025-06-15 20:49:43,163 - data_provider - DEBUG - Raw API response for symbol SATS: data={'SATS': [{   'close': 15.99,
    'high': 16.73,
    'low': 14.9,
    'open': 15.755,
    'symbol': 'SATS',
    'timestamp': datetime.datetime(2025, 6, 9, 4, 0, tzinfo=TzInfo(UTC)),
    'trade_count': 58879.0,
    'volume': 5978535.0,
    'vwap': 16.045006}, {   'close': 16.74,
    'high': 16.82,
    'low': 15.86,
    'open': 16.0,
    'symbol': 'SATS',
    'timestamp': datetime.datetime(2025, 6, 10, 4, 0, tzinfo=TzInfo(UTC)),
    'trade_count': 50442.0,
    'volume': 5098588.0,
    'vwap': 16.44688}, {   'close': 17.27,
    'high': 17.41,
    'low': 16.6,
    'open': 16.81,
    'symbol': 'SATS',
    'timestamp': datetime.datetime(2025, 6, 11, 4, 0, tzinfo=TzInfo(UTC)),
    'trade_count': 37090.0,
    'volume': 3287297.0,
    'vwap': 17.125923}, {   'close': 18.075,
    'high': 18.125,
    'low': 17.36,
    'open': 17.43,
    'symbol': 'SATS',
    'timestamp': datetime.datetime(2025, 6, 12, 4, 0, tzinfo=TzInfo(UTC)),
    'trade_count': 36669.0,
    'volume': 3632629.0,
    'vwap': 17.869845}, {   'close': 16.84,
    'high': 18.0,
    'low': 16.73,
    'open': 17.68,
    'symbol': 'SATS',
    'timestamp': datetime.datetime(2025, 6, 13, 4, 0, tzinfo=TzInfo(UTC)),
    'trade_count': 63194.0,
    'volume': 5894659.0,
    'vwap': 17.094899}]}
2025-06-15 20:49:43,164 - data_provider - DEBUG - Using object response, data type: <class 'dict'>
2025-06-15 20:49:43,164 - data_provider - DEBUG - Data dir: ['__class__', '__class_getitem__', '__contains__', '__delattr__', '__delitem__', '__dir__', '__doc__', '__eq__', '__format__', '__ge__', '__getattribute__', '__getitem__', '__getstate__', '__gt__', '__hash__', '__init__', '__init_subclass__', '__ior__', '__iter__', '__le__', '__len__', '__lt__', '__ne__', '__new__', '__or__', '__reduce__', '__reduce_ex__', '__repr__', '__reversed__', '__ror__', '__setattr__', '__setitem__', '__sizeof__', '__str__', '__subclasshook__', 'clear', 'copy', 'fromkeys', 'get', 'items', 'keys', 'pop', 'popitem', 'setdefault', 'update', 'values']
2025-06-15 20:49:43,164 - data_provider - DEBUG - Data content for symbol SATS: {'SATS': [{   'close': 15.99,
    'high': 16.73,
    'low': 14.9,
    'open': 15.755,
    'symbol': 'SATS',
    'timestamp': datetime.datetime(2025, 6, 9, 4, 0, tzinfo=TzInfo(UTC)),
    'trade_count': 58879.0,
    'volume': 5978535.0,
    'vwap': 16.045006}, {   'close': 16.74,
    'high': 16.82,
    'low': 15.86,
    'open': 16.0,
    'symbol': 'SATS',
    'timestamp': datetime.datetime(2025, 6, 10, 4, 0, tzinfo=TzInfo(UTC)),
    'trade_count': 50442.0,
    'volume': 5098588.0,
    'vwap': 16.44688}, {   'close': 17.27,
    'high': 17.41,
    'low': 16.6,
    'open': 16.81,
    'symbol': 'SATS',
    'timestamp': datetime.datetime(2025, 6, 11, 4, 0, tzinfo=TzInfo(UTC)),
    'trade_count': 37090.0,
    'volume': 3287297.0,
    'vwap': 17.125923}, {   'close': 18.075,
    'high': 18.125,
    'low': 17.36,
    'open': 17.43,
    'symbol': 'SATS',
    'timestamp': datetime.datetime(2025, 6, 12, 4, 0, tzinfo=TzInfo(UTC)),
    'trade_count': 36669.0,
    'volume': 3632629.0,
    'vwap': 17.869845}, {   'close': 16.84,
    'high': 18.0,
    'low': 16.73,
    'open': 17.68,
    'symbol': 'SATS',
    'timestamp': datetime.datetime(2025, 6, 13, 4, 0, tzinfo=TzInfo(UTC)),
    'trade_count': 63194.0,
    'volume': 5894659.0,
    'vwap': 17.094899}]}
2025-06-15 20:49:43,165 - data_provider - DEBUG - Looking for symbol SATS in data
2025-06-15 20:49:43,166 - data_provider - DEBUG - Dict access result for SATS: Found
2025-06-15 20:49:43,323 - data_provider - DEBUG - API response type: <class 'alpaca.data.models.bars.BarSet'>
2025-06-15 20:49:43,325 - data_provider - DEBUG - API response dir: ['__abstractmethods__', '__annotations__', '__class__', '__class_getitem__', '__class_vars__', '__copy__', '__deepcopy__', '__delattr__', '__dict__', '__dir__', '__doc__', '__eq__', '__fields__', '__fields_set__', '__firstlineno__', '__format__', '__ge__', '__get_pydantic_core_schema__', '__get_pydantic_json_schema__', '__getattr__', '__getattribute__', '__getitem__', '__getstate__', '__gt__', '__hash__', '__init__', '__init_subclass__', '__iter__', '__le__', '__lt__', '__module__', '__ne__', '__new__', '__pretty__', '__private_attributes__', '__pydantic_complete__', '__pydantic_computed_fields__', '__pydantic_core_schema__', '__pydantic_custom_init__', '__pydantic_decorators__', '__pydantic_extra__', '__pydantic_fields__', '__pydantic_fields_set__', '__pydantic_generic_metadata__', '__pydantic_init_subclass__', '__pydantic_parent_namespace__', '__pydantic_post_init__', '__pydantic_private__', '__pydantic_root_model__', '__pydantic_serializer__', '__pydantic_setattr_handlers__', '__pydantic_validator__', '__reduce__', '__reduce_ex__', '__replace__', '__repr__', '__repr_args__', '__repr_name__', '__repr_recursion__', '__repr_str__', '__rich_repr__', '__setattr__', '__setstate__', '__signature__', '__sizeof__', '__slots__', '__static_attributes__', '__str__', '__subclasshook__', '__weakref__', '_abc_impl', '_calculate_keys', '_copy_and_set_values', '_get_value', '_iter', '_setattr_handler', 'construct', 'copy', 'data', 'df', 'dict', 'from_orm', 'json', 'model_computed_fields', 'model_config', 'model_construct', 'model_copy', 'model_dump', 'model_dump_json', 'model_extra', 'model_fields', 'model_fields_set', 'model_json_schema', 'model_parametrized_name', 'model_post_init', 'model_rebuild', 'model_validate', 'model_validate_json', 'model_validate_strings', 'parse_file', 'parse_obj', 'parse_raw', 'schema', 'schema_json', 'update_forward_refs', 'validate']
2025-06-15 20:49:43,326 - data_provider - DEBUG - Raw API response for symbol COIN: data={'COIN': [{   'close': 256.63,
    'high': 258.25,
    'low': 252.4,
    'open': 255.66,
    'symbol': 'COIN',
    'timestamp': datetime.datetime(2025, 6, 9, 4, 0, tzinfo=TzInfo(UTC)),
    'trade_count': 124826.0,
    'volume': 6064774.0,
    'vwap': 255.350738}, {   'close': 254.94,
    'high': 262.4,
    'low': 251.63,
    'open': 258.875,
    'symbol': 'COIN',
    'timestamp': datetime.datetime(2025, 6, 10, 4, 0, tzinfo=TzInfo(UTC)),
    'trade_count': 113445.0,
    'volume': 5857966.0,
    'vwap': 256.168687}, {   'close': 250.68,
    'high': 259.9,
    'low': 249.06,
    'open': 257.21,
    'symbol': 'COIN',
    'timestamp': datetime.datetime(2025, 6, 11, 4, 0, tzinfo=TzInfo(UTC)),
    'trade_count': 127664.0,
    'volume': 5986082.0,
    'vwap': 253.805538}, {   'close': 241.05,
    'high': 247.75,
    'low': 239.3459,
    'open': 246.515,
    'symbol': 'COIN',
    'timestamp': datetime.datetime(2025, 6, 12, 4, 0, tzinfo=TzInfo(UTC)),
    'trade_count': 165618.0,
    'volume': 7725301.0,
    'vwap': 243.218756}, {   'close': 242.71,
    'high': 243.2,
    'low': 235.292,
    'open': 237.45,
    'symbol': 'COIN',
    'timestamp': datetime.datetime(2025, 6, 13, 4, 0, tzinfo=TzInfo(UTC)),
    'trade_count': 144491.0,
    'volume': 7062666.0,
    'vwap': 239.918433}]}
2025-06-15 20:49:43,327 - data_provider - DEBUG - Using object response, data type: <class 'dict'>
2025-06-15 20:49:43,327 - data_provider - DEBUG - Data dir: ['__class__', '__class_getitem__', '__contains__', '__delattr__', '__delitem__', '__dir__', '__doc__', '__eq__', '__format__', '__ge__', '__getattribute__', '__getitem__', '__getstate__', '__gt__', '__hash__', '__init__', '__init_subclass__', '__ior__', '__iter__', '__le__', '__len__', '__lt__', '__ne__', '__new__', '__or__', '__reduce__', '__reduce_ex__', '__repr__', '__reversed__', '__ror__', '__setattr__', '__setitem__', '__sizeof__', '__str__', '__subclasshook__', 'clear', 'copy', 'fromkeys', 'get', 'items', 'keys', 'pop', 'popitem', 'setdefault', 'update', 'values']
2025-06-15 20:49:43,327 - data_provider - DEBUG - Data content for symbol COIN: {'COIN': [{   'close': 256.63,
    'high': 258.25,
    'low': 252.4,
    'open': 255.66,
    'symbol': 'COIN',
    'timestamp': datetime.datetime(2025, 6, 9, 4, 0, tzinfo=TzInfo(UTC)),
    'trade_count': 124826.0,
    'volume': 6064774.0,
    'vwap': 255.350738}, {   'close': 254.94,
    'high': 262.4,
    'low': 251.63,
    'open': 258.875,
    'symbol': 'COIN',
    'timestamp': datetime.datetime(2025, 6, 10, 4, 0, tzinfo=TzInfo(UTC)),
    'trade_count': 113445.0,
    'volume': 5857966.0,
    'vwap': 256.168687}, {   'close': 250.68,
    'high': 259.9,
    'low': 249.06,
    'open': 257.21,
    'symbol': 'COIN',
    'timestamp': datetime.datetime(2025, 6, 11, 4, 0, tzinfo=TzInfo(UTC)),
    'trade_count': 127664.0,
    'volume': 5986082.0,
    'vwap': 253.805538}, {   'close': 241.05,
    'high': 247.75,
    'low': 239.3459,
    'open': 246.515,
    'symbol': 'COIN',
    'timestamp': datetime.datetime(2025, 6, 12, 4, 0, tzinfo=TzInfo(UTC)),
    'trade_count': 165618.0,
    'volume': 7725301.0,
    'vwap': 243.218756}, {   'close': 242.71,
    'high': 243.2,
    'low': 235.292,
    'open': 237.45,
    'symbol': 'COIN',
    'timestamp': datetime.datetime(2025, 6, 13, 4, 0, tzinfo=TzInfo(UTC)),
    'trade_count': 144491.0,
    'volume': 7062666.0,
    'vwap': 239.918433}]}
2025-06-15 20:49:43,329 - data_provider - DEBUG - Looking for symbol COIN in data
2025-06-15 20:49:43,329 - data_provider - DEBUG - Dict access result for COIN: Found
2025-06-15 20:49:43,489 - data_provider - DEBUG - API response type: <class 'alpaca.data.models.bars.BarSet'>
2025-06-15 20:49:43,490 - data_provider - DEBUG - API response dir: ['__abstractmethods__', '__annotations__', '__class__', '__class_getitem__', '__class_vars__', '__copy__', '__deepcopy__', '__delattr__', '__dict__', '__dir__', '__doc__', '__eq__', '__fields__', '__fields_set__', '__firstlineno__', '__format__', '__ge__', '__get_pydantic_core_schema__', '__get_pydantic_json_schema__', '__getattr__', '__getattribute__', '__getitem__', '__getstate__', '__gt__', '__hash__', '__init__', '__init_subclass__', '__iter__', '__le__', '__lt__', '__module__', '__ne__', '__new__', '__pretty__', '__private_attributes__', '__pydantic_complete__', '__pydantic_computed_fields__', '__pydantic_core_schema__', '__pydantic_custom_init__', '__pydantic_decorators__', '__pydantic_extra__', '__pydantic_fields__', '__pydantic_fields_set__', '__pydantic_generic_metadata__', '__pydantic_init_subclass__', '__pydantic_parent_namespace__', '__pydantic_post_init__', '__pydantic_private__', '__pydantic_root_model__', '__pydantic_serializer__', '__pydantic_setattr_handlers__', '__pydantic_validator__', '__reduce__', '__reduce_ex__', '__replace__', '__repr__', '__repr_args__', '__repr_name__', '__repr_recursion__', '__repr_str__', '__rich_repr__', '__setattr__', '__setstate__', '__signature__', '__sizeof__', '__slots__', '__static_attributes__', '__str__', '__subclasshook__', '__weakref__', '_abc_impl', '_calculate_keys', '_copy_and_set_values', '_get_value', '_iter', '_setattr_handler', 'construct', 'copy', 'data', 'df', 'dict', 'from_orm', 'json', 'model_computed_fields', 'model_config', 'model_construct', 'model_copy', 'model_dump', 'model_dump_json', 'model_extra', 'model_fields', 'model_fields_set', 'model_json_schema', 'model_parametrized_name', 'model_post_init', 'model_rebuild', 'model_validate', 'model_validate_json', 'model_validate_strings', 'parse_file', 'parse_obj', 'parse_raw', 'schema', 'schema_json', 'update_forward_refs', 'validate']
2025-06-15 20:49:43,490 - data_provider - DEBUG - Raw API response for symbol COIN: data={}
2025-06-15 20:49:43,491 - data_provider - DEBUG - Using object response, data type: <class 'dict'>
2025-06-15 20:49:43,491 - data_provider - DEBUG - No data found for symbol COIN
2025-06-15 20:49:43,649 - data_provider - DEBUG - API response type: <class 'alpaca.data.models.bars.BarSet'>
2025-06-15 20:49:43,649 - data_provider - DEBUG - API response dir: ['__abstractmethods__', '__annotations__', '__class__', '__class_getitem__', '__class_vars__', '__copy__', '__deepcopy__', '__delattr__', '__dict__', '__dir__', '__doc__', '__eq__', '__fields__', '__fields_set__', '__firstlineno__', '__format__', '__ge__', '__get_pydantic_core_schema__', '__get_pydantic_json_schema__', '__getattr__', '__getattribute__', '__getitem__', '__getstate__', '__gt__', '__hash__', '__init__', '__init_subclass__', '__iter__', '__le__', '__lt__', '__module__', '__ne__', '__new__', '__pretty__', '__private_attributes__', '__pydantic_complete__', '__pydantic_computed_fields__', '__pydantic_core_schema__', '__pydantic_custom_init__', '__pydantic_decorators__', '__pydantic_extra__', '__pydantic_fields__', '__pydantic_fields_set__', '__pydantic_generic_metadata__', '__pydantic_init_subclass__', '__pydantic_parent_namespace__', '__pydantic_post_init__', '__pydantic_private__', '__pydantic_root_model__', '__pydantic_serializer__', '__pydantic_setattr_handlers__', '__pydantic_validator__', '__reduce__', '__reduce_ex__', '__replace__', '__repr__', '__repr_args__', '__repr_name__', '__repr_recursion__', '__repr_str__', '__rich_repr__', '__setattr__', '__setstate__', '__signature__', '__sizeof__', '__slots__', '__static_attributes__', '__str__', '__subclasshook__', '__weakref__', '_abc_impl', '_calculate_keys', '_copy_and_set_values', '_get_value', '_iter', '_setattr_handler', 'construct', 'copy', 'data', 'df', 'dict', 'from_orm', 'json', 'model_computed_fields', 'model_config', 'model_construct', 'model_copy', 'model_dump', 'model_dump_json', 'model_extra', 'model_fields', 'model_fields_set', 'model_json_schema', 'model_parametrized_name', 'model_post_init', 'model_rebuild', 'model_validate', 'model_validate_json', 'model_validate_strings', 'parse_file', 'parse_obj', 'parse_raw', 'schema', 'schema_json', 'update_forward_refs', 'validate']
2025-06-15 20:49:43,649 - data_provider - DEBUG - Raw API response for symbol TSLA: data={'TSLA': [{   'close': 222.15,
    'high': 253.37,
    'low': 220.0,
    'open': 252.535,
    'symbol': 'TSLA',
    'timestamp': datetime.datetime(2025, 3, 10, 4, 0, tzinfo=TzInfo(UTC)),
    'trade_count': 2809174.0,
    'volume': 189076948.0,
    'vwap': 232.310131}, {   'close': 230.58,
    'high': 237.0649,
    'low': 217.02,
    'open': 225.305,
    'symbol': 'TSLA',
    'timestamp': datetime.datetime(2025, 3, 11, 4, 0, tzinfo=TzInfo(UTC)),
    'trade_count': 2439849.0,
    'volume': 174896415.0,
    'vwap': 229.314974}, {   'close': 248.09,
    'high': 251.84,
    'low': 241.1,
    'open': 247.22,
    'symbol': 'TSLA',
    'timestamp': datetime.datetime(2025, 3, 12, 4, 0, tzinfo=TzInfo(UTC)),
    'trade_count': 1874690.0,
    'volume': 142215681.0,
    'vwap': 247.456695}, {   'close': 240.68,
    'high': 248.29,
    'low': 232.6,
    'open': 248.125,
    'symbol': 'TSLA',
    'timestamp': datetime.datetime(2025, 3, 13, 4, 0, tzinfo=TzInfo(UTC)),
    'trade_count': 1536071.0,
    'volume': 114813525.0,
    'vwap': 238.628866}, {   'close': 249.98,
    'high': 251.58,
    'low': 240.73,
    'open': 247.31,
    'symbol': 'TSLA',
    'timestamp': datetime.datetime(2025, 3, 14, 4, 0, tzinfo=TzInfo(UTC)),
    'trade_count': 1280257.0,
    'volume': 100242264.0,
    'vwap': 247.210245}, {   'close': 238.01,
    'high': 245.4,
    'low': 232.8,
    'open': 245.055,
    'symbol': 'TSLA',
    'timestamp': datetime.datetime(2025, 3, 17, 4, 0, tzinfo=TzInfo(UTC)),
    'trade_count': 1489431.0,
    'volume': 111900565.0,
    'vwap': 238.132321}, {   'close': 225.31,
    'high': 230.1,
    'low': 222.28,
    'open': 228.155,
    'symbol': 'TSLA',
    'timestamp': datetime.datetime(2025, 3, 18, 4, 0, tzinfo=TzInfo(UTC)),
    'trade_count': 1521430.0,
    'volume': 111477636.0,
    'vwap': 225.928552}, {   'close': 235.86,
    'high': 241.41,
    'low': 229.201,
    'open': 231.61,
    'symbol': 'TSLA',
    'timestamp': datetime.datetime(2025, 3, 19, 4, 0, tzinfo=TzInfo(UTC)),
    'trade_count': 1335644.0,
    'volume': 111991788.0,
    'vwap': 234.486109}, {   'close': 236.26,
    'high': 238.0,
    'low': 230.0501,
    'open': 233.345,
    'symbol': 'TSLA',
    'timestamp': datetime.datetime(2025, 3, 20, 4, 0, tzinfo=TzInfo(UTC)),
    'trade_count': 1223405.0,
    'volume': 99028270.0,
    'vwap': 234.324104}, {   'close': 248.71,
    'high': 249.52,
    'low': 234.55,
    'open': 234.985,
    'symbol': 'TSLA',
    'timestamp': datetime.datetime(2025, 3, 21, 4, 0, tzinfo=TzInfo(UTC)),
    'trade_count': 1468859.0,
    'volume': 132728684.0,
    'vwap': 243.518246}, {   'close': 278.39,
    'high': 278.64,
    'low': 256.33,
    'open': 258.075,
    'symbol': 'TSLA',
    'timestamp': datetime.datetime(2025, 3, 24, 4, 0, tzinfo=TzInfo(UTC)),
    'trade_count': 2140074.0,
    'volume': 169079865.0,
    'vwap': 271.801762}, {   'close': 288.14,
    'high': 288.2,
    'low': 271.28,
    'open': 283.6,
    'symbol': 'TSLA',
    'timestamp': datetime.datetime(2025, 3, 25, 4, 0, tzinfo=TzInfo(UTC)),
    'trade_count': 1953630.0,
    'volume': 150361538.0,
    'vwap': 279.24187}, {   'close': 272.06,
    'high': 284.9,
    'low': 266.51,
    'open': 282.66,
    'symbol': 'TSLA',
    'timestamp': datetime.datetime(2025, 3, 26, 4, 0, tzinfo=TzInfo(UTC)),
    'trade_count': 1896601.0,
    'volume': 156254441.0,
    'vwap': 274.400472}, {   'close': 273.13,
    'high': 291.85,
    'low': 271.8216,
    'open': 272.48,
    'symbol': 'TSLA',
    'timestamp': datetime.datetime(2025, 3, 27, 4, 0, tzinfo=TzInfo(UTC)),
    'trade_count': 1941634.0,
    'volume': 162572146.0,
    'vwap': 280.264619}, {   'close': 263.55,
    'high': 276.1,
    'low': 260.57,
    'open': 275.575,
    'symbol': 'TSLA',
    'timestamp': datetime.datetime(2025, 3, 28, 4, 0, tzinfo=TzInfo(UTC)),
    'trade_count': 1578132.0,
    'volume': 123809389.0,
    'vwap': 265.805682}, {   'close': 259.16,
    'high': 260.56,
    'low': 243.3601,
    'open': 249.31,
    'symbol': 'TSLA',
    'timestamp': datetime.datetime(2025, 3, 31, 4, 0, tzinfo=TzInfo(UTC)),
    'trade_count': 1661129.0,
    'volume': 134008936.0,
    'vwap': 252.69498}, {   'close': 268.46,
    'high': 277.45,
    'low': 259.25,
    'open': 263.8,
    'symbol': 'TSLA',
    'timestamp': datetime.datetime(2025, 4, 1, 4, 0, tzinfo=TzInfo(UTC)),
    'trade_count': 1965296.0,
    'volume': 146486911.0,
    'vwap': 270.125037}, {   'close': 282.76,
    'high': 284.99,
    'low': 251.27,
    'open': 254.6,
    'symbol': 'TSLA',
    'timestamp': datetime.datetime(2025, 4, 2, 4, 0, tzinfo=TzInfo(UTC)),
    'trade_count': 2716691.0,
    'volume': 212787817.0,
    'vwap': 274.361909}, {   'close': 267.28,
    'high': 276.3,
    'low': 261.51,
    'open': 265.29,
    'symbol': 'TSLA',
    'timestamp': datetime.datetime(2025, 4, 3, 4, 0, tzinfo=TzInfo(UTC)),
    'trade_count': 1807953.0,
    'volume': 136174249.0,
    'vwap': 268.141151}, {   'close': 239.43,
    'high': 261.0,
    'low': 236.0,
    'open': 255.38,
    'symbol': 'TSLA',
    'timestamp': datetime.datetime(2025, 4, 4, 4, 0, tzinfo=TzInfo(UTC)),
    'trade_count': 2734593.0,
    'volume': 181229079.0,
    'vwap': 244.356308}, {   'close': 233.29,
    'high': 252.0,
    'low': 214.25,
    'open': 223.78,
    'symbol': 'TSLA',
    'timestamp': datetime.datetime(2025, 4, 7, 4, 0, tzinfo=TzInfo(UTC)),
    'trade_count': 2843798.0,
    'volume': 183453776.0,
    'vwap': 230.198623}, {   'close': 221.86,
    'high': 250.44,
    'low': 217.8,
    'open': 245.0,
    'symbol': 'TSLA',
    'timestamp': datetime.datetime(2025, 4, 8, 4, 0, tzinfo=TzInfo(UTC)),
    'trade_count': 2360023.0,
    'volume': 171586762.0,
    'vwap': 235.466454}, {   'close': 272.2,
    'high': 274.69,
    'low': 223.88,
    'open': 224.69,
    'symbol': 'TSLA',
    'timestamp': datetime.datetime(2025, 4, 9, 4, 0, tzinfo=TzInfo(UTC)),
    'trade_count': 2862321.0,
    'volume': 219413231.0,
    'vwap': 249.494756}, {   'close': 252.4,
    'high': 262.49,
    'low': 239.33,
    'open': 260.0,
    'symbol': 'TSLA',
    'timestamp': datetime.datetime(2025, 4, 10, 4, 0, tzinfo=TzInfo(UTC)),
    'trade_count': 2332728.0,
    'volume': 181722604.0,
    'vwap': 250.851654}, {   'close': 252.31,
    'high': 257.74,
    'low': 241.3629,
    'open': 251.84,
    'symbol': 'TSLA',
    'timestamp': datetime.datetime(2025, 4, 11, 4, 0, tzinfo=TzInfo(UTC)),
    'trade_count': 1584325.0,
    'volume': 128948085.0,
    'vwap': 248.452539}, {   'close': 252.35,
    'high': 261.8,
    'low': 245.93,
    'open': 258.36,
    'symbol': 'TSLA',
    'timestamp': datetime.datetime(2025, 4, 14, 4, 0, tzinfo=TzInfo(UTC)),
    'trade_count': 1321953.0,
    'volume': 100135241.0,
    'vwap': 252.627362}, {   'close': 254.11,
    'high': 258.75,
    'low': 247.54,
    'open': 249.91,
    'symbol': 'TSLA',
    'timestamp': datetime.datetime(2025, 4, 15, 4, 0, tzinfo=TzInfo(UTC)),
    'trade_count': 970817.0,
    'volume': 79594318.0,
    'vwap': 254.232462}, {   'close': 241.55,
    'high': 251.97,
    'low': 233.89,
    'open': 247.61,
    'symbol': 'TSLA',
    'timestamp': datetime.datetime(2025, 4, 16, 4, 0, tzinfo=TzInfo(UTC)),
    'trade_count': 1349129.0,
    'volume': 112378737.0,
    'vwap': 243.577152}, {   'close': 241.37,
    'high': 244.34,
    'low': 237.6833,
    'open': 243.47,
    'symbol': 'TSLA',
    'timestamp': datetime.datetime(2025, 4, 17, 4, 0, tzinfo=TzInfo(UTC)),
    'trade_count': 910557.0,
    'volume': 83403802.0,
    'vwap': 240.942114}, {   'close': 227.5,
    'high': 232.21,
    'low': 222.79,
    'open': 230.26,
    'symbol': 'TSLA',
    'timestamp': datetime.datetime(2025, 4, 21, 4, 0, tzinfo=TzInfo(UTC)),
    'trade_count': 1388841.0,
    'volume': 97768007.0,
    'vwap': 225.801338}, {   'close': 237.97,
    'high': 242.79,
    'low': 229.8501,
    'open': 230.96,
    'symbol': 'TSLA',
    'timestamp': datetime.datetime(2025, 4, 22, 4, 0, tzinfo=TzInfo(UTC)),
    'trade_count': 1540238.0,
    'volume': 120858152.0,
    'vwap': 237.244623}, {   'close': 250.74,
    'high': 259.4499,
    'low': 244.43,
    'open': 254.86,
    'symbol': 'TSLA',
    'timestamp': datetime.datetime(2025, 4, 23, 4, 0, tzinfo=TzInfo(UTC)),
    'trade_count': 1936456.0,
    'volume': 150381903.0,
    'vwap': 253.15678}, {   'close': 259.51,
    'high': 259.54,
    'low': 249.2,
    'open': 250.5,
    'symbol': 'TSLA',
    'timestamp': datetime.datetime(2025, 4, 24, 4, 0, tzinfo=TzInfo(UTC)),
    'trade_count': 1203317.0,
    'volume': 94464195.0,
    'vwap': 255.494543}, {   'close': 284.95,
    'high': 286.85,
    'low': 259.63,
    'open': 261.69,
    'symbol': 'TSLA',
    'timestamp': datetime.datetime(2025, 4, 25, 4, 0, tzinfo=TzInfo(UTC)),
    'trade_count': 2065772.0,
    'volume': 167560688.0,
    'vwap': 278.37792}, {   'close': 285.88,
    'high': 294.86,
    'low': 272.42,
    'open': 288.98,
    'symbol': 'TSLA',
    'timestamp': datetime.datetime(2025, 4, 28, 4, 0, tzinfo=TzInfo(UTC)),
    'trade_count': 1914021.0,
    'volume': 151731771.0,
    'vwap': 282.704404}, {   'close': 292.03,
    'high': 293.32,
    'low': 279.4695,
    'open': 285.5,
    'symbol': 'TSLA',
    'timestamp': datetime.datetime(2025, 4, 29, 4, 0, tzinfo=TzInfo(UTC)),
    'trade_count': 1298014.0,
    'volume': 108906553.0,
    'vwap': 285.175799}, {   'close': 282.16,
    'high': 284.45,
    'low': 270.78,
    'open': 279.9,
    'symbol': 'TSLA',
    'timestamp': datetime.datetime(2025, 4, 30, 4, 0, tzinfo=TzInfo(UTC)),
    'trade_count': 1589240.0,
    'volume': 128961057.0,
    'vwap': 278.137209}, {   'close': 280.52,
    'high': 290.8688,
    'low': 279.81,
    'open': 280.01,
    'symbol': 'TSLA',
    'timestamp': datetime.datetime(2025, 5, 1, 4, 0, tzinfo=TzInfo(UTC)),
    'trade_count': 1267297.0,
    'volume': 99658974.0,
    'vwap': 284.566062}, {   'close': 287.21,
    'high': 294.78,
    'low': 279.81,
    'open': 284.9,
    'symbol': 'TSLA',
    'timestamp': datetime.datetime(2025, 5, 2, 4, 0, tzinfo=TzInfo(UTC)),
    'trade_count': 1395354.0,
    'volume': 114454683.0,
    'vwap': 288.191999}, {   'close': 280.26,
    'high': 284.849,
    'low': 274.4,
    'open': 284.57,
    'symbol': 'TSLA',
    'timestamp': datetime.datetime(2025, 5, 5, 4, 0, tzinfo=TzInfo(UTC)),
    'trade_count': 1233954.0,
    'volume': 94618882.0,
    'vwap': 279.233292}, {   'close': 275.35,
    'high': 277.73,
    'low': 271.35,
    'open': 273.105,
    'symbol': 'TSLA',
    'timestamp': datetime.datetime(2025, 5, 6, 4, 0, tzinfo=TzInfo(UTC)),
    'trade_count': 1008547.0,
    'volume': 76715792.0,
    'vwap': 274.447189}, {   'close': 276.22,
    'high': 277.92,
    'low': 271.0,
    'open': 276.88,
    'symbol': 'TSLA',
    'timestamp': datetime.datetime(2025, 5, 7, 4, 0, tzinfo=TzInfo(UTC)),
    'trade_count': 953496.0,
    'volume': 71882408.0,
    'vwap': 274.671214}, {   'close': 284.82,
    'high': 289.8,
    'low': 279.41,
    'open': 279.63,
    'symbol': 'TSLA',
    'timestamp': datetime.datetime(2025, 5, 8, 4, 0, tzinfo=TzInfo(UTC)),
    'trade_count': 1269219.0,
    'volume': 97539448.0,
    'vwap': 285.627456}, {   'close': 298.26,
    'high': 307.04,
    'low': 290.0,
    'open': 290.21,
    'symbol': 'TSLA',
    'timestamp': datetime.datetime(2025, 5, 9, 4, 0, tzinfo=TzInfo(UTC)),
    'trade_count': 1815734.0,
    'volume': 132387835.0,
    'vwap': 299.712436}, {   'close': 318.38,
    'high': 322.21,
    'low': 311.5,
    'open': 321.99,
    'symbol': 'TSLA',
    'timestamp': datetime.datetime(2025, 5, 12, 4, 0, tzinfo=TzInfo(UTC)),
    'trade_count': 1726223.0,
    'volume': 112826661.0,
    'vwap': 317.361892}, {   'close': 334.07,
    'high': 337.5894,
    'low': 316.8,
    'open': 320.0,
    'symbol': 'TSLA',
    'timestamp': datetime.datetime(2025, 5, 13, 4, 0, tzinfo=TzInfo(UTC)),
    'trade_count': 1953281.0,
    'volume': 136992574.0,
    'vwap': 327.941951}, {   'close': 347.68,
    'high': 350.0,
    'low': 337.0,
    'open': 342.5,
    'symbol': 'TSLA',
    'timestamp': datetime.datetime(2025, 5, 14, 4, 0, tzinfo=TzInfo(UTC)),
    'trade_count': 2035914.0,
    'volume': 136997264.0,
    'vwap': 344.733807}, {   'close': 342.82,
    'high': 346.1393,
    'low': 334.7153,
    'open': 340.34,
    'symbol': 'TSLA',
    'timestamp': datetime.datetime(2025, 5, 15, 4, 0, tzinfo=TzInfo(UTC)),
    'trade_count': 1497945.0,
    'volume': 97882596.0,
    'vwap': 340.835245}, {   'close': 349.98,
    'high': 351.62,
    'low': 342.33,
    'open': 346.24,
    'symbol': 'TSLA',
    'timestamp': datetime.datetime(2025, 5, 16, 4, 0, tzinfo=TzInfo(UTC)),
    'trade_count': 1379605.0,
    'volume': 95895665.0,
    'vwap': 347.526299}, {   'close': 342.09,
    'high': 343.0,
    'low': 333.37,
    'open': 336.3,
    'symbol': 'TSLA',
    'timestamp': datetime.datetime(2025, 5, 19, 4, 0, tzinfo=TzInfo(UTC)),
    'trade_count': 1323410.0,
    'volume': 88869853.0,
    'vwap': 339.574317}, {   'close': 343.82,
    'high': 354.9899,
    'low': 341.63,
    'open': 347.87,
    'symbol': 'TSLA',
    'timestamp': datetime.datetime(2025, 5, 20, 4, 0, tzinfo=TzInfo(UTC)),
    'trade_count': 1692674.0,
    'volume': 131715548.0,
    'vwap': 347.943686}, {   'close': 334.62,
    'high': 347.35,
    'low': 332.2,
    'open': 344.43,
    'symbol': 'TSLA',
    'timestamp': datetime.datetime(2025, 5, 21, 4, 0, tzinfo=TzInfo(UTC)),
    'trade_count': 1385245.0,
    'volume': 102354844.0,
    'vwap': 340.869034}, {   'close': 341.04,
    'high': 347.27,
    'low': 331.39,
    'open': 331.9,
    'symbol': 'TSLA',
    'timestamp': datetime.datetime(2025, 5, 22, 4, 0, tzinfo=TzInfo(UTC)),
    'trade_count': 1293481.0,
    'volume': 97113416.0,
    'vwap': 341.760344}, {   'close': 339.34,
    'high': 343.18,
    'low': 333.21,
    'open': 337.92,
    'symbol': 'TSLA',
    'timestamp': datetime.datetime(2025, 5, 23, 4, 0, tzinfo=TzInfo(UTC)),
    'trade_count': 1221900.0,
    'volume': 84654818.0,
    'vwap': 338.525412}, {   'close': 362.89,
    'high': 363.79,
    'low': 347.32,
    'open': 347.35,
    'symbol': 'TSLA',
    'timestamp': datetime.datetime(2025, 5, 27, 4, 0, tzinfo=TzInfo(UTC)),
    'trade_count': 1708939.0,
    'volume': 120146414.0,
    'vwap': 358.036115}, {   'close': 356.9,
    'high': 365.0,
    'low': 355.91,
    'open': 364.84,
    'symbol': 'TSLA',
    'timestamp': datetime.datetime(2025, 5, 28, 4, 0, tzinfo=TzInfo(UTC)),
    'trade_count': 1308569.0,
    'volume': 91404309.0,
    'vwap': 360.956836}, {   'close': 358.43,
    'high': 367.71,
    'low': 356.0,
    'open': 365.29,
    'symbol': 'TSLA',
    'timestamp': datetime.datetime(2025, 5, 29, 4, 0, tzinfo=TzInfo(UTC)),
    'trade_count': 1237482.0,
    'volume': 88545666.0,
    'vwap': 361.484972}, {   'close': 346.46,
    'high': 363.68,
    'low': 345.29,
    'open': 355.52,
    'symbol': 'TSLA',
    'timestamp': datetime.datetime(2025, 5, 30, 4, 0, tzinfo=TzInfo(UTC)),
    'trade_count': 1543177.0,
    'volume': 123474938.0,
    'vwap': 352.889665}, {   'close': 342.69,
    'high': 348.02,
    'low': 333.33,
    'open': 343.5,
    'symbol': 'TSLA',
    'timestamp': datetime.datetime(2025, 6, 2, 4, 0, tzinfo=TzInfo(UTC)),
    'trade_count': 1275945.0,
    'volume': 81873829.0,
    'vwap': 339.491017}, {   'close': 344.27,
    'high': 355.4,
    'low': 343.04,
    'open': 346.595,
    'symbol': 'TSLA',
    'timestamp': datetime.datetime(2025, 6, 3, 4, 0, tzinfo=TzInfo(UTC)),
    'trade_count': 1314170.0,
    'volume': 99324544.0,
    'vwap': 348.676616}, {   'close': 332.05,
    'high': 345.6,
    'low': 327.3308,
    'open': 345.095,
    'symbol': 'TSLA',
    'timestamp': datetime.datetime(2025, 6, 4, 4, 0, tzinfo=TzInfo(UTC)),
    'trade_count': 1543538.0,
    'volume': 98912075.0,
    'vwap': 333.615394}, {   'close': 284.7,
    'high': 324.5499,
    'low': 273.21,
    'open': 322.49,
    'symbol': 'TSLA',
    'timestamp': datetime.datetime(2025, 6, 5, 4, 0, tzinfo=TzInfo(UTC)),
    'trade_count': 4540980.0,
    'volume': 292818655.0,
    'vwap': 299.470414}, {   'close': 295.14,
    'high': 305.5,
    'low': 291.14,
    'open': 298.83,
    'symbol': 'TSLA',
    'timestamp': datetime.datetime(2025, 6, 6, 4, 0, tzinfo=TzInfo(UTC)),
    'trade_count': 2633849.0,
    'volume': 164747685.0,
    'vwap': 298.669856}, {   'close': 308.58,
    'high': 309.83,
    'low': 281.85,
    'open': 285.955,
    'symbol': 'TSLA',
    'timestamp': datetime.datetime(2025, 6, 9, 4, 0, tzinfo=TzInfo(UTC)),
    'trade_count': 2186548.0,
    'volume': 140908876.0,
    'vwap': 297.646676}, {   'close': 326.09,
    'high': 327.83,
    'low': 310.667,
    'open': 314.94,
    'symbol': 'TSLA',
    'timestamp': datetime.datetime(2025, 6, 10, 4, 0, tzinfo=TzInfo(UTC)),
    'trade_count': 1909827.0,
    'volume': 151256520.0,
    'vwap': 319.476398}, {   'close': 326.43,
    'high': 335.5,
    'low': 322.5,
    'open': 334.395,
    'symbol': 'TSLA',
    'timestamp': datetime.datetime(2025, 6, 11, 4, 0, tzinfo=TzInfo(UTC)),
    'trade_count': 1695777.0,
    'volume': 122611360.0,
    'vwap': 329.377479}, {   'close': 319.11,
    'high': 332.56,
    'low': 316.86,
    'open': 323.075,
    'symbol': 'TSLA',
    'timestamp': datetime.datetime(2025, 6, 12, 4, 0, tzinfo=TzInfo(UTC)),
    'trade_count': 1355009.0,
    'volume': 105127536.0,
    'vwap': 324.246348}, {   'close': 325.31,
    'high': 332.99,
    'low': 313.3,
    'open': 313.97,
    'symbol': 'TSLA',
    'timestamp': datetime.datetime(2025, 6, 13, 4, 0, tzinfo=TzInfo(UTC)),
    'trade_count': 1640930.0,
    'volume': 128909461.0,
    'vwap': 324.000041}]}
2025-06-15 20:49:43,662 - data_provider - DEBUG - Using object response, data type: <class 'dict'>
2025-06-15 20:49:43,662 - data_provider - DEBUG - Data dir: ['__class__', '__class_getitem__', '__contains__', '__delattr__', '__delitem__', '__dir__', '__doc__', '__eq__', '__format__', '__ge__', '__getattribute__', '__getitem__', '__getstate__', '__gt__', '__hash__', '__init__', '__init_subclass__', '__ior__', '__iter__', '__le__', '__len__', '__lt__', '__ne__', '__new__', '__or__', '__reduce__', '__reduce_ex__', '__repr__', '__reversed__', '__ror__', '__setattr__', '__setitem__', '__sizeof__', '__str__', '__subclasshook__', 'clear', 'copy', 'fromkeys', 'get', 'items', 'keys', 'pop', 'popitem', 'setdefault', 'update', 'values']
2025-06-15 20:49:43,662 - data_provider - DEBUG - Data content for symbol TSLA: {'TSLA': [{   'close': 222.15,
    'high': 253.37,
    'low': 220.0,
    'open': 252.535,
    'symbol': 'TSLA',
    'timestamp': datetime.datetime(2025, 3, 10, 4, 0, tzinfo=TzInfo(UTC)),
    'trade_count': 2809174.0,
    'volume': 189076948.0,
    'vwap': 232.310131}, {   'close': 230.58,
    'high': 237.0649,
    'low': 217.02,
    'open': 225.305,
    'symbol': 'TSLA',
    'timestamp': datetime.datetime(2025, 3, 11, 4, 0, tzinfo=TzInfo(UTC)),
    'trade_count': 2439849.0,
    'volume': 174896415.0,
    'vwap': 229.314974}, {   'close': 248.09,
    'high': 251.84,
    'low': 241.1,
    'open': 247.22,
    'symbol': 'TSLA',
    'timestamp': datetime.datetime(2025, 3, 12, 4, 0, tzinfo=TzInfo(UTC)),
    'trade_count': 1874690.0,
    'volume': 142215681.0,
    'vwap': 247.456695}, {   'close': 240.68,
    'high': 248.29,
    'low': 232.6,
    'open': 248.125,
    'symbol': 'TSLA',
    'timestamp': datetime.datetime(2025, 3, 13, 4, 0, tzinfo=TzInfo(UTC)),
    'trade_count': 1536071.0,
    'volume': 114813525.0,
    'vwap': 238.628866}, {   'close': 249.98,
    'high': 251.58,
    'low': 240.73,
    'open': 247.31,
    'symbol': 'TSLA',
    'timestamp': datetime.datetime(2025, 3, 14, 4, 0, tzinfo=TzInfo(UTC)),
    'trade_count': 1280257.0,
    'volume': 100242264.0,
    'vwap': 247.210245}, {   'close': 238.01,
    'high': 245.4,
    'low': 232.8,
    'open': 245.055,
    'symbol': 'TSLA',
    'timestamp': datetime.datetime(2025, 3, 17, 4, 0, tzinfo=TzInfo(UTC)),
    'trade_count': 1489431.0,
    'volume': 111900565.0,
    'vwap': 238.132321}, {   'close': 225.31,
    'high': 230.1,
    'low': 222.28,
    'open': 228.155,
    'symbol': 'TSLA',
    'timestamp': datetime.datetime(2025, 3, 18, 4, 0, tzinfo=TzInfo(UTC)),
    'trade_count': 1521430.0,
    'volume': 111477636.0,
    'vwap': 225.928552}, {   'close': 235.86,
    'high': 241.41,
    'low': 229.201,
    'open': 231.61,
    'symbol': 'TSLA',
    'timestamp': datetime.datetime(2025, 3, 19, 4, 0, tzinfo=TzInfo(UTC)),
    'trade_count': 1335644.0,
    'volume': 111991788.0,
    'vwap': 234.486109}, {   'close': 236.26,
    'high': 238.0,
    'low': 230.0501,
    'open': 233.345,
    'symbol': 'TSLA',
    'timestamp': datetime.datetime(2025, 3, 20, 4, 0, tzinfo=TzInfo(UTC)),
    'trade_count': 1223405.0,
    'volume': 99028270.0,
    'vwap': 234.324104}, {   'close': 248.71,
    'high': 249.52,
    'low': 234.55,
    'open': 234.985,
    'symbol': 'TSLA',
    'timestamp': datetime.datetime(2025, 3, 21, 4, 0, tzinfo=TzInfo(UTC)),
    'trade_count': 1468859.0,
    'volume': 132728684.0,
    'vwap': 243.518246}, {   'close': 278.39,
    'high': 278.64,
    'low': 256.33,
    'open': 258.075,
    'symbol': 'TSLA',
    'timestamp': datetime.datetime(2025, 3, 24, 4, 0, tzinfo=TzInfo(UTC)),
    'trade_count': 2140074.0,
    'volume': 169079865.0,
    'vwap': 271.801762}, {   'close': 288.14,
    'high': 288.2,
    'low': 271.28,
    'open': 283.6,
    'symbol': 'TSLA',
    'timestamp': datetime.datetime(2025, 3, 25, 4, 0, tzinfo=TzInfo(UTC)),
    'trade_count': 1953630.0,
    'volume': 150361538.0,
    'vwap': 279.24187}, {   'close': 272.06,
    'high': 284.9,
    'low': 266.51,
    'open': 282.66,
    'symbol': 'TSLA',
    'timestamp': datetime.datetime(2025, 3, 26, 4, 0, tzinfo=TzInfo(UTC)),
    'trade_count': 1896601.0,
    'volume': 156254441.0,
    'vwap': 274.400472}, {   'close': 273.13,
    'high': 291.85,
    'low': 271.8216,
    'open': 272.48,
    'symbol': 'TSLA',
    'timestamp': datetime.datetime(2025, 3, 27, 4, 0, tzinfo=TzInfo(UTC)),
    'trade_count': 1941634.0,
    'volume': 162572146.0,
    'vwap': 280.264619}, {   'close': 263.55,
    'high': 276.1,
    'low': 260.57,
    'open': 275.575,
    'symbol': 'TSLA',
    'timestamp': datetime.datetime(2025, 3, 28, 4, 0, tzinfo=TzInfo(UTC)),
    'trade_count': 1578132.0,
    'volume': 123809389.0,
    'vwap': 265.805682}, {   'close': 259.16,
    'high': 260.56,
    'low': 243.3601,
    'open': 249.31,
    'symbol': 'TSLA',
    'timestamp': datetime.datetime(2025, 3, 31, 4, 0, tzinfo=TzInfo(UTC)),
    'trade_count': 1661129.0,
    'volume': 134008936.0,
    'vwap': 252.69498}, {   'close': 268.46,
    'high': 277.45,
    'low': 259.25,
    'open': 263.8,
    'symbol': 'TSLA',
    'timestamp': datetime.datetime(2025, 4, 1, 4, 0, tzinfo=TzInfo(UTC)),
    'trade_count': 1965296.0,
    'volume': 146486911.0,
    'vwap': 270.125037}, {   'close': 282.76,
    'high': 284.99,
    'low': 251.27,
    'open': 254.6,
    'symbol': 'TSLA',
    'timestamp': datetime.datetime(2025, 4, 2, 4, 0, tzinfo=TzInfo(UTC)),
    'trade_count': 2716691.0,
    'volume': 212787817.0,
    'vwap': 274.361909}, {   'close': 267.28,
    'high': 276.3,
    'low': 261.51,
    'open': 265.29,
    'symbol': 'TSLA',
    'timestamp': datetime.datetime(2025, 4, 3, 4, 0, tzinfo=TzInfo(UTC)),
    'trade_count': 1807953.0,
    'volume': 136174249.0,
    'vwap': 268.141151}, {   'close': 239.43,
    'high': 261.0,
    'low': 236.0,
    'open': 255.38,
    'symbol': 'TSLA',
    'timestamp': datetime.datetime(2025, 4, 4, 4, 0, tzinfo=TzInfo(UTC)),
    'trade_count': 2734593.0,
    'volume': 181229079.0,
    'vwap': 244.356308}, {   'close': 233.29,
    'high': 252.0,
    'low': 214.25,
    'open': 223.78,
    'symbol': 'TSLA',
    'timestamp': datetime.datetime(2025, 4, 7, 4, 0, tzinfo=TzInfo(UTC)),
    'trade_count': 2843798.0,
    'volume': 183453776.0,
    'vwap': 230.198623}, {   'close': 221.86,
    'high': 250.44,
    'low': 217.8,
    'open': 245.0,
    'symbol': 'TSLA',
    'timestamp': datetime.datetime(2025, 4, 8, 4, 0, tzinfo=TzInfo(UTC)),
    'trade_count': 2360023.0,
    'volume': 171586762.0,
    'vwap': 235.466454}, {   'close': 272.2,
    'high': 274.69,
    'low': 223.88,
    'open': 224.69,
    'symbol': 'TSLA',
    'timestamp': datetime.datetime(2025, 4, 9, 4, 0, tzinfo=TzInfo(UTC)),
    'trade_count': 2862321.0,
    'volume': 219413231.0,
    'vwap': 249.494756}, {   'close': 252.4,
    'high': 262.49,
    'low': 239.33,
    'open': 260.0,
    'symbol': 'TSLA',
    'timestamp': datetime.datetime(2025, 4, 10, 4, 0, tzinfo=TzInfo(UTC)),
    'trade_count': 2332728.0,
    'volume': 181722604.0,
    'vwap': 250.851654}, {   'close': 252.31,
    'high': 257.74,
    'low': 241.3629,
    'open': 251.84,
    'symbol': 'TSLA',
    'timestamp': datetime.datetime(2025, 4, 11, 4, 0, tzinfo=TzInfo(UTC)),
    'trade_count': 1584325.0,
    'volume': 128948085.0,
    'vwap': 248.452539}, {   'close': 252.35,
    'high': 261.8,
    'low': 245.93,
    'open': 258.36,
    'symbol': 'TSLA',
    'timestamp': datetime.datetime(2025, 4, 14, 4, 0, tzinfo=TzInfo(UTC)),
    'trade_count': 1321953.0,
    'volume': 100135241.0,
    'vwap': 252.627362}, {   'close': 254.11,
    'high': 258.75,
    'low': 247.54,
    'open': 249.91,
    'symbol': 'TSLA',
    'timestamp': datetime.datetime(2025, 4, 15, 4, 0, tzinfo=TzInfo(UTC)),
    'trade_count': 970817.0,
    'volume': 79594318.0,
    'vwap': 254.232462}, {   'close': 241.55,
    'high': 251.97,
    'low': 233.89,
    'open': 247.61,
    'symbol': 'TSLA',
    'timestamp': datetime.datetime(2025, 4, 16, 4, 0, tzinfo=TzInfo(UTC)),
    'trade_count': 1349129.0,
    'volume': 112378737.0,
    'vwap': 243.577152}, {   'close': 241.37,
    'high': 244.34,
    'low': 237.6833,
    'open': 243.47,
    'symbol': 'TSLA',
    'timestamp': datetime.datetime(2025, 4, 17, 4, 0, tzinfo=TzInfo(UTC)),
    'trade_count': 910557.0,
    'volume': 83403802.0,
    'vwap': 240.942114}, {   'close': 227.5,
    'high': 232.21,
    'low': 222.79,
    'open': 230.26,
    'symbol': 'TSLA',
    'timestamp': datetime.datetime(2025, 4, 21, 4, 0, tzinfo=TzInfo(UTC)),
    'trade_count': 1388841.0,
    'volume': 97768007.0,
    'vwap': 225.801338}, {   'close': 237.97,
    'high': 242.79,
    'low': 229.8501,
    'open': 230.96,
    'symbol': 'TSLA',
    'timestamp': datetime.datetime(2025, 4, 22, 4, 0, tzinfo=TzInfo(UTC)),
    'trade_count': 1540238.0,
    'volume': 120858152.0,
    'vwap': 237.244623}, {   'close': 250.74,
    'high': 259.4499,
    'low': 244.43,
    'open': 254.86,
    'symbol': 'TSLA',
    'timestamp': datetime.datetime(2025, 4, 23, 4, 0, tzinfo=TzInfo(UTC)),
    'trade_count': 1936456.0,
    'volume': 150381903.0,
    'vwap': 253.15678}, {   'close': 259.51,
    'high': 259.54,
    'low': 249.2,
    'open': 250.5,
    'symbol': 'TSLA',
    'timestamp': datetime.datetime(2025, 4, 24, 4, 0, tzinfo=TzInfo(UTC)),
    'trade_count': 1203317.0,
    'volume': 94464195.0,
    'vwap': 255.494543}, {   'close': 284.95,
    'high': 286.85,
    'low': 259.63,
    'open': 261.69,
    'symbol': 'TSLA',
    'timestamp': datetime.datetime(2025, 4, 25, 4, 0, tzinfo=TzInfo(UTC)),
    'trade_count': 2065772.0,
    'volume': 167560688.0,
    'vwap': 278.37792}, {   'close': 285.88,
    'high': 294.86,
    'low': 272.42,
    'open': 288.98,
    'symbol': 'TSLA',
    'timestamp': datetime.datetime(2025, 4, 28, 4, 0, tzinfo=TzInfo(UTC)),
    'trade_count': 1914021.0,
    'volume': 151731771.0,
    'vwap': 282.704404}, {   'close': 292.03,
    'high': 293.32,
    'low': 279.4695,
    'open': 285.5,
    'symbol': 'TSLA',
    'timestamp': datetime.datetime(2025, 4, 29, 4, 0, tzinfo=TzInfo(UTC)),
    'trade_count': 1298014.0,
    'volume': 108906553.0,
    'vwap': 285.175799}, {   'close': 282.16,
    'high': 284.45,
    'low': 270.78,
    'open': 279.9,
    'symbol': 'TSLA',
    'timestamp': datetime.datetime(2025, 4, 30, 4, 0, tzinfo=TzInfo(UTC)),
    'trade_count': 1589240.0,
    'volume': 128961057.0,
    'vwap': 278.137209}, {   'close': 280.52,
    'high': 290.8688,
    'low': 279.81,
    'open': 280.01,
    'symbol': 'TSLA',
    'timestamp': datetime.datetime(2025, 5, 1, 4, 0, tzinfo=TzInfo(UTC)),
    'trade_count': 1267297.0,
    'volume': 99658974.0,
    'vwap': 284.566062}, {   'close': 287.21,
    'high': 294.78,
    'low': 279.81,
    'open': 284.9,
    'symbol': 'TSLA',
    'timestamp': datetime.datetime(2025, 5, 2, 4, 0, tzinfo=TzInfo(UTC)),
    'trade_count': 1395354.0,
    'volume': 114454683.0,
    'vwap': 288.191999}, {   'close': 280.26,
    'high': 284.849,
    'low': 274.4,
    'open': 284.57,
    'symbol': 'TSLA',
    'timestamp': datetime.datetime(2025, 5, 5, 4, 0, tzinfo=TzInfo(UTC)),
    'trade_count': 1233954.0,
    'volume': 94618882.0,
    'vwap': 279.233292}, {   'close': 275.35,
    'high': 277.73,
    'low': 271.35,
    'open': 273.105,
    'symbol': 'TSLA',
    'timestamp': datetime.datetime(2025, 5, 6, 4, 0, tzinfo=TzInfo(UTC)),
    'trade_count': 1008547.0,
    'volume': 76715792.0,
    'vwap': 274.447189}, {   'close': 276.22,
    'high': 277.92,
    'low': 271.0,
    'open': 276.88,
    'symbol': 'TSLA',
    'timestamp': datetime.datetime(2025, 5, 7, 4, 0, tzinfo=TzInfo(UTC)),
    'trade_count': 953496.0,
    'volume': 71882408.0,
    'vwap': 274.671214}, {   'close': 284.82,
    'high': 289.8,
    'low': 279.41,
    'open': 279.63,
    'symbol': 'TSLA',
    'timestamp': datetime.datetime(2025, 5, 8, 4, 0, tzinfo=TzInfo(UTC)),
    'trade_count': 1269219.0,
    'volume': 97539448.0,
    'vwap': 285.627456}, {   'close': 298.26,
    'high': 307.04,
    'low': 290.0,
    'open': 290.21,
    'symbol': 'TSLA',
    'timestamp': datetime.datetime(2025, 5, 9, 4, 0, tzinfo=TzInfo(UTC)),
    'trade_count': 1815734.0,
    'volume': 132387835.0,
    'vwap': 299.712436}, {   'close': 318.38,
    'high': 322.21,
    'low': 311.5,
    'open': 321.99,
    'symbol': 'TSLA',
    'timestamp': datetime.datetime(2025, 5, 12, 4, 0, tzinfo=TzInfo(UTC)),
    'trade_count': 1726223.0,
    'volume': 112826661.0,
    'vwap': 317.361892}, {   'close': 334.07,
    'high': 337.5894,
    'low': 316.8,
    'open': 320.0,
    'symbol': 'TSLA',
    'timestamp': datetime.datetime(2025, 5, 13, 4, 0, tzinfo=TzInfo(UTC)),
    'trade_count': 1953281.0,
    'volume': 136992574.0,
    'vwap': 327.941951}, {   'close': 347.68,
    'high': 350.0,
    'low': 337.0,
    'open': 342.5,
    'symbol': 'TSLA',
    'timestamp': datetime.datetime(2025, 5, 14, 4, 0, tzinfo=TzInfo(UTC)),
    'trade_count': 2035914.0,
    'volume': 136997264.0,
    'vwap': 344.733807}, {   'close': 342.82,
    'high': 346.1393,
    'low': 334.7153,
    'open': 340.34,
    'symbol': 'TSLA',
    'timestamp': datetime.datetime(2025, 5, 15, 4, 0, tzinfo=TzInfo(UTC)),
    'trade_count': 1497945.0,
    'volume': 97882596.0,
    'vwap': 340.835245}, {   'close': 349.98,
    'high': 351.62,
    'low': 342.33,
    'open': 346.24,
    'symbol': 'TSLA',
    'timestamp': datetime.datetime(2025, 5, 16, 4, 0, tzinfo=TzInfo(UTC)),
    'trade_count': 1379605.0,
    'volume': 95895665.0,
    'vwap': 347.526299}, {   'close': 342.09,
    'high': 343.0,
    'low': 333.37,
    'open': 336.3,
    'symbol': 'TSLA',
    'timestamp': datetime.datetime(2025, 5, 19, 4, 0, tzinfo=TzInfo(UTC)),
    'trade_count': 1323410.0,
    'volume': 88869853.0,
    'vwap': 339.574317}, {   'close': 343.82,
    'high': 354.9899,
    'low': 341.63,
    'open': 347.87,
    'symbol': 'TSLA',
    'timestamp': datetime.datetime(2025, 5, 20, 4, 0, tzinfo=TzInfo(UTC)),
    'trade_count': 1692674.0,
    'volume': 131715548.0,
    'vwap': 347.943686}, {   'close': 334.62,
    'high': 347.35,
    'low': 332.2,
    'open': 344.43,
    'symbol': 'TSLA',
    'timestamp': datetime.datetime(2025, 5, 21, 4, 0, tzinfo=TzInfo(UTC)),
    'trade_count': 1385245.0,
    'volume': 102354844.0,
    'vwap': 340.869034}, {   'close': 341.04,
    'high': 347.27,
    'low': 331.39,
    'open': 331.9,
    'symbol': 'TSLA',
    'timestamp': datetime.datetime(2025, 5, 22, 4, 0, tzinfo=TzInfo(UTC)),
    'trade_count': 1293481.0,
    'volume': 97113416.0,
    'vwap': 341.760344}, {   'close': 339.34,
    'high': 343.18,
    'low': 333.21,
    'open': 337.92,
    'symbol': 'TSLA',
    'timestamp': datetime.datetime(2025, 5, 23, 4, 0, tzinfo=TzInfo(UTC)),
    'trade_count': 1221900.0,
    'volume': 84654818.0,
    'vwap': 338.525412}, {   'close': 362.89,
    'high': 363.79,
    'low': 347.32,
    'open': 347.35,
    'symbol': 'TSLA',
    'timestamp': datetime.datetime(2025, 5, 27, 4, 0, tzinfo=TzInfo(UTC)),
    'trade_count': 1708939.0,
    'volume': 120146414.0,
    'vwap': 358.036115}, {   'close': 356.9,
    'high': 365.0,
    'low': 355.91,
    'open': 364.84,
    'symbol': 'TSLA',
    'timestamp': datetime.datetime(2025, 5, 28, 4, 0, tzinfo=TzInfo(UTC)),
    'trade_count': 1308569.0,
    'volume': 91404309.0,
    'vwap': 360.956836}, {   'close': 358.43,
    'high': 367.71,
    'low': 356.0,
    'open': 365.29,
    'symbol': 'TSLA',
    'timestamp': datetime.datetime(2025, 5, 29, 4, 0, tzinfo=TzInfo(UTC)),
    'trade_count': 1237482.0,
    'volume': 88545666.0,
    'vwap': 361.484972}, {   'close': 346.46,
    'high': 363.68,
    'low': 345.29,
    'open': 355.52,
    'symbol': 'TSLA',
    'timestamp': datetime.datetime(2025, 5, 30, 4, 0, tzinfo=TzInfo(UTC)),
    'trade_count': 1543177.0,
    'volume': 123474938.0,
    'vwap': 352.889665}, {   'close': 342.69,
    'high': 348.02,
    'low': 333.33,
    'open': 343.5,
    'symbol': 'TSLA',
    'timestamp': datetime.datetime(2025, 6, 2, 4, 0, tzinfo=TzInfo(UTC)),
    'trade_count': 1275945.0,
    'volume': 81873829.0,
    'vwap': 339.491017}, {   'close': 344.27,
    'high': 355.4,
    'low': 343.04,
    'open': 346.595,
    'symbol': 'TSLA',
    'timestamp': datetime.datetime(2025, 6, 3, 4, 0, tzinfo=TzInfo(UTC)),
    'trade_count': 1314170.0,
    'volume': 99324544.0,
    'vwap': 348.676616}, {   'close': 332.05,
    'high': 345.6,
    'low': 327.3308,
    'open': 345.095,
    'symbol': 'TSLA',
    'timestamp': datetime.datetime(2025, 6, 4, 4, 0, tzinfo=TzInfo(UTC)),
    'trade_count': 1543538.0,
    'volume': 98912075.0,
    'vwap': 333.615394}, {   'close': 284.7,
    'high': 324.5499,
    'low': 273.21,
    'open': 322.49,
    'symbol': 'TSLA',
    'timestamp': datetime.datetime(2025, 6, 5, 4, 0, tzinfo=TzInfo(UTC)),
    'trade_count': 4540980.0,
    'volume': 292818655.0,
    'vwap': 299.470414}, {   'close': 295.14,
    'high': 305.5,
    'low': 291.14,
    'open': 298.83,
    'symbol': 'TSLA',
    'timestamp': datetime.datetime(2025, 6, 6, 4, 0, tzinfo=TzInfo(UTC)),
    'trade_count': 2633849.0,
    'volume': 164747685.0,
    'vwap': 298.669856}, {   'close': 308.58,
    'high': 309.83,
    'low': 281.85,
    'open': 285.955,
    'symbol': 'TSLA',
    'timestamp': datetime.datetime(2025, 6, 9, 4, 0, tzinfo=TzInfo(UTC)),
    'trade_count': 2186548.0,
    'volume': 140908876.0,
    'vwap': 297.646676}, {   'close': 326.09,
    'high': 327.83,
    'low': 310.667,
    'open': 314.94,
    'symbol': 'TSLA',
    'timestamp': datetime.datetime(2025, 6, 10, 4, 0, tzinfo=TzInfo(UTC)),
    'trade_count': 1909827.0,
    'volume': 151256520.0,
    'vwap': 319.476398}, {   'close': 326.43,
    'high': 335.5,
    'low': 322.5,
    'open': 334.395,
    'symbol': 'TSLA',
    'timestamp': datetime.datetime(2025, 6, 11, 4, 0, tzinfo=TzInfo(UTC)),
    'trade_count': 1695777.0,
    'volume': 122611360.0,
    'vwap': 329.377479}, {   'close': 319.11,
    'high': 332.56,
    'low': 316.86,
    'open': 323.075,
    'symbol': 'TSLA',
    'timestamp': datetime.datetime(2025, 6, 12, 4, 0, tzinfo=TzInfo(UTC)),
    'trade_count': 1355009.0,
    'volume': 105127536.0,
    'vwap': 324.246348}, {   'close': 325.31,
    'high': 332.99,
    'low': 313.3,
    'open': 313.97,
    'symbol': 'TSLA',
    'timestamp': datetime.datetime(2025, 6, 13, 4, 0, tzinfo=TzInfo(UTC)),
    'trade_count': 1640930.0,
    'volume': 128909461.0,
    'vwap': 324.000041}]}
2025-06-15 20:49:43,671 - data_provider - DEBUG - Looking for symbol TSLA in data
2025-06-15 20:49:43,671 - data_provider - DEBUG - Dict access result for TSLA: Found
2025-06-15 20:49:43,827 - data_provider - DEBUG - API response type: <class 'alpaca.data.models.bars.BarSet'>
2025-06-15 20:49:43,827 - data_provider - DEBUG - API response dir: ['__abstractmethods__', '__annotations__', '__class__', '__class_getitem__', '__class_vars__', '__copy__', '__deepcopy__', '__delattr__', '__dict__', '__dir__', '__doc__', '__eq__', '__fields__', '__fields_set__', '__firstlineno__', '__format__', '__ge__', '__get_pydantic_core_schema__', '__get_pydantic_json_schema__', '__getattr__', '__getattribute__', '__getitem__', '__getstate__', '__gt__', '__hash__', '__init__', '__init_subclass__', '__iter__', '__le__', '__lt__', '__module__', '__ne__', '__new__', '__pretty__', '__private_attributes__', '__pydantic_complete__', '__pydantic_computed_fields__', '__pydantic_core_schema__', '__pydantic_custom_init__', '__pydantic_decorators__', '__pydantic_extra__', '__pydantic_fields__', '__pydantic_fields_set__', '__pydantic_generic_metadata__', '__pydantic_init_subclass__', '__pydantic_parent_namespace__', '__pydantic_post_init__', '__pydantic_private__', '__pydantic_root_model__', '__pydantic_serializer__', '__pydantic_setattr_handlers__', '__pydantic_validator__', '__reduce__', '__reduce_ex__', '__replace__', '__repr__', '__repr_args__', '__repr_name__', '__repr_recursion__', '__repr_str__', '__rich_repr__', '__setattr__', '__setstate__', '__signature__', '__sizeof__', '__slots__', '__static_attributes__', '__str__', '__subclasshook__', '__weakref__', '_abc_impl', '_calculate_keys', '_copy_and_set_values', '_get_value', '_iter', '_setattr_handler', 'construct', 'copy', 'data', 'df', 'dict', 'from_orm', 'json', 'model_computed_fields', 'model_config', 'model_construct', 'model_copy', 'model_dump', 'model_dump_json', 'model_extra', 'model_fields', 'model_fields_set', 'model_json_schema', 'model_parametrized_name', 'model_post_init', 'model_rebuild', 'model_validate', 'model_validate_json', 'model_validate_strings', 'parse_file', 'parse_obj', 'parse_raw', 'schema', 'schema_json', 'update_forward_refs', 'validate']
2025-06-15 20:49:43,828 - data_provider - DEBUG - Raw API response for symbol GTLB: data={'GTLB': [{   'close': 50.99,
    'high': 54.8,
    'low': 50.25,
    'open': 54.41,
    'symbol': 'GTLB',
    'timestamp': datetime.datetime(2025, 3, 10, 4, 0, tzinfo=TzInfo(UTC)),
    'trade_count': 49962.0,
    'volume': 3406805.0,
    'vwap': 51.913428}, {   'close': 51.94,
    'high': 52.52,
    'low': 49.91,
    'open': 50.53,
    'symbol': 'GTLB',
    'timestamp': datetime.datetime(2025, 3, 11, 4, 0, tzinfo=TzInfo(UTC)),
    'trade_count': 44082.0,
    'volume': 2593852.0,
    'vwap': 51.371011}, {   'close': 52.79,
    'high': 54.61,
    'low': 51.48,
    'open': 53.78,
    'symbol': 'GTLB',
    'timestamp': datetime.datetime(2025, 3, 12, 4, 0, tzinfo=TzInfo(UTC)),
    'trade_count': 34416.0,
    'volume': 2222288.0,
    'vwap': 52.760597}, {   'close': 49.98,
    'high': 52.24,
    'low': 48.6938,
    'open': 52.24,
    'symbol': 'GTLB',
    'timestamp': datetime.datetime(2025, 3, 13, 4, 0, tzinfo=TzInfo(UTC)),
    'trade_count': 42479.0,
    'volume': 2879626.0,
    'vwap': 49.732187}, {   'close': 52.08,
    'high': 52.25,
    'low': 50.77,
    'open': 51.04,
    'symbol': 'GTLB',
    'timestamp': datetime.datetime(2025, 3, 14, 4, 0, tzinfo=TzInfo(UTC)),
    'trade_count': 29640.0,
    'volume': 1935568.0,
    'vwap': 51.778714}, {   'close': 51.94,
    'high': 52.6477,
    'low': 51.1217,
    'open': 51.37,
    'symbol': 'GTLB',
    'timestamp': datetime.datetime(2025, 3, 17, 4, 0, tzinfo=TzInfo(UTC)),
    'trade_count': 32527.0,
    'volume': 2007137.0,
    'vwap': 51.948677}, {   'close': 49.89,
    'high': 51.48,
    'low': 49.3,
    'open': 51.43,
    'symbol': 'GTLB',
    'timestamp': datetime.datetime(2025, 3, 18, 4, 0, tzinfo=TzInfo(UTC)),
    'trade_count': 32920.0,
    'volume': 2201999.0,
    'vwap': 50.022992}, {   'close': 51.6,
    'high': 52.41,
    'low': 49.57,
    'open': 50.25,
    'symbol': 'GTLB',
    'timestamp': datetime.datetime(2025, 3, 19, 4, 0, tzinfo=TzInfo(UTC)),
    'trade_count': 29954.0,
    'volume': 1583321.0,
    'vwap': 51.487976}, {   'close': 51.16,
    'high': 51.74,
    'low': 50.19,
    'open': 50.19,
    'symbol': 'GTLB',
    'timestamp': datetime.datetime(2025, 3, 20, 4, 0, tzinfo=TzInfo(UTC)),
    'trade_count': 32543.0,
    'volume': 2022678.0,
    'vwap': 51.058202}, {   'close': 50.95,
    'high': 51.36,
    'low': 49.55,
    'open': 50.115,
    'symbol': 'GTLB',
    'timestamp': datetime.datetime(2025, 3, 21, 4, 0, tzinfo=TzInfo(UTC)),
    'trade_count': 33772.0,
    'volume': 2473178.0,
    'vwap': 50.783852}, {   'close': 52.12,
    'high': 53.19,
    'low': 51.6269,
    'open': 51.66,
    'symbol': 'GTLB',
    'timestamp': datetime.datetime(2025, 3, 24, 4, 0, tzinfo=TzInfo(UTC)),
    'trade_count': 30758.0,
    'volume': 1903932.0,
    'vwap': 52.390782}, {   'close': 53.13,
    'high': 53.55,
    'low': 52.4,
    'open': 52.5,
    'symbol': 'GTLB',
    'timestamp': datetime.datetime(2025, 3, 25, 4, 0, tzinfo=TzInfo(UTC)),
    'trade_count': 27330.0,
    'volume': 1789225.0,
    'vwap': 53.004804}, {   'close': 51.4,
    'high': 52.99,
    'low': 50.94,
    'open': 52.8,
    'symbol': 'GTLB',
    'timestamp': datetime.datetime(2025, 3, 26, 4, 0, tzinfo=TzInfo(UTC)),
    'trade_count': 22527.0,
    'volume': 1256160.0,
    'vwap': 51.397501}, {   'close': 50.18,
    'high': 51.13,
    'low': 49.7,
    'open': 50.59,
    'symbol': 'GTLB',
    'timestamp': datetime.datetime(2025, 3, 27, 4, 0, tzinfo=TzInfo(UTC)),
    'trade_count': 21562.0,
    'volume': 1279322.0,
    'vwap': 50.498798}, {   'close': 48.38,
    'high': 49.775,
    'low': 47.74,
    'open': 49.6,
    'symbol': 'GTLB',
    'timestamp': datetime.datetime(2025, 3, 28, 4, 0, tzinfo=TzInfo(UTC)),
    'trade_count': 31240.0,
    'volume': 1854679.0,
    'vwap': 48.378813}, {   'close': 47.0,
    'high': 47.08,
    'low': 44.67,
    'open': 46.25,
    'symbol': 'GTLB',
    'timestamp': datetime.datetime(2025, 3, 31, 4, 0, tzinfo=TzInfo(UTC)),
    'trade_count': 44387.0,
    'volume': 3571273.0,
    'vwap': 46.252311}, {   'close': 47.65,
    'high': 47.66,
    'low': 45.9715,
    'open': 46.73,
    'symbol': 'GTLB',
    'timestamp': datetime.datetime(2025, 4, 1, 4, 0, tzinfo=TzInfo(UTC)),
    'trade_count': 29255.0,
    'volume': 1903034.0,
    'vwap': 47.195259}, {   'close': 48.33,
    'high': 48.88,
    'low': 46.57,
    'open': 46.57,
    'symbol': 'GTLB',
    'timestamp': datetime.datetime(2025, 4, 2, 4, 0, tzinfo=TzInfo(UTC)),
    'trade_count': 23696.0,
    'volume': 1441611.0,
    'vwap': 48.218914}, {   'close': 42.53,
    'high': 46.0,
    'low': 42.48,
    'open': 45.04,
    'symbol': 'GTLB',
    'timestamp': datetime.datetime(2025, 4, 3, 4, 0, tzinfo=TzInfo(UTC)),
    'trade_count': 52356.0,
    'volume': 3802390.0,
    'vwap': 43.657514}, {   'close': 41.09,
    'high': 41.56,
    'low': 37.8969,
    'open': 40.8,
    'symbol': 'GTLB',
    'timestamp': datetime.datetime(2025, 4, 4, 4, 0, tzinfo=TzInfo(UTC)),
    'trade_count': 58185.0,
    'volume': 4118733.0,
    'vwap': 40.213957}, {   'close': 42.8,
    'high': 44.09,
    'low': 38.05,
    'open': 38.31,
    'symbol': 'GTLB',
    'timestamp': datetime.datetime(2025, 4, 7, 4, 0, tzinfo=TzInfo(UTC)),
    'trade_count': 68959.0,
    'volume': 5036826.0,
    'vwap': 42.315222}, {   'close': 40.52,
    'high': 44.95,
    'low': 39.7,
    'open': 44.57,
    'symbol': 'GTLB',
    'timestamp': datetime.datetime(2025, 4, 8, 4, 0, tzinfo=TzInfo(UTC)),
    'trade_count': 46223.0,
    'volume': 3728566.0,
    'vwap': 41.422278}, {   'close': 46.3,
    'high': 47.2,
    'low': 40.62,
    'open': 41.37,
    'symbol': 'GTLB',
    'timestamp': datetime.datetime(2025, 4, 9, 4, 0, tzinfo=TzInfo(UTC)),
    'trade_count': 61783.0,
    'volume': 5189299.0,
    'vwap': 44.224766}, {   'close': 42.98,
    'high': 45.4644,
    'low': 42.31,
    'open': 45.03,
    'symbol': 'GTLB',
    'timestamp': datetime.datetime(2025, 4, 10, 4, 0, tzinfo=TzInfo(UTC)),
    'trade_count': 50894.0,
    'volume': 3848176.0,
    'vwap': 43.409623}, {   'close': 41.92,
    'high': 43.49,
    'low': 41.11,
    'open': 42.94,
    'symbol': 'GTLB',
    'timestamp': datetime.datetime(2025, 4, 11, 4, 0, tzinfo=TzInfo(UTC)),
    'trade_count': 45708.0,
    'volume': 5092166.0,
    'vwap': 41.924328}, {   'close': 42.41,
    'high': 44.035,
    'low': 42.0,
    'open': 43.57,
    'symbol': 'GTLB',
    'timestamp': datetime.datetime(2025, 4, 14, 4, 0, tzinfo=TzInfo(UTC)),
    'trade_count': 30082.0,
    'volume': 1933401.0,
    'vwap': 42.754271}, {   'close': 43.65,
    'high': 43.8,
    'low': 41.79,
    'open': 42.06,
    'symbol': 'GTLB',
    'timestamp': datetime.datetime(2025, 4, 15, 4, 0, tzinfo=TzInfo(UTC)),
    'trade_count': 32503.0,
    'volume': 2368951.0,
    'vwap': 43.327724}, {   'close': 42.17,
    'high': 43.396,
    'low': 41.41,
    'open': 42.54,
    'symbol': 'GTLB',
    'timestamp': datetime.datetime(2025, 4, 16, 4, 0, tzinfo=TzInfo(UTC)),
    'trade_count': 39674.0,
    'volume': 3651092.0,
    'vwap': 42.439781}, {   'close': 42.9,
    'high': 43.105,
    'low': 41.8652,
    'open': 41.98,
    'symbol': 'GTLB',
    'timestamp': datetime.datetime(2025, 4, 17, 4, 0, tzinfo=TzInfo(UTC)),
    'trade_count': 29276.0,
    'volume': 3101497.0,
    'vwap': 42.668006}, {   'close': 40.97,
    'high': 42.225,
    'low': 39.8161,
    'open': 42.0,
    'symbol': 'GTLB',
    'timestamp': datetime.datetime(2025, 4, 21, 4, 0, tzinfo=TzInfo(UTC)),
    'trade_count': 39215.0,
    'volume': 3380277.0,
    'vwap': 40.594081}, {   'close': 41.55,
    'high': 41.9,
    'low': 40.38,
    'open': 41.4,
    'symbol': 'GTLB',
    'timestamp': datetime.datetime(2025, 4, 22, 4, 0, tzinfo=TzInfo(UTC)),
    'trade_count': 25604.0,
    'volume': 2147833.0,
    'vwap': 41.309879}, {   'close': 42.92,
    'high': 45.06,
    'low': 42.86,
    'open': 43.94,
    'symbol': 'GTLB',
    'timestamp': datetime.datetime(2025, 4, 23, 4, 0, tzinfo=TzInfo(UTC)),
    'trade_count': 32991.0,
    'volume': 2341858.0,
    'vwap': 43.741566}, {   'close': 45.67,
    'high': 45.76,
    'low': 43.655,
    'open': 43.87,
    'symbol': 'GTLB',
    'timestamp': datetime.datetime(2025, 4, 24, 4, 0, tzinfo=TzInfo(UTC)),
    'trade_count': 29034.0,
    'volume': 2078446.0,
    'vwap': 45.428656}, {   'close': 47.16,
    'high': 47.47,
    'low': 45.22,
    'open': 45.39,
    'symbol': 'GTLB',
    'timestamp': datetime.datetime(2025, 4, 25, 4, 0, tzinfo=TzInfo(UTC)),
    'trade_count': 29134.0,
    'volume': 1567479.0,
    'vwap': 46.862022}, {   'close': 46.96,
    'high': 47.9435,
    'low': 46.03,
    'open': 47.22,
    'symbol': 'GTLB',
    'timestamp': datetime.datetime(2025, 4, 28, 4, 0, tzinfo=TzInfo(UTC)),
    'trade_count': 25242.0,
    'volume': 2076169.0,
    'vwap': 46.916638}, {   'close': 47.15,
    'high': 47.34,
    'low': 46.35,
    'open': 46.72,
    'symbol': 'GTLB',
    'timestamp': datetime.datetime(2025, 4, 29, 4, 0, tzinfo=TzInfo(UTC)),
    'trade_count': 20688.0,
    'volume': 1656455.0,
    'vwap': 46.96936}, {   'close': 46.67,
    'high': 46.74,
    'low': 44.71,
    'open': 45.71,
    'symbol': 'GTLB',
    'timestamp': datetime.datetime(2025, 4, 30, 4, 0, tzinfo=TzInfo(UTC)),
    'trade_count': 25114.0,
    'volume': 1739393.0,
    'vwap': 46.334065}, {   'close': 46.96,
    'high': 48.44,
    'low': 46.7736,
    'open': 48.09,
    'symbol': 'GTLB',
    'timestamp': datetime.datetime(2025, 5, 1, 4, 0, tzinfo=TzInfo(UTC)),
    'trade_count': 30253.0,
    'volume': 2159040.0,
    'vwap': 47.421161}, {   'close': 46.55,
    'high': 47.2899,
    'low': 46.33,
    'open': 46.82,
    'symbol': 'GTLB',
    'timestamp': datetime.datetime(2025, 5, 2, 4, 0, tzinfo=TzInfo(UTC)),
    'trade_count': 30041.0,
    'volume': 1706071.0,
    'vwap': 46.714763}, {   'close': 45.48,
    'high': 47.41,
    'low': 45.43,
    'open': 45.86,
    'symbol': 'GTLB',
    'timestamp': datetime.datetime(2025, 5, 5, 4, 0, tzinfo=TzInfo(UTC)),
    'trade_count': 33994.0,
    'volume': 2130719.0,
    'vwap': 46.007302}, {   'close': 46.49,
    'high': 46.77,
    'low': 44.53,
    'open': 45.17,
    'symbol': 'GTLB',
    'timestamp': datetime.datetime(2025, 5, 6, 4, 0, tzinfo=TzInfo(UTC)),
    'trade_count': 28452.0,
    'volume': 1720324.0,
    'vwap': 46.279197}, {   'close': 47.08,
    'high': 47.5,
    'low': 46.075,
    'open': 46.075,
    'symbol': 'GTLB',
    'timestamp': datetime.datetime(2025, 5, 7, 4, 0, tzinfo=TzInfo(UTC)),
    'trade_count': 22425.0,
    'volume': 1627768.0,
    'vwap': 46.837729}, {   'close': 49.53,
    'high': 49.93,
    'low': 47.75,
    'open': 48.84,
    'symbol': 'GTLB',
    'timestamp': datetime.datetime(2025, 5, 8, 4, 0, tzinfo=TzInfo(UTC)),
    'trade_count': 36207.0,
    'volume': 2628715.0,
    'vwap': 49.177622}, {   'close': 49.16,
    'high': 50.36,
    'low': 48.44,
    'open': 50.23,
    'symbol': 'GTLB',
    'timestamp': datetime.datetime(2025, 5, 9, 4, 0, tzinfo=TzInfo(UTC)),
    'trade_count': 33489.0,
    'volume': 2085631.0,
    'vwap': 49.367217}, {   'close': 52.06,
    'high': 52.18,
    'low': 50.7071,
    'open': 51.9,
    'symbol': 'GTLB',
    'timestamp': datetime.datetime(2025, 5, 12, 4, 0, tzinfo=TzInfo(UTC)),
    'trade_count': 34250.0,
    'volume': 1976608.0,
    'vwap': 51.759346}, {   'close': 53.36,
    'high': 53.6,
    'low': 51.94,
    'open': 52.06,
    'symbol': 'GTLB',
    'timestamp': datetime.datetime(2025, 5, 13, 4, 0, tzinfo=TzInfo(UTC)),
    'trade_count': 39431.0,
    'volume': 2297453.0,
    'vwap': 53.133327}, {   'close': 53.43,
    'high': 54.08,
    'low': 52.35,
    'open': 53.93,
    'symbol': 'GTLB',
    'timestamp': datetime.datetime(2025, 5, 14, 4, 0, tzinfo=TzInfo(UTC)),
    'trade_count': 37337.0,
    'volume': 2403141.0,
    'vwap': 53.080566}, {   'close': 51.81,
    'high': 53.82,
    'low': 50.78,
    'open': 53.18,
    'symbol': 'GTLB',
    'timestamp': datetime.datetime(2025, 5, 15, 4, 0, tzinfo=TzInfo(UTC)),
    'trade_count': 37558.0,
    'volume': 2660260.0,
    'vwap': 51.596317}, {   'close': 51.49,
    'high': 52.59,
    'low': 51.242,
    'open': 52.0,
    'symbol': 'GTLB',
    'timestamp': datetime.datetime(2025, 5, 16, 4, 0, tzinfo=TzInfo(UTC)),
    'trade_count': 29208.0,
    'volume': 1945863.0,
    'vwap': 51.66239}, {   'close': 48.95,
    'high': 50.4,
    'low': 48.74,
    'open': 50.08,
    'symbol': 'GTLB',
    'timestamp': datetime.datetime(2025, 5, 19, 4, 0, tzinfo=TzInfo(UTC)),
    'trade_count': 50510.0,
    'volume': 3884495.0,
    'vwap': 49.194315}, {   'close': 50.16,
    'high': 50.38,
    'low': 48.725,
    'open': 49.25,
    'symbol': 'GTLB',
    'timestamp': datetime.datetime(2025, 5, 20, 4, 0, tzinfo=TzInfo(UTC)),
    'trade_count': 37785.0,
    'volume': 3084388.0,
    'vwap': 49.965554}, {   'close': 47.6,
    'high': 50.24,
    'low': 47.27,
    'open': 49.7,
    'symbol': 'GTLB',
    'timestamp': datetime.datetime(2025, 5, 21, 4, 0, tzinfo=TzInfo(UTC)),
    'trade_count': 45264.0,
    'volume': 3422978.0,
    'vwap': 47.986045}, {   'close': 47.77,
    'high': 48.7575,
    'low': 47.1177,
    'open': 48.6,
    'symbol': 'GTLB',
    'timestamp': datetime.datetime(2025, 5, 22, 4, 0, tzinfo=TzInfo(UTC)),
    'trade_count': 36633.0,
    'volume': 2689323.0,
    'vwap': 47.833158}, {   'close': 47.5,
    'high': 47.81,
    'low': 46.0,
    'open': 46.4,
    'symbol': 'GTLB',
    'timestamp': datetime.datetime(2025, 5, 23, 4, 0, tzinfo=TzInfo(UTC)),
    'trade_count': 30708.0,
    'volume': 1868887.0,
    'vwap': 47.362754}, {   'close': 48.0,
    'high': 48.5975,
    'low': 47.0,
    'open': 48.39,
    'symbol': 'GTLB',
    'timestamp': datetime.datetime(2025, 5, 27, 4, 0, tzinfo=TzInfo(UTC)),
    'trade_count': 40011.0,
    'volume': 2454049.0,
    'vwap': 47.657115}, {   'close': 46.25,
    'high': 48.1,
    'low': 45.98,
    'open': 47.87,
    'symbol': 'GTLB',
    'timestamp': datetime.datetime(2025, 5, 28, 4, 0, tzinfo=TzInfo(UTC)),
    'trade_count': 38570.0,
    'volume': 2809708.0,
    'vwap': 46.580746}, {   'close': 45.68,
    'high': 47.01,
    'low': 45.48,
    'open': 46.84,
    'symbol': 'GTLB',
    'timestamp': datetime.datetime(2025, 5, 29, 4, 0, tzinfo=TzInfo(UTC)),
    'trade_count': 41189.0,
    'volume': 3071233.0,
    'vwap': 45.983617}, {   'close': 45.51,
    'high': 45.87,
    'low': 44.6766,
    'open': 45.49,
    'symbol': 'GTLB',
    'timestamp': datetime.datetime(2025, 5, 30, 4, 0, tzinfo=TzInfo(UTC)),
    'trade_count': 50722.0,
    'volume': 4475486.0,
    'vwap': 45.311273}, {   'close': 45.55,
    'high': 46.13,
    'low': 44.46,
    'open': 45.43,
    'symbol': 'GTLB',
    'timestamp': datetime.datetime(2025, 6, 2, 4, 0, tzinfo=TzInfo(UTC)),
    'trade_count': 43805.0,
    'volume': 4250148.0,
    'vwap': 45.465178}, {   'close': 46.67,
    'high': 46.86,
    'low': 45.03,
    'open': 45.65,
    'symbol': 'GTLB',
    'timestamp': datetime.datetime(2025, 6, 3, 4, 0, tzinfo=TzInfo(UTC)),
    'trade_count': 52750.0,
    'volume': 4171543.0,
    'vwap': 46.301371}, {   'close': 47.39,
    'high': 47.73,
    'low': 46.36,
    'open': 46.89,
    'symbol': 'GTLB',
    'timestamp': datetime.datetime(2025, 6, 4, 4, 0, tzinfo=TzInfo(UTC)),
    'trade_count': 52901.0,
    'volume': 3635838.0,
    'vwap': 47.301424}, {   'close': 48.77,
    'high': 50.0248,
    'low': 48.0,
    'open': 48.15,
    'symbol': 'GTLB',
    'timestamp': datetime.datetime(2025, 6, 5, 4, 0, tzinfo=TzInfo(UTC)),
    'trade_count': 51867.0,
    'volume': 3358760.0,
    'vwap': 49.091823}, {   'close': 48.77,
    'high': 50.3683,
    'low': 48.65,
    'open': 49.75,
    'symbol': 'GTLB',
    'timestamp': datetime.datetime(2025, 6, 6, 4, 0, tzinfo=TzInfo(UTC)),
    'trade_count': 44971.0,
    'volume': 2786862.0,
    'vwap': 49.084553}, {   'close': 48.64,
    'high': 50.5,
    'low': 48.44,
    'open': 50.11,
    'symbol': 'GTLB',
    'timestamp': datetime.datetime(2025, 6, 9, 4, 0, tzinfo=TzInfo(UTC)),
    'trade_count': 72032.0,
    'volume': 5149105.0,
    'vwap': 49.29939}, {   'close': 48.51,
    'high': 49.8699,
    'low': 47.76,
    'open': 49.2,
    'symbol': 'GTLB',
    'timestamp': datetime.datetime(2025, 6, 10, 4, 0, tzinfo=TzInfo(UTC)),
    'trade_count': 128048.0,
    'volume': 11720682.0,
    'vwap': 48.422359}, {   'close': 43.37,
    'high': 45.24,
    'low': 41.55,
    'open': 41.98,
    'symbol': 'GTLB',
    'timestamp': datetime.datetime(2025, 6, 11, 4, 0, tzinfo=TzInfo(UTC)),
    'trade_count': 260677.0,
    'volume': 26538925.0,
    'vwap': 43.789274}, {   'close': 43.71,
    'high': 44.5965,
    'low': 42.75,
    'open': 43.6,
    'symbol': 'GTLB',
    'timestamp': datetime.datetime(2025, 6, 12, 4, 0, tzinfo=TzInfo(UTC)),
    'trade_count': 105928.0,
    'volume': 8697741.0,
    'vwap': 43.79469}, {   'close': 41.23,
    'high': 43.0,
    'low': 41.01,
    'open': 43.0,
    'symbol': 'GTLB',
    'timestamp': datetime.datetime(2025, 6, 13, 4, 0, tzinfo=TzInfo(UTC)),
    'trade_count': 82876.0,
    'volume': 7052695.0,
    'vwap': 41.987311}]}
2025-06-15 20:49:43,840 - data_provider - DEBUG - Using object response, data type: <class 'dict'>
2025-06-15 20:49:43,840 - data_provider - DEBUG - Data dir: ['__class__', '__class_getitem__', '__contains__', '__delattr__', '__delitem__', '__dir__', '__doc__', '__eq__', '__format__', '__ge__', '__getattribute__', '__getitem__', '__getstate__', '__gt__', '__hash__', '__init__', '__init_subclass__', '__ior__', '__iter__', '__le__', '__len__', '__lt__', '__ne__', '__new__', '__or__', '__reduce__', '__reduce_ex__', '__repr__', '__reversed__', '__ror__', '__setattr__', '__setitem__', '__sizeof__', '__str__', '__subclasshook__', 'clear', 'copy', 'fromkeys', 'get', 'items', 'keys', 'pop', 'popitem', 'setdefault', 'update', 'values']
2025-06-15 20:49:43,840 - data_provider - DEBUG - Data content for symbol GTLB: {'GTLB': [{   'close': 50.99,
    'high': 54.8,
    'low': 50.25,
    'open': 54.41,
    'symbol': 'GTLB',
    'timestamp': datetime.datetime(2025, 3, 10, 4, 0, tzinfo=TzInfo(UTC)),
    'trade_count': 49962.0,
    'volume': 3406805.0,
    'vwap': 51.913428}, {   'close': 51.94,
    'high': 52.52,
    'low': 49.91,
    'open': 50.53,
    'symbol': 'GTLB',
    'timestamp': datetime.datetime(2025, 3, 11, 4, 0, tzinfo=TzInfo(UTC)),
    'trade_count': 44082.0,
    'volume': 2593852.0,
    'vwap': 51.371011}, {   'close': 52.79,
    'high': 54.61,
    'low': 51.48,
    'open': 53.78,
    'symbol': 'GTLB',
    'timestamp': datetime.datetime(2025, 3, 12, 4, 0, tzinfo=TzInfo(UTC)),
    'trade_count': 34416.0,
    'volume': 2222288.0,
    'vwap': 52.760597}, {   'close': 49.98,
    'high': 52.24,
    'low': 48.6938,
    'open': 52.24,
    'symbol': 'GTLB',
    'timestamp': datetime.datetime(2025, 3, 13, 4, 0, tzinfo=TzInfo(UTC)),
    'trade_count': 42479.0,
    'volume': 2879626.0,
    'vwap': 49.732187}, {   'close': 52.08,
    'high': 52.25,
    'low': 50.77,
    'open': 51.04,
    'symbol': 'GTLB',
    'timestamp': datetime.datetime(2025, 3, 14, 4, 0, tzinfo=TzInfo(UTC)),
    'trade_count': 29640.0,
    'volume': 1935568.0,
    'vwap': 51.778714}, {   'close': 51.94,
    'high': 52.6477,
    'low': 51.1217,
    'open': 51.37,
    'symbol': 'GTLB',
    'timestamp': datetime.datetime(2025, 3, 17, 4, 0, tzinfo=TzInfo(UTC)),
    'trade_count': 32527.0,
    'volume': 2007137.0,
    'vwap': 51.948677}, {   'close': 49.89,
    'high': 51.48,
    'low': 49.3,
    'open': 51.43,
    'symbol': 'GTLB',
    'timestamp': datetime.datetime(2025, 3, 18, 4, 0, tzinfo=TzInfo(UTC)),
    'trade_count': 32920.0,
    'volume': 2201999.0,
    'vwap': 50.022992}, {   'close': 51.6,
    'high': 52.41,
    'low': 49.57,
    'open': 50.25,
    'symbol': 'GTLB',
    'timestamp': datetime.datetime(2025, 3, 19, 4, 0, tzinfo=TzInfo(UTC)),
    'trade_count': 29954.0,
    'volume': 1583321.0,
    'vwap': 51.487976}, {   'close': 51.16,
    'high': 51.74,
    'low': 50.19,
    'open': 50.19,
    'symbol': 'GTLB',
    'timestamp': datetime.datetime(2025, 3, 20, 4, 0, tzinfo=TzInfo(UTC)),
    'trade_count': 32543.0,
    'volume': 2022678.0,
    'vwap': 51.058202}, {   'close': 50.95,
    'high': 51.36,
    'low': 49.55,
    'open': 50.115,
    'symbol': 'GTLB',
    'timestamp': datetime.datetime(2025, 3, 21, 4, 0, tzinfo=TzInfo(UTC)),
    'trade_count': 33772.0,
    'volume': 2473178.0,
    'vwap': 50.783852}, {   'close': 52.12,
    'high': 53.19,
    'low': 51.6269,
    'open': 51.66,
    'symbol': 'GTLB',
    'timestamp': datetime.datetime(2025, 3, 24, 4, 0, tzinfo=TzInfo(UTC)),
    'trade_count': 30758.0,
    'volume': 1903932.0,
    'vwap': 52.390782}, {   'close': 53.13,
    'high': 53.55,
    'low': 52.4,
    'open': 52.5,
    'symbol': 'GTLB',
    'timestamp': datetime.datetime(2025, 3, 25, 4, 0, tzinfo=TzInfo(UTC)),
    'trade_count': 27330.0,
    'volume': 1789225.0,
    'vwap': 53.004804}, {   'close': 51.4,
    'high': 52.99,
    'low': 50.94,
    'open': 52.8,
    'symbol': 'GTLB',
    'timestamp': datetime.datetime(2025, 3, 26, 4, 0, tzinfo=TzInfo(UTC)),
    'trade_count': 22527.0,
    'volume': 1256160.0,
    'vwap': 51.397501}, {   'close': 50.18,
    'high': 51.13,
    'low': 49.7,
    'open': 50.59,
    'symbol': 'GTLB',
    'timestamp': datetime.datetime(2025, 3, 27, 4, 0, tzinfo=TzInfo(UTC)),
    'trade_count': 21562.0,
    'volume': 1279322.0,
    'vwap': 50.498798}, {   'close': 48.38,
    'high': 49.775,
    'low': 47.74,
    'open': 49.6,
    'symbol': 'GTLB',
    'timestamp': datetime.datetime(2025, 3, 28, 4, 0, tzinfo=TzInfo(UTC)),
    'trade_count': 31240.0,
    'volume': 1854679.0,
    'vwap': 48.378813}, {   'close': 47.0,
    'high': 47.08,
    'low': 44.67,
    'open': 46.25,
    'symbol': 'GTLB',
    'timestamp': datetime.datetime(2025, 3, 31, 4, 0, tzinfo=TzInfo(UTC)),
    'trade_count': 44387.0,
    'volume': 3571273.0,
    'vwap': 46.252311}, {   'close': 47.65,
    'high': 47.66,
    'low': 45.9715,
    'open': 46.73,
    'symbol': 'GTLB',
    'timestamp': datetime.datetime(2025, 4, 1, 4, 0, tzinfo=TzInfo(UTC)),
    'trade_count': 29255.0,
    'volume': 1903034.0,
    'vwap': 47.195259}, {   'close': 48.33,
    'high': 48.88,
    'low': 46.57,
    'open': 46.57,
    'symbol': 'GTLB',
    'timestamp': datetime.datetime(2025, 4, 2, 4, 0, tzinfo=TzInfo(UTC)),
    'trade_count': 23696.0,
    'volume': 1441611.0,
    'vwap': 48.218914}, {   'close': 42.53,
    'high': 46.0,
    'low': 42.48,
    'open': 45.04,
    'symbol': 'GTLB',
    'timestamp': datetime.datetime(2025, 4, 3, 4, 0, tzinfo=TzInfo(UTC)),
    'trade_count': 52356.0,
    'volume': 3802390.0,
    'vwap': 43.657514}, {   'close': 41.09,
    'high': 41.56,
    'low': 37.8969,
    'open': 40.8,
    'symbol': 'GTLB',
    'timestamp': datetime.datetime(2025, 4, 4, 4, 0, tzinfo=TzInfo(UTC)),
    'trade_count': 58185.0,
    'volume': 4118733.0,
    'vwap': 40.213957}, {   'close': 42.8,
    'high': 44.09,
    'low': 38.05,
    'open': 38.31,
    'symbol': 'GTLB',
    'timestamp': datetime.datetime(2025, 4, 7, 4, 0, tzinfo=TzInfo(UTC)),
    'trade_count': 68959.0,
    'volume': 5036826.0,
    'vwap': 42.315222}, {   'close': 40.52,
    'high': 44.95,
    'low': 39.7,
    'open': 44.57,
    'symbol': 'GTLB',
    'timestamp': datetime.datetime(2025, 4, 8, 4, 0, tzinfo=TzInfo(UTC)),
    'trade_count': 46223.0,
    'volume': 3728566.0,
    'vwap': 41.422278}, {   'close': 46.3,
    'high': 47.2,
    'low': 40.62,
    'open': 41.37,
    'symbol': 'GTLB',
    'timestamp': datetime.datetime(2025, 4, 9, 4, 0, tzinfo=TzInfo(UTC)),
    'trade_count': 61783.0,
    'volume': 5189299.0,
    'vwap': 44.224766}, {   'close': 42.98,
    'high': 45.4644,
    'low': 42.31,
    'open': 45.03,
    'symbol': 'GTLB',
    'timestamp': datetime.datetime(2025, 4, 10, 4, 0, tzinfo=TzInfo(UTC)),
    'trade_count': 50894.0,
    'volume': 3848176.0,
    'vwap': 43.409623}, {   'close': 41.92,
    'high': 43.49,
    'low': 41.11,
    'open': 42.94,
    'symbol': 'GTLB',
    'timestamp': datetime.datetime(2025, 4, 11, 4, 0, tzinfo=TzInfo(UTC)),
    'trade_count': 45708.0,
    'volume': 5092166.0,
    'vwap': 41.924328}, {   'close': 42.41,
    'high': 44.035,
    'low': 42.0,
    'open': 43.57,
    'symbol': 'GTLB',
    'timestamp': datetime.datetime(2025, 4, 14, 4, 0, tzinfo=TzInfo(UTC)),
    'trade_count': 30082.0,
    'volume': 1933401.0,
    'vwap': 42.754271}, {   'close': 43.65,
    'high': 43.8,
    'low': 41.79,
    'open': 42.06,
    'symbol': 'GTLB',
    'timestamp': datetime.datetime(2025, 4, 15, 4, 0, tzinfo=TzInfo(UTC)),
    'trade_count': 32503.0,
    'volume': 2368951.0,
    'vwap': 43.327724}, {   'close': 42.17,
    'high': 43.396,
    'low': 41.41,
    'open': 42.54,
    'symbol': 'GTLB',
    'timestamp': datetime.datetime(2025, 4, 16, 4, 0, tzinfo=TzInfo(UTC)),
    'trade_count': 39674.0,
    'volume': 3651092.0,
    'vwap': 42.439781}, {   'close': 42.9,
    'high': 43.105,
    'low': 41.8652,
    'open': 41.98,
    'symbol': 'GTLB',
    'timestamp': datetime.datetime(2025, 4, 17, 4, 0, tzinfo=TzInfo(UTC)),
    'trade_count': 29276.0,
    'volume': 3101497.0,
    'vwap': 42.668006}, {   'close': 40.97,
    'high': 42.225,
    'low': 39.8161,
    'open': 42.0,
    'symbol': 'GTLB',
    'timestamp': datetime.datetime(2025, 4, 21, 4, 0, tzinfo=TzInfo(UTC)),
    'trade_count': 39215.0,
    'volume': 3380277.0,
    'vwap': 40.594081}, {   'close': 41.55,
    'high': 41.9,
    'low': 40.38,
    'open': 41.4,
    'symbol': 'GTLB',
    'timestamp': datetime.datetime(2025, 4, 22, 4, 0, tzinfo=TzInfo(UTC)),
    'trade_count': 25604.0,
    'volume': 2147833.0,
    'vwap': 41.309879}, {   'close': 42.92,
    'high': 45.06,
    'low': 42.86,
    'open': 43.94,
    'symbol': 'GTLB',
    'timestamp': datetime.datetime(2025, 4, 23, 4, 0, tzinfo=TzInfo(UTC)),
    'trade_count': 32991.0,
    'volume': 2341858.0,
    'vwap': 43.741566}, {   'close': 45.67,
    'high': 45.76,
    'low': 43.655,
    'open': 43.87,
    'symbol': 'GTLB',
    'timestamp': datetime.datetime(2025, 4, 24, 4, 0, tzinfo=TzInfo(UTC)),
    'trade_count': 29034.0,
    'volume': 2078446.0,
    'vwap': 45.428656}, {   'close': 47.16,
    'high': 47.47,
    'low': 45.22,
    'open': 45.39,
    'symbol': 'GTLB',
    'timestamp': datetime.datetime(2025, 4, 25, 4, 0, tzinfo=TzInfo(UTC)),
    'trade_count': 29134.0,
    'volume': 1567479.0,
    'vwap': 46.862022}, {   'close': 46.96,
    'high': 47.9435,
    'low': 46.03,
    'open': 47.22,
    'symbol': 'GTLB',
    'timestamp': datetime.datetime(2025, 4, 28, 4, 0, tzinfo=TzInfo(UTC)),
    'trade_count': 25242.0,
    'volume': 2076169.0,
    'vwap': 46.916638}, {   'close': 47.15,
    'high': 47.34,
    'low': 46.35,
    'open': 46.72,
    'symbol': 'GTLB',
    'timestamp': datetime.datetime(2025, 4, 29, 4, 0, tzinfo=TzInfo(UTC)),
    'trade_count': 20688.0,
    'volume': 1656455.0,
    'vwap': 46.96936}, {   'close': 46.67,
    'high': 46.74,
    'low': 44.71,
    'open': 45.71,
    'symbol': 'GTLB',
    'timestamp': datetime.datetime(2025, 4, 30, 4, 0, tzinfo=TzInfo(UTC)),
    'trade_count': 25114.0,
    'volume': 1739393.0,
    'vwap': 46.334065}, {   'close': 46.96,
    'high': 48.44,
    'low': 46.7736,
    'open': 48.09,
    'symbol': 'GTLB',
    'timestamp': datetime.datetime(2025, 5, 1, 4, 0, tzinfo=TzInfo(UTC)),
    'trade_count': 30253.0,
    'volume': 2159040.0,
    'vwap': 47.421161}, {   'close': 46.55,
    'high': 47.2899,
    'low': 46.33,
    'open': 46.82,
    'symbol': 'GTLB',
    'timestamp': datetime.datetime(2025, 5, 2, 4, 0, tzinfo=TzInfo(UTC)),
    'trade_count': 30041.0,
    'volume': 1706071.0,
    'vwap': 46.714763}, {   'close': 45.48,
    'high': 47.41,
    'low': 45.43,
    'open': 45.86,
    'symbol': 'GTLB',
    'timestamp': datetime.datetime(2025, 5, 5, 4, 0, tzinfo=TzInfo(UTC)),
    'trade_count': 33994.0,
    'volume': 2130719.0,
    'vwap': 46.007302}, {   'close': 46.49,
    'high': 46.77,
    'low': 44.53,
    'open': 45.17,
    'symbol': 'GTLB',
    'timestamp': datetime.datetime(2025, 5, 6, 4, 0, tzinfo=TzInfo(UTC)),
    'trade_count': 28452.0,
    'volume': 1720324.0,
    'vwap': 46.279197}, {   'close': 47.08,
    'high': 47.5,
    'low': 46.075,
    'open': 46.075,
    'symbol': 'GTLB',
    'timestamp': datetime.datetime(2025, 5, 7, 4, 0, tzinfo=TzInfo(UTC)),
    'trade_count': 22425.0,
    'volume': 1627768.0,
    'vwap': 46.837729}, {   'close': 49.53,
    'high': 49.93,
    'low': 47.75,
    'open': 48.84,
    'symbol': 'GTLB',
    'timestamp': datetime.datetime(2025, 5, 8, 4, 0, tzinfo=TzInfo(UTC)),
    'trade_count': 36207.0,
    'volume': 2628715.0,
    'vwap': 49.177622}, {   'close': 49.16,
    'high': 50.36,
    'low': 48.44,
    'open': 50.23,
    'symbol': 'GTLB',
    'timestamp': datetime.datetime(2025, 5, 9, 4, 0, tzinfo=TzInfo(UTC)),
    'trade_count': 33489.0,
    'volume': 2085631.0,
    'vwap': 49.367217}, {   'close': 52.06,
    'high': 52.18,
    'low': 50.7071,
    'open': 51.9,
    'symbol': 'GTLB',
    'timestamp': datetime.datetime(2025, 5, 12, 4, 0, tzinfo=TzInfo(UTC)),
    'trade_count': 34250.0,
    'volume': 1976608.0,
    'vwap': 51.759346}, {   'close': 53.36,
    'high': 53.6,
    'low': 51.94,
    'open': 52.06,
    'symbol': 'GTLB',
    'timestamp': datetime.datetime(2025, 5, 13, 4, 0, tzinfo=TzInfo(UTC)),
    'trade_count': 39431.0,
    'volume': 2297453.0,
    'vwap': 53.133327}, {   'close': 53.43,
    'high': 54.08,
    'low': 52.35,
    'open': 53.93,
    'symbol': 'GTLB',
    'timestamp': datetime.datetime(2025, 5, 14, 4, 0, tzinfo=TzInfo(UTC)),
    'trade_count': 37337.0,
    'volume': 2403141.0,
    'vwap': 53.080566}, {   'close': 51.81,
    'high': 53.82,
    'low': 50.78,
    'open': 53.18,
    'symbol': 'GTLB',
    'timestamp': datetime.datetime(2025, 5, 15, 4, 0, tzinfo=TzInfo(UTC)),
    'trade_count': 37558.0,
    'volume': 2660260.0,
    'vwap': 51.596317}, {   'close': 51.49,
    'high': 52.59,
    'low': 51.242,
    'open': 52.0,
    'symbol': 'GTLB',
    'timestamp': datetime.datetime(2025, 5, 16, 4, 0, tzinfo=TzInfo(UTC)),
    'trade_count': 29208.0,
    'volume': 1945863.0,
    'vwap': 51.66239}, {   'close': 48.95,
    'high': 50.4,
    'low': 48.74,
    'open': 50.08,
    'symbol': 'GTLB',
    'timestamp': datetime.datetime(2025, 5, 19, 4, 0, tzinfo=TzInfo(UTC)),
    'trade_count': 50510.0,
    'volume': 3884495.0,
    'vwap': 49.194315}, {   'close': 50.16,
    'high': 50.38,
    'low': 48.725,
    'open': 49.25,
    'symbol': 'GTLB',
    'timestamp': datetime.datetime(2025, 5, 20, 4, 0, tzinfo=TzInfo(UTC)),
    'trade_count': 37785.0,
    'volume': 3084388.0,
    'vwap': 49.965554}, {   'close': 47.6,
    'high': 50.24,
    'low': 47.27,
    'open': 49.7,
    'symbol': 'GTLB',
    'timestamp': datetime.datetime(2025, 5, 21, 4, 0, tzinfo=TzInfo(UTC)),
    'trade_count': 45264.0,
    'volume': 3422978.0,
    'vwap': 47.986045}, {   'close': 47.77,
    'high': 48.7575,
    'low': 47.1177,
    'open': 48.6,
    'symbol': 'GTLB',
    'timestamp': datetime.datetime(2025, 5, 22, 4, 0, tzinfo=TzInfo(UTC)),
    'trade_count': 36633.0,
    'volume': 2689323.0,
    'vwap': 47.833158}, {   'close': 47.5,
    'high': 47.81,
    'low': 46.0,
    'open': 46.4,
    'symbol': 'GTLB',
    'timestamp': datetime.datetime(2025, 5, 23, 4, 0, tzinfo=TzInfo(UTC)),
    'trade_count': 30708.0,
    'volume': 1868887.0,
    'vwap': 47.362754}, {   'close': 48.0,
    'high': 48.5975,
    'low': 47.0,
    'open': 48.39,
    'symbol': 'GTLB',
    'timestamp': datetime.datetime(2025, 5, 27, 4, 0, tzinfo=TzInfo(UTC)),
    'trade_count': 40011.0,
    'volume': 2454049.0,
    'vwap': 47.657115}, {   'close': 46.25,
    'high': 48.1,
    'low': 45.98,
    'open': 47.87,
    'symbol': 'GTLB',
    'timestamp': datetime.datetime(2025, 5, 28, 4, 0, tzinfo=TzInfo(UTC)),
    'trade_count': 38570.0,
    'volume': 2809708.0,
    'vwap': 46.580746}, {   'close': 45.68,
    'high': 47.01,
    'low': 45.48,
    'open': 46.84,
    'symbol': 'GTLB',
    'timestamp': datetime.datetime(2025, 5, 29, 4, 0, tzinfo=TzInfo(UTC)),
    'trade_count': 41189.0,
    'volume': 3071233.0,
    'vwap': 45.983617}, {   'close': 45.51,
    'high': 45.87,
    'low': 44.6766,
    'open': 45.49,
    'symbol': 'GTLB',
    'timestamp': datetime.datetime(2025, 5, 30, 4, 0, tzinfo=TzInfo(UTC)),
    'trade_count': 50722.0,
    'volume': 4475486.0,
    'vwap': 45.311273}, {   'close': 45.55,
    'high': 46.13,
    'low': 44.46,
    'open': 45.43,
    'symbol': 'GTLB',
    'timestamp': datetime.datetime(2025, 6, 2, 4, 0, tzinfo=TzInfo(UTC)),
    'trade_count': 43805.0,
    'volume': 4250148.0,
    'vwap': 45.465178}, {   'close': 46.67,
    'high': 46.86,
    'low': 45.03,
    'open': 45.65,
    'symbol': 'GTLB',
    'timestamp': datetime.datetime(2025, 6, 3, 4, 0, tzinfo=TzInfo(UTC)),
    'trade_count': 52750.0,
    'volume': 4171543.0,
    'vwap': 46.301371}, {   'close': 47.39,
    'high': 47.73,
    'low': 46.36,
    'open': 46.89,
    'symbol': 'GTLB',
    'timestamp': datetime.datetime(2025, 6, 4, 4, 0, tzinfo=TzInfo(UTC)),
    'trade_count': 52901.0,
    'volume': 3635838.0,
    'vwap': 47.301424}, {   'close': 48.77,
    'high': 50.0248,
    'low': 48.0,
    'open': 48.15,
    'symbol': 'GTLB',
    'timestamp': datetime.datetime(2025, 6, 5, 4, 0, tzinfo=TzInfo(UTC)),
    'trade_count': 51867.0,
    'volume': 3358760.0,
    'vwap': 49.091823}, {   'close': 48.77,
    'high': 50.3683,
    'low': 48.65,
    'open': 49.75,
    'symbol': 'GTLB',
    'timestamp': datetime.datetime(2025, 6, 6, 4, 0, tzinfo=TzInfo(UTC)),
    'trade_count': 44971.0,
    'volume': 2786862.0,
    'vwap': 49.084553}, {   'close': 48.64,
    'high': 50.5,
    'low': 48.44,
    'open': 50.11,
    'symbol': 'GTLB',
    'timestamp': datetime.datetime(2025, 6, 9, 4, 0, tzinfo=TzInfo(UTC)),
    'trade_count': 72032.0,
    'volume': 5149105.0,
    'vwap': 49.29939}, {   'close': 48.51,
    'high': 49.8699,
    'low': 47.76,
    'open': 49.2,
    'symbol': 'GTLB',
    'timestamp': datetime.datetime(2025, 6, 10, 4, 0, tzinfo=TzInfo(UTC)),
    'trade_count': 128048.0,
    'volume': 11720682.0,
    'vwap': 48.422359}, {   'close': 43.37,
    'high': 45.24,
    'low': 41.55,
    'open': 41.98,
    'symbol': 'GTLB',
    'timestamp': datetime.datetime(2025, 6, 11, 4, 0, tzinfo=TzInfo(UTC)),
    'trade_count': 260677.0,
    'volume': 26538925.0,
    'vwap': 43.789274}, {   'close': 43.71,
    'high': 44.5965,
    'low': 42.75,
    'open': 43.6,
    'symbol': 'GTLB',
    'timestamp': datetime.datetime(2025, 6, 12, 4, 0, tzinfo=TzInfo(UTC)),
    'trade_count': 105928.0,
    'volume': 8697741.0,
    'vwap': 43.79469}, {   'close': 41.23,
    'high': 43.0,
    'low': 41.01,
    'open': 43.0,
    'symbol': 'GTLB',
    'timestamp': datetime.datetime(2025, 6, 13, 4, 0, tzinfo=TzInfo(UTC)),
    'trade_count': 82876.0,
    'volume': 7052695.0,
    'vwap': 41.987311}]}
2025-06-15 20:49:43,849 - data_provider - DEBUG - Looking for symbol GTLB in data
2025-06-15 20:49:43,849 - data_provider - DEBUG - Dict access result for GTLB: Found
2025-06-15 20:49:44,011 - data_provider - DEBUG - API response type: <class 'alpaca.data.models.bars.BarSet'>
2025-06-15 20:49:44,012 - data_provider - DEBUG - API response dir: ['__abstractmethods__', '__annotations__', '__class__', '__class_getitem__', '__class_vars__', '__copy__', '__deepcopy__', '__delattr__', '__dict__', '__dir__', '__doc__', '__eq__', '__fields__', '__fields_set__', '__firstlineno__', '__format__', '__ge__', '__get_pydantic_core_schema__', '__get_pydantic_json_schema__', '__getattr__', '__getattribute__', '__getitem__', '__getstate__', '__gt__', '__hash__', '__init__', '__init_subclass__', '__iter__', '__le__', '__lt__', '__module__', '__ne__', '__new__', '__pretty__', '__private_attributes__', '__pydantic_complete__', '__pydantic_computed_fields__', '__pydantic_core_schema__', '__pydantic_custom_init__', '__pydantic_decorators__', '__pydantic_extra__', '__pydantic_fields__', '__pydantic_fields_set__', '__pydantic_generic_metadata__', '__pydantic_init_subclass__', '__pydantic_parent_namespace__', '__pydantic_post_init__', '__pydantic_private__', '__pydantic_root_model__', '__pydantic_serializer__', '__pydantic_setattr_handlers__', '__pydantic_validator__', '__reduce__', '__reduce_ex__', '__replace__', '__repr__', '__repr_args__', '__repr_name__', '__repr_recursion__', '__repr_str__', '__rich_repr__', '__setattr__', '__setstate__', '__signature__', '__sizeof__', '__slots__', '__static_attributes__', '__str__', '__subclasshook__', '__weakref__', '_abc_impl', '_calculate_keys', '_copy_and_set_values', '_get_value', '_iter', '_setattr_handler', 'construct', 'copy', 'data', 'df', 'dict', 'from_orm', 'json', 'model_computed_fields', 'model_config', 'model_construct', 'model_copy', 'model_dump', 'model_dump_json', 'model_extra', 'model_fields', 'model_fields_set', 'model_json_schema', 'model_parametrized_name', 'model_post_init', 'model_rebuild', 'model_validate', 'model_validate_json', 'model_validate_strings', 'parse_file', 'parse_obj', 'parse_raw', 'schema', 'schema_json', 'update_forward_refs', 'validate']
2025-06-15 20:49:44,013 - data_provider - DEBUG - Raw API response for symbol ANET: data={'ANET': [{   'close': 87.27,
    'high': 88.69,
    'low': 86.62,
    'open': 87.52,
    'symbol': 'ANET',
    'timestamp': datetime.datetime(2025, 5, 8, 4, 0, tzinfo=TzInfo(UTC)),
    'trade_count': 106833.0,
    'volume': 9722065.0,
    'vwap': 87.740346}, {   'close': 86.52,
    'high': 88.49,
    'low': 85.37,
    'open': 88.1,
    'symbol': 'ANET',
    'timestamp': datetime.datetime(2025, 5, 9, 4, 0, tzinfo=TzInfo(UTC)),
    'trade_count': 95439.0,
    'volume': 8270886.0,
    'vwap': 86.441856}, {   'close': 92.32,
    'high': 92.87,
    'low': 90.36,
    'open': 92.71,
    'symbol': 'ANET',
    'timestamp': datetime.datetime(2025, 5, 12, 4, 0, tzinfo=TzInfo(UTC)),
    'trade_count': 128318.0,
    'volume': 9793636.0,
    'vwap': 91.800698}, {   'close': 97.25,
    'high': 97.85,
    'low': 92.26,
    'open': 92.53,
    'symbol': 'ANET',
    'timestamp': datetime.datetime(2025, 5, 13, 4, 0, tzinfo=TzInfo(UTC)),
    'trade_count': 152514.0,
    'volume': 12100753.0,
    'vwap': 96.393257}, {   'close': 98.22,
    'high': 99.47,
    'low': 96.4212,
    'open': 99.15,
    'symbol': 'ANET',
    'timestamp': datetime.datetime(2025, 5, 14, 4, 0, tzinfo=TzInfo(UTC)),
    'trade_count': 142550.0,
    'volume': 11725411.0,
    'vwap': 97.943979}, {   'close': 96.07,
    'high': 96.42,
    'low': 94.54,
    'open': 95.34,
    'symbol': 'ANET',
    'timestamp': datetime.datetime(2025, 5, 15, 4, 0, tzinfo=TzInfo(UTC)),
    'trade_count': 92518.0,
    'volume': 8292120.0,
    'vwap': 95.71286}, {   'close': 96.42,
    'high': 96.78,
    'low': 95.36,
    'open': 96.62,
    'symbol': 'ANET',
    'timestamp': datetime.datetime(2025, 5, 16, 4, 0, tzinfo=TzInfo(UTC)),
    'trade_count': 68188.0,
    'volume': 5900043.0,
    'vwap': 96.226248}, {   'close': 96.7,
    'high': 96.9,
    'low': 93.6141,
    'open': 94.43,
    'symbol': 'ANET',
    'timestamp': datetime.datetime(2025, 5, 19, 4, 0, tzinfo=TzInfo(UTC)),
    'trade_count': 77215.0,
    'volume': 6161695.0,
    'vwap': 96.308219}, {   'close': 95.67,
    'high': 95.97,
    'low': 94.68,
    'open': 95.58,
    'symbol': 'ANET',
    'timestamp': datetime.datetime(2025, 5, 20, 4, 0, tzinfo=TzInfo(UTC)),
    'trade_count': 84667.0,
    'volume': 5882777.0,
    'vwap': 95.403011}, {   'close': 92.43,
    'high': 95.41,
    'low': 92.195,
    'open': 92.77,
    'symbol': 'ANET',
    'timestamp': datetime.datetime(2025, 5, 21, 4, 0, tzinfo=TzInfo(UTC)),
    'trade_count': 112289.0,
    'volume': 8339530.0,
    'vwap': 93.489074}, {   'close': 92.56,
    'high': 93.44,
    'low': 91.4,
    'open': 92.43,
    'symbol': 'ANET',
    'timestamp': datetime.datetime(2025, 5, 22, 4, 0, tzinfo=TzInfo(UTC)),
    'trade_count': 68270.0,
    'volume': 5523389.0,
    'vwap': 92.874649}, {   'close': 91.2,
    'high': 91.63,
    'low': 89.54,
    'open': 90.0,
    'symbol': 'ANET',
    'timestamp': datetime.datetime(2025, 5, 23, 4, 0, tzinfo=TzInfo(UTC)),
    'trade_count': 97618.0,
    'volume': 7452452.0,
    'vwap': 91.058615}, {   'close': 92.49,
    'high': 93.1124,
    'low': 91.89,
    'open': 92.9,
    'symbol': 'ANET',
    'timestamp': datetime.datetime(2025, 5, 27, 4, 0, tzinfo=TzInfo(UTC)),
    'trade_count': 97685.0,
    'volume': 7884057.0,
    'vwap': 92.478854}, {   'close': 92.79,
    'high': 93.545,
    'low': 92.325,
    'open': 93.09,
    'symbol': 'ANET',
    'timestamp': datetime.datetime(2025, 5, 28, 4, 0, tzinfo=TzInfo(UTC)),
    'trade_count': 75064.0,
    'volume': 5570937.0,
    'vwap': 92.920897}, {   'close': 86.37,
    'high': 90.7,
    'low': 86.26,
    'open': 90.7,
    'symbol': 'ANET',
    'timestamp': datetime.datetime(2025, 5, 29, 4, 0, tzinfo=TzInfo(UTC)),
    'trade_count': 206581.0,
    'volume': 17927415.0,
    'vwap': 87.406878}, {   'close': 86.64,
    'high': 86.7,
    'low': 83.858,
    'open': 85.94,
    'symbol': 'ANET',
    'timestamp': datetime.datetime(2025, 5, 30, 4, 0, tzinfo=TzInfo(UTC)),
    'trade_count': 134353.0,
    'volume': 16492775.0,
    'vwap': 85.900584}, {   'close': 89.78,
    'high': 89.82,
    'low': 86.275,
    'open': 86.31,
    'symbol': 'ANET',
    'timestamp': datetime.datetime(2025, 6, 2, 4, 0, tzinfo=TzInfo(UTC)),
    'trade_count': 103037.0,
    'volume': 9415030.0,
    'vwap': 88.690689}, {   'close': 94.5,
    'high': 94.91,
    'low': 90.02,
    'open': 90.46,
    'symbol': 'ANET',
    'timestamp': datetime.datetime(2025, 6, 3, 4, 0, tzinfo=TzInfo(UTC)),
    'trade_count': 141285.0,
    'volume': 12112679.0,
    'vwap': 93.518236}, {   'close': 94.94,
    'high': 96.3597,
    'low': 94.67,
    'open': 94.77,
    'symbol': 'ANET',
    'timestamp': datetime.datetime(2025, 6, 4, 4, 0, tzinfo=TzInfo(UTC)),
    'trade_count': 106088.0,
    'volume': 9528017.0,
    'vwap': 95.276996}, {   'close': 95.18,
    'high': 96.555,
    'low': 94.29,
    'open': 95.65,
    'symbol': 'ANET',
    'timestamp': datetime.datetime(2025, 6, 5, 4, 0, tzinfo=TzInfo(UTC)),
    'trade_count': 99085.0,
    'volume': 7953288.0,
    'vwap': 95.464973}, {   'close': 97.25,
    'high': 97.63,
    'low': 95.26,
    'open': 96.11,
    'symbol': 'ANET',
    'timestamp': datetime.datetime(2025, 6, 6, 4, 0, tzinfo=TzInfo(UTC)),
    'trade_count': 93576.0,
    'volume': 6622759.0,
    'vwap': 96.93164}, {   'close': 96.8,
    'high': 98.825,
    'low': 96.77,
    'open': 97.98,
    'symbol': 'ANET',
    'timestamp': datetime.datetime(2025, 6, 9, 4, 0, tzinfo=TzInfo(UTC)),
    'trade_count': 98737.0,
    'volume': 8000699.0,
    'vwap': 97.621281}, {   'close': 93.7,
    'high': 97.4712,
    'low': 92.25,
    'open': 97.0,
    'symbol': 'ANET',
    'timestamp': datetime.datetime(2025, 6, 10, 4, 0, tzinfo=TzInfo(UTC)),
    'trade_count': 118884.0,
    'volume': 8785670.0,
    'vwap': 93.746696}, {   'close': 94.21,
    'high': 94.38,
    'low': 91.25,
    'open': 92.725,
    'symbol': 'ANET',
    'timestamp': datetime.datetime(2025, 6, 11, 4, 0, tzinfo=TzInfo(UTC)),
    'trade_count': 102147.0,
    'volume': 9307527.0,
    'vwap': 93.550795}, {   'close': 95.77,
    'high': 97.43,
    'low': 94.2201,
    'open': 94.3,
    'symbol': 'ANET',
    'timestamp': datetime.datetime(2025, 6, 12, 4, 0, tzinfo=TzInfo(UTC)),
    'trade_count': 96105.0,
    'volume': 8765676.0,
    'vwap': 96.20722}, {   'close': 92.35,
    'high': 94.94,
    'low': 92.12,
    'open': 94.5,
    'symbol': 'ANET',
    'timestamp': datetime.datetime(2025, 6, 13, 4, 0, tzinfo=TzInfo(UTC)),
    'trade_count': 88723.0,
    'volume': 6217252.0,
    'vwap': 93.084596}]}
2025-06-15 20:49:44,018 - data_provider - DEBUG - Using object response, data type: <class 'dict'>
2025-06-15 20:49:44,018 - data_provider - DEBUG - Data dir: ['__class__', '__class_getitem__', '__contains__', '__delattr__', '__delitem__', '__dir__', '__doc__', '__eq__', '__format__', '__ge__', '__getattribute__', '__getitem__', '__getstate__', '__gt__', '__hash__', '__init__', '__init_subclass__', '__ior__', '__iter__', '__le__', '__len__', '__lt__', '__ne__', '__new__', '__or__', '__reduce__', '__reduce_ex__', '__repr__', '__reversed__', '__ror__', '__setattr__', '__setitem__', '__sizeof__', '__str__', '__subclasshook__', 'clear', 'copy', 'fromkeys', 'get', 'items', 'keys', 'pop', 'popitem', 'setdefault', 'update', 'values']
2025-06-15 20:49:44,018 - data_provider - DEBUG - Data content for symbol ANET: {'ANET': [{   'close': 87.27,
    'high': 88.69,
    'low': 86.62,
    'open': 87.52,
    'symbol': 'ANET',
    'timestamp': datetime.datetime(2025, 5, 8, 4, 0, tzinfo=TzInfo(UTC)),
    'trade_count': 106833.0,
    'volume': 9722065.0,
    'vwap': 87.740346}, {   'close': 86.52,
    'high': 88.49,
    'low': 85.37,
    'open': 88.1,
    'symbol': 'ANET',
    'timestamp': datetime.datetime(2025, 5, 9, 4, 0, tzinfo=TzInfo(UTC)),
    'trade_count': 95439.0,
    'volume': 8270886.0,
    'vwap': 86.441856}, {   'close': 92.32,
    'high': 92.87,
    'low': 90.36,
    'open': 92.71,
    'symbol': 'ANET',
    'timestamp': datetime.datetime(2025, 5, 12, 4, 0, tzinfo=TzInfo(UTC)),
    'trade_count': 128318.0,
    'volume': 9793636.0,
    'vwap': 91.800698}, {   'close': 97.25,
    'high': 97.85,
    'low': 92.26,
    'open': 92.53,
    'symbol': 'ANET',
    'timestamp': datetime.datetime(2025, 5, 13, 4, 0, tzinfo=TzInfo(UTC)),
    'trade_count': 152514.0,
    'volume': 12100753.0,
    'vwap': 96.393257}, {   'close': 98.22,
    'high': 99.47,
    'low': 96.4212,
    'open': 99.15,
    'symbol': 'ANET',
    'timestamp': datetime.datetime(2025, 5, 14, 4, 0, tzinfo=TzInfo(UTC)),
    'trade_count': 142550.0,
    'volume': 11725411.0,
    'vwap': 97.943979}, {   'close': 96.07,
    'high': 96.42,
    'low': 94.54,
    'open': 95.34,
    'symbol': 'ANET',
    'timestamp': datetime.datetime(2025, 5, 15, 4, 0, tzinfo=TzInfo(UTC)),
    'trade_count': 92518.0,
    'volume': 8292120.0,
    'vwap': 95.71286}, {   'close': 96.42,
    'high': 96.78,
    'low': 95.36,
    'open': 96.62,
    'symbol': 'ANET',
    'timestamp': datetime.datetime(2025, 5, 16, 4, 0, tzinfo=TzInfo(UTC)),
    'trade_count': 68188.0,
    'volume': 5900043.0,
    'vwap': 96.226248}, {   'close': 96.7,
    'high': 96.9,
    'low': 93.6141,
    'open': 94.43,
    'symbol': 'ANET',
    'timestamp': datetime.datetime(2025, 5, 19, 4, 0, tzinfo=TzInfo(UTC)),
    'trade_count': 77215.0,
    'volume': 6161695.0,
    'vwap': 96.308219}, {   'close': 95.67,
    'high': 95.97,
    'low': 94.68,
    'open': 95.58,
    'symbol': 'ANET',
    'timestamp': datetime.datetime(2025, 5, 20, 4, 0, tzinfo=TzInfo(UTC)),
    'trade_count': 84667.0,
    'volume': 5882777.0,
    'vwap': 95.403011}, {   'close': 92.43,
    'high': 95.41,
    'low': 92.195,
    'open': 92.77,
    'symbol': 'ANET',
    'timestamp': datetime.datetime(2025, 5, 21, 4, 0, tzinfo=TzInfo(UTC)),
    'trade_count': 112289.0,
    'volume': 8339530.0,
    'vwap': 93.489074}, {   'close': 92.56,
    'high': 93.44,
    'low': 91.4,
    'open': 92.43,
    'symbol': 'ANET',
    'timestamp': datetime.datetime(2025, 5, 22, 4, 0, tzinfo=TzInfo(UTC)),
    'trade_count': 68270.0,
    'volume': 5523389.0,
    'vwap': 92.874649}, {   'close': 91.2,
    'high': 91.63,
    'low': 89.54,
    'open': 90.0,
    'symbol': 'ANET',
    'timestamp': datetime.datetime(2025, 5, 23, 4, 0, tzinfo=TzInfo(UTC)),
    'trade_count': 97618.0,
    'volume': 7452452.0,
    'vwap': 91.058615}, {   'close': 92.49,
    'high': 93.1124,
    'low': 91.89,
    'open': 92.9,
    'symbol': 'ANET',
    'timestamp': datetime.datetime(2025, 5, 27, 4, 0, tzinfo=TzInfo(UTC)),
    'trade_count': 97685.0,
    'volume': 7884057.0,
    'vwap': 92.478854}, {   'close': 92.79,
    'high': 93.545,
    'low': 92.325,
    'open': 93.09,
    'symbol': 'ANET',
    'timestamp': datetime.datetime(2025, 5, 28, 4, 0, tzinfo=TzInfo(UTC)),
    'trade_count': 75064.0,
    'volume': 5570937.0,
    'vwap': 92.920897}, {   'close': 86.37,
    'high': 90.7,
    'low': 86.26,
    'open': 90.7,
    'symbol': 'ANET',
    'timestamp': datetime.datetime(2025, 5, 29, 4, 0, tzinfo=TzInfo(UTC)),
    'trade_count': 206581.0,
    'volume': 17927415.0,
    'vwap': 87.406878}, {   'close': 86.64,
    'high': 86.7,
    'low': 83.858,
    'open': 85.94,
    'symbol': 'ANET',
    'timestamp': datetime.datetime(2025, 5, 30, 4, 0, tzinfo=TzInfo(UTC)),
    'trade_count': 134353.0,
    'volume': 16492775.0,
    'vwap': 85.900584}, {   'close': 89.78,
    'high': 89.82,
    'low': 86.275,
    'open': 86.31,
    'symbol': 'ANET',
    'timestamp': datetime.datetime(2025, 6, 2, 4, 0, tzinfo=TzInfo(UTC)),
    'trade_count': 103037.0,
    'volume': 9415030.0,
    'vwap': 88.690689}, {   'close': 94.5,
    'high': 94.91,
    'low': 90.02,
    'open': 90.46,
    'symbol': 'ANET',
    'timestamp': datetime.datetime(2025, 6, 3, 4, 0, tzinfo=TzInfo(UTC)),
    'trade_count': 141285.0,
    'volume': 12112679.0,
    'vwap': 93.518236}, {   'close': 94.94,
    'high': 96.3597,
    'low': 94.67,
    'open': 94.77,
    'symbol': 'ANET',
    'timestamp': datetime.datetime(2025, 6, 4, 4, 0, tzinfo=TzInfo(UTC)),
    'trade_count': 106088.0,
    'volume': 9528017.0,
    'vwap': 95.276996}, {   'close': 95.18,
    'high': 96.555,
    'low': 94.29,
    'open': 95.65,
    'symbol': 'ANET',
    'timestamp': datetime.datetime(2025, 6, 5, 4, 0, tzinfo=TzInfo(UTC)),
    'trade_count': 99085.0,
    'volume': 7953288.0,
    'vwap': 95.464973}, {   'close': 97.25,
    'high': 97.63,
    'low': 95.26,
    'open': 96.11,
    'symbol': 'ANET',
    'timestamp': datetime.datetime(2025, 6, 6, 4, 0, tzinfo=TzInfo(UTC)),
    'trade_count': 93576.0,
    'volume': 6622759.0,
    'vwap': 96.93164}, {   'close': 96.8,
    'high': 98.825,
    'low': 96.77,
    'open': 97.98,
    'symbol': 'ANET',
    'timestamp': datetime.datetime(2025, 6, 9, 4, 0, tzinfo=TzInfo(UTC)),
    'trade_count': 98737.0,
    'volume': 8000699.0,
    'vwap': 97.621281}, {   'close': 93.7,
    'high': 97.4712,
    'low': 92.25,
    'open': 97.0,
    'symbol': 'ANET',
    'timestamp': datetime.datetime(2025, 6, 10, 4, 0, tzinfo=TzInfo(UTC)),
    'trade_count': 118884.0,
    'volume': 8785670.0,
    'vwap': 93.746696}, {   'close': 94.21,
    'high': 94.38,
    'low': 91.25,
    'open': 92.725,
    'symbol': 'ANET',
    'timestamp': datetime.datetime(2025, 6, 11, 4, 0, tzinfo=TzInfo(UTC)),
    'trade_count': 102147.0,
    'volume': 9307527.0,
    'vwap': 93.550795}, {   'close': 95.77,
    'high': 97.43,
    'low': 94.2201,
    'open': 94.3,
    'symbol': 'ANET',
    'timestamp': datetime.datetime(2025, 6, 12, 4, 0, tzinfo=TzInfo(UTC)),
    'trade_count': 96105.0,
    'volume': 8765676.0,
    'vwap': 96.20722}, {   'close': 92.35,
    'high': 94.94,
    'low': 92.12,
    'open': 94.5,
    'symbol': 'ANET',
    'timestamp': datetime.datetime(2025, 6, 13, 4, 0, tzinfo=TzInfo(UTC)),
    'trade_count': 88723.0,
    'volume': 6217252.0,
    'vwap': 93.084596}]}
2025-06-15 20:49:44,022 - data_provider - DEBUG - Looking for symbol ANET in data
2025-06-15 20:49:44,022 - data_provider - DEBUG - Dict access result for ANET: Found
2025-06-15 20:49:44,194 - data_provider - DEBUG - API response type: <class 'alpaca.data.models.bars.BarSet'>
2025-06-15 20:49:44,194 - data_provider - DEBUG - API response dir: ['__abstractmethods__', '__annotations__', '__class__', '__class_getitem__', '__class_vars__', '__copy__', '__deepcopy__', '__delattr__', '__dict__', '__dir__', '__doc__', '__eq__', '__fields__', '__fields_set__', '__firstlineno__', '__format__', '__ge__', '__get_pydantic_core_schema__', '__get_pydantic_json_schema__', '__getattr__', '__getattribute__', '__getitem__', '__getstate__', '__gt__', '__hash__', '__init__', '__init_subclass__', '__iter__', '__le__', '__lt__', '__module__', '__ne__', '__new__', '__pretty__', '__private_attributes__', '__pydantic_complete__', '__pydantic_computed_fields__', '__pydantic_core_schema__', '__pydantic_custom_init__', '__pydantic_decorators__', '__pydantic_extra__', '__pydantic_fields__', '__pydantic_fields_set__', '__pydantic_generic_metadata__', '__pydantic_init_subclass__', '__pydantic_parent_namespace__', '__pydantic_post_init__', '__pydantic_private__', '__pydantic_root_model__', '__pydantic_serializer__', '__pydantic_setattr_handlers__', '__pydantic_validator__', '__reduce__', '__reduce_ex__', '__replace__', '__repr__', '__repr_args__', '__repr_name__', '__repr_recursion__', '__repr_str__', '__rich_repr__', '__setattr__', '__setstate__', '__signature__', '__sizeof__', '__slots__', '__static_attributes__', '__str__', '__subclasshook__', '__weakref__', '_abc_impl', '_calculate_keys', '_copy_and_set_values', '_get_value', '_iter', '_setattr_handler', 'construct', 'copy', 'data', 'df', 'dict', 'from_orm', 'json', 'model_computed_fields', 'model_config', 'model_construct', 'model_copy', 'model_dump', 'model_dump_json', 'model_extra', 'model_fields', 'model_fields_set', 'model_json_schema', 'model_parametrized_name', 'model_post_init', 'model_rebuild', 'model_validate', 'model_validate_json', 'model_validate_strings', 'parse_file', 'parse_obj', 'parse_raw', 'schema', 'schema_json', 'update_forward_refs', 'validate']
2025-06-15 20:49:44,195 - data_provider - DEBUG - Raw API response for symbol PLTR: data={'PLTR': [{   'close': 119.15,
    'high': 120.38,
    'low': 112.07,
    'open': 112.28,
    'symbol': 'PLTR',
    'timestamp': datetime.datetime(2025, 5, 8, 4, 0, tzinfo=TzInfo(UTC)),
    'trade_count': 1072622.0,
    'volume': 126966207.0,
    'vwap': 117.842696}, {   'close': 117.3,
    'high': 119.16,
    'low': 114.9,
    'open': 118.97,
    'symbol': 'PLTR',
    'timestamp': datetime.datetime(2025, 5, 9, 4, 0, tzinfo=TzInfo(UTC)),
    'trade_count': 711851.0,
    'volume': 81005270.0,
    'vwap': 116.902079}, {   'close': 118.46,
    'high': 120.935,
    'low': 115.01,
    'open': 120.78,
    'symbol': 'PLTR',
    'timestamp': datetime.datetime(2025, 5, 12, 4, 0, tzinfo=TzInfo(UTC)),
    'trade_count': 859160.0,
    'volume': 94257341.0,
    'vwap': 117.694272}, {   'close': 128.1,
    'high': 130.6,
    'low': 119.31,
    'open': 119.92,
    'symbol': 'PLTR',
    'timestamp': datetime.datetime(2025, 5, 13, 4, 0, tzinfo=TzInfo(UTC)),
    'trade_count': 1345444.0,
    'volume': 147155359.0,
    'vwap': 126.90407}, {   'close': 130.18,
    'high': 133.49,
    'low': 127.5593,
    'open': 129.01,
    'symbol': 'PLTR',
    'timestamp': datetime.datetime(2025, 5, 14, 4, 0, tzinfo=TzInfo(UTC)),
    'trade_count': 927325.0,
    'volume': 96611470.0,
    'vwap': 129.961103}, {   'close': 128.12,
    'high': 130.1999,
    'low': 125.74,
    'open': 128.37,
    'symbol': 'PLTR',
    'timestamp': datetime.datetime(2025, 5, 15, 4, 0, tzinfo=TzInfo(UTC)),
    'trade_count': 683739.0,
    'volume': 69502967.0,
    'vwap': 128.203653}, {   'close': 129.52,
    'high': 130.33,
    'low': 126.76,
    'open': 129.23,
    'symbol': 'PLTR',
    'timestamp': datetime.datetime(2025, 5, 16, 4, 0, tzinfo=TzInfo(UTC)),
    'trade_count': 567054.0,
    'volume': 57003724.0,
    'vwap': 128.678382}, {   'close': 126.33,
    'high': 127.77,
    'low': 124.32,
    'open': 124.715,
    'symbol': 'PLTR',
    'timestamp': datetime.datetime(2025, 5, 19, 4, 0, tzinfo=TzInfo(UTC)),
    'trade_count': 722273.0,
    'volume': 72503922.0,
    'vwap': 126.04451}, {   'close': 125.59,
    'high': 128.2,
    'low': 124.65,
    'open': 127.22,
    'symbol': 'PLTR',
    'timestamp': datetime.datetime(2025, 5, 20, 4, 0, tzinfo=TzInfo(UTC)),
    'trade_count': 569617.0,
    'volume': 61265310.0,
    'vwap': 126.183555}, {   'close': 120.58,
    'high': 127.11,
    'low': 119.41,
    'open': 125.16,
    'symbol': 'PLTR',
    'timestamp': datetime.datetime(2025, 5, 21, 4, 0, tzinfo=TzInfo(UTC)),
    'trade_count': 758160.0,
    'volume': 80657671.0,
    'vwap': 123.673848}, {   'close': 122.29,
    'high': 126.33,
    'low': 121.375,
    'open': 121.95,
    'symbol': 'PLTR',
    'timestamp': datetime.datetime(2025, 5, 22, 4, 0, tzinfo=TzInfo(UTC)),
    'trade_count': 661148.0,
    'volume': 75498278.0,
    'vwap': 124.282009}, {   'close': 123.31,
    'high': 125.54,
    'low': 120.68,
    'open': 120.88,
    'symbol': 'PLTR',
    'timestamp': datetime.datetime(2025, 5, 23, 4, 0, tzinfo=TzInfo(UTC)),
    'trade_count': 566920.0,
    'volume': 65905836.0,
    'vwap': 123.337945}, {   'close': 123.39,
    'high': 127.88,
    'low': 120.88,
    'open': 126.82,
    'symbol': 'PLTR',
    'timestamp': datetime.datetime(2025, 5, 27, 4, 0, tzinfo=TzInfo(UTC)),
    'trade_count': 828061.0,
    'volume': 86455174.0,
    'vwap': 124.120485}, {   'close': 123.76,
    'high': 125.65,
    'low': 122.91,
    'open': 124.23,
    'symbol': 'PLTR',
    'timestamp': datetime.datetime(2025, 5, 28, 4, 0, tzinfo=TzInfo(UTC)),
    'trade_count': 545064.0,
    'volume': 64866004.0,
    'vwap': 124.591559}, {   'close': 122.32,
    'high': 126.47,
    'low': 121.5302,
    'open': 125.35,
    'symbol': 'PLTR',
    'timestamp': datetime.datetime(2025, 5, 29, 4, 0, tzinfo=TzInfo(UTC)),
    'trade_count': 605181.0,
    'volume': 63137904.0,
    'vwap': 122.980905}, {   'close': 131.78,
    'high': 131.94,
    'low': 122.75,
    'open': 123.53,
    'symbol': 'PLTR',
    'timestamp': datetime.datetime(2025, 5, 30, 4, 0, tzinfo=TzInfo(UTC)),
    'trade_count': 1375952.0,
    'volume': 185897579.0,
    'vwap': 128.022353}, {   'close': 132.04,
    'high': 134.48,
    'low': 128.86,
    'open': 131.435,
    'symbol': 'PLTR',
    'timestamp': datetime.datetime(2025, 6, 2, 4, 0, tzinfo=TzInfo(UTC)),
    'trade_count': 828517.0,
    'volume': 93218744.0,
    'vwap': 131.557721}, {   'close': 133.17,
    'high': 135.28,
    'low': 130.1,
    'open': 133.07,
    'symbol': 'PLTR',
    'timestamp': datetime.datetime(2025, 6, 3, 4, 0, tzinfo=TzInfo(UTC)),
    'trade_count': 747170.0,
    'volume': 91297662.0,
    'vwap': 132.627304}, {   'close': 130.01,
    'high': 132.95,
    'low': 125.58,
    'open': 132.8,
    'symbol': 'PLTR',
    'timestamp': datetime.datetime(2025, 6, 4, 4, 0, tzinfo=TzInfo(UTC)),
    'trade_count': 875190.0,
    'volume': 97306314.0,
    'vwap': 129.029979}, {   'close': 119.91,
    'high': 132.85,
    'low': 118.93,
    'open': 129.27,
    'symbol': 'PLTR',
    'timestamp': datetime.datetime(2025, 6, 5, 4, 0, tzinfo=TzInfo(UTC)),
    'trade_count': 1319633.0,
    'volume': 132238651.0,
    'vwap': 125.71608}, {   'close': 127.72,
    'high': 128.13,
    'low': 121.92,
    'open': 123.73,
    'symbol': 'PLTR',
    'timestamp': datetime.datetime(2025, 6, 6, 4, 0, tzinfo=TzInfo(UTC)),
    'trade_count': 771727.0,
    'volume': 87175144.0,
    'vwap': 125.657228}, {   'close': 132.06,
    'high': 132.23,
    'low': 124.8,
    'open': 127.075,
    'symbol': 'PLTR',
    'timestamp': datetime.datetime(2025, 6, 9, 4, 0, tzinfo=TzInfo(UTC)),
    'trade_count': 668440.0,
    'volume': 74785580.0,
    'vwap': 129.555704}, {   'close': 132.81,
    'high': 134.0699,
    'low': 129.41,
    'open': 131.02,
    'symbol': 'PLTR',
    'timestamp': datetime.datetime(2025, 6, 10, 4, 0, tzinfo=TzInfo(UTC)),
    'trade_count': 608881.0,
    'volume': 69308929.0,
    'vwap': 132.125003}, {   'close': 136.39,
    'high': 140.0,
    'low': 132.99,
    'open': 133.92,
    'symbol': 'PLTR',
    'timestamp': datetime.datetime(2025, 6, 11, 4, 0, tzinfo=TzInfo(UTC)),
    'trade_count': 841889.0,
    'volume': 97366015.0,
    'vwap': 136.647252}, {   'close': 135.19,
    'high': 137.0999,
    'low': 134.63,
    'open': 136.4,
    'symbol': 'PLTR',
    'timestamp': datetime.datetime(2025, 6, 12, 4, 0, tzinfo=TzInfo(UTC)),
    'trade_count': 507944.0,
    'volume': 56248175.0,
    'vwap': 135.681885}, {   'close': 137.4,
    'high': 139.99,
    'low': 133.35,
    'open': 133.815,
    'symbol': 'PLTR',
    'timestamp': datetime.datetime(2025, 6, 13, 4, 0, tzinfo=TzInfo(UTC)),
    'trade_count': 829702.0,
    'volume': 93519043.0,
    'vwap': 137.657189}]}
2025-06-15 20:49:44,201 - data_provider - DEBUG - Using object response, data type: <class 'dict'>
2025-06-15 20:49:44,201 - data_provider - DEBUG - Data dir: ['__class__', '__class_getitem__', '__contains__', '__delattr__', '__delitem__', '__dir__', '__doc__', '__eq__', '__format__', '__ge__', '__getattribute__', '__getitem__', '__getstate__', '__gt__', '__hash__', '__init__', '__init_subclass__', '__ior__', '__iter__', '__le__', '__len__', '__lt__', '__ne__', '__new__', '__or__', '__reduce__', '__reduce_ex__', '__repr__', '__reversed__', '__ror__', '__setattr__', '__setitem__', '__sizeof__', '__str__', '__subclasshook__', 'clear', 'copy', 'fromkeys', 'get', 'items', 'keys', 'pop', 'popitem', 'setdefault', 'update', 'values']
2025-06-15 20:49:44,201 - data_provider - DEBUG - Data content for symbol PLTR: {'PLTR': [{   'close': 119.15,
    'high': 120.38,
    'low': 112.07,
    'open': 112.28,
    'symbol': 'PLTR',
    'timestamp': datetime.datetime(2025, 5, 8, 4, 0, tzinfo=TzInfo(UTC)),
    'trade_count': 1072622.0,
    'volume': 126966207.0,
    'vwap': 117.842696}, {   'close': 117.3,
    'high': 119.16,
    'low': 114.9,
    'open': 118.97,
    'symbol': 'PLTR',
    'timestamp': datetime.datetime(2025, 5, 9, 4, 0, tzinfo=TzInfo(UTC)),
    'trade_count': 711851.0,
    'volume': 81005270.0,
    'vwap': 116.902079}, {   'close': 118.46,
    'high': 120.935,
    'low': 115.01,
    'open': 120.78,
    'symbol': 'PLTR',
    'timestamp': datetime.datetime(2025, 5, 12, 4, 0, tzinfo=TzInfo(UTC)),
    'trade_count': 859160.0,
    'volume': 94257341.0,
    'vwap': 117.694272}, {   'close': 128.1,
    'high': 130.6,
    'low': 119.31,
    'open': 119.92,
    'symbol': 'PLTR',
    'timestamp': datetime.datetime(2025, 5, 13, 4, 0, tzinfo=TzInfo(UTC)),
    'trade_count': 1345444.0,
    'volume': 147155359.0,
    'vwap': 126.90407}, {   'close': 130.18,
    'high': 133.49,
    'low': 127.5593,
    'open': 129.01,
    'symbol': 'PLTR',
    'timestamp': datetime.datetime(2025, 5, 14, 4, 0, tzinfo=TzInfo(UTC)),
    'trade_count': 927325.0,
    'volume': 96611470.0,
    'vwap': 129.961103}, {   'close': 128.12,
    'high': 130.1999,
    'low': 125.74,
    'open': 128.37,
    'symbol': 'PLTR',
    'timestamp': datetime.datetime(2025, 5, 15, 4, 0, tzinfo=TzInfo(UTC)),
    'trade_count': 683739.0,
    'volume': 69502967.0,
    'vwap': 128.203653}, {   'close': 129.52,
    'high': 130.33,
    'low': 126.76,
    'open': 129.23,
    'symbol': 'PLTR',
    'timestamp': datetime.datetime(2025, 5, 16, 4, 0, tzinfo=TzInfo(UTC)),
    'trade_count': 567054.0,
    'volume': 57003724.0,
    'vwap': 128.678382}, {   'close': 126.33,
    'high': 127.77,
    'low': 124.32,
    'open': 124.715,
    'symbol': 'PLTR',
    'timestamp': datetime.datetime(2025, 5, 19, 4, 0, tzinfo=TzInfo(UTC)),
    'trade_count': 722273.0,
    'volume': 72503922.0,
    'vwap': 126.04451}, {   'close': 125.59,
    'high': 128.2,
    'low': 124.65,
    'open': 127.22,
    'symbol': 'PLTR',
    'timestamp': datetime.datetime(2025, 5, 20, 4, 0, tzinfo=TzInfo(UTC)),
    'trade_count': 569617.0,
    'volume': 61265310.0,
    'vwap': 126.183555}, {   'close': 120.58,
    'high': 127.11,
    'low': 119.41,
    'open': 125.16,
    'symbol': 'PLTR',
    'timestamp': datetime.datetime(2025, 5, 21, 4, 0, tzinfo=TzInfo(UTC)),
    'trade_count': 758160.0,
    'volume': 80657671.0,
    'vwap': 123.673848}, {   'close': 122.29,
    'high': 126.33,
    'low': 121.375,
    'open': 121.95,
    'symbol': 'PLTR',
    'timestamp': datetime.datetime(2025, 5, 22, 4, 0, tzinfo=TzInfo(UTC)),
    'trade_count': 661148.0,
    'volume': 75498278.0,
    'vwap': 124.282009}, {   'close': 123.31,
    'high': 125.54,
    'low': 120.68,
    'open': 120.88,
    'symbol': 'PLTR',
    'timestamp': datetime.datetime(2025, 5, 23, 4, 0, tzinfo=TzInfo(UTC)),
    'trade_count': 566920.0,
    'volume': 65905836.0,
    'vwap': 123.337945}, {   'close': 123.39,
    'high': 127.88,
    'low': 120.88,
    'open': 126.82,
    'symbol': 'PLTR',
    'timestamp': datetime.datetime(2025, 5, 27, 4, 0, tzinfo=TzInfo(UTC)),
    'trade_count': 828061.0,
    'volume': 86455174.0,
    'vwap': 124.120485}, {   'close': 123.76,
    'high': 125.65,
    'low': 122.91,
    'open': 124.23,
    'symbol': 'PLTR',
    'timestamp': datetime.datetime(2025, 5, 28, 4, 0, tzinfo=TzInfo(UTC)),
    'trade_count': 545064.0,
    'volume': 64866004.0,
    'vwap': 124.591559}, {   'close': 122.32,
    'high': 126.47,
    'low': 121.5302,
    'open': 125.35,
    'symbol': 'PLTR',
    'timestamp': datetime.datetime(2025, 5, 29, 4, 0, tzinfo=TzInfo(UTC)),
    'trade_count': 605181.0,
    'volume': 63137904.0,
    'vwap': 122.980905}, {   'close': 131.78,
    'high': 131.94,
    'low': 122.75,
    'open': 123.53,
    'symbol': 'PLTR',
    'timestamp': datetime.datetime(2025, 5, 30, 4, 0, tzinfo=TzInfo(UTC)),
    'trade_count': 1375952.0,
    'volume': 185897579.0,
    'vwap': 128.022353}, {   'close': 132.04,
    'high': 134.48,
    'low': 128.86,
    'open': 131.435,
    'symbol': 'PLTR',
    'timestamp': datetime.datetime(2025, 6, 2, 4, 0, tzinfo=TzInfo(UTC)),
    'trade_count': 828517.0,
    'volume': 93218744.0,
    'vwap': 131.557721}, {   'close': 133.17,
    'high': 135.28,
    'low': 130.1,
    'open': 133.07,
    'symbol': 'PLTR',
    'timestamp': datetime.datetime(2025, 6, 3, 4, 0, tzinfo=TzInfo(UTC)),
    'trade_count': 747170.0,
    'volume': 91297662.0,
    'vwap': 132.627304}, {   'close': 130.01,
    'high': 132.95,
    'low': 125.58,
    'open': 132.8,
    'symbol': 'PLTR',
    'timestamp': datetime.datetime(2025, 6, 4, 4, 0, tzinfo=TzInfo(UTC)),
    'trade_count': 875190.0,
    'volume': 97306314.0,
    'vwap': 129.029979}, {   'close': 119.91,
    'high': 132.85,
    'low': 118.93,
    'open': 129.27,
    'symbol': 'PLTR',
    'timestamp': datetime.datetime(2025, 6, 5, 4, 0, tzinfo=TzInfo(UTC)),
    'trade_count': 1319633.0,
    'volume': 132238651.0,
    'vwap': 125.71608}, {   'close': 127.72,
    'high': 128.13,
    'low': 121.92,
    'open': 123.73,
    'symbol': 'PLTR',
    'timestamp': datetime.datetime(2025, 6, 6, 4, 0, tzinfo=TzInfo(UTC)),
    'trade_count': 771727.0,
    'volume': 87175144.0,
    'vwap': 125.657228}, {   'close': 132.06,
    'high': 132.23,
    'low': 124.8,
    'open': 127.075,
    'symbol': 'PLTR',
    'timestamp': datetime.datetime(2025, 6, 9, 4, 0, tzinfo=TzInfo(UTC)),
    'trade_count': 668440.0,
    'volume': 74785580.0,
    'vwap': 129.555704}, {   'close': 132.81,
    'high': 134.0699,
    'low': 129.41,
    'open': 131.02,
    'symbol': 'PLTR',
    'timestamp': datetime.datetime(2025, 6, 10, 4, 0, tzinfo=TzInfo(UTC)),
    'trade_count': 608881.0,
    'volume': 69308929.0,
    'vwap': 132.125003}, {   'close': 136.39,
    'high': 140.0,
    'low': 132.99,
    'open': 133.92,
    'symbol': 'PLTR',
    'timestamp': datetime.datetime(2025, 6, 11, 4, 0, tzinfo=TzInfo(UTC)),
    'trade_count': 841889.0,
    'volume': 97366015.0,
    'vwap': 136.647252}, {   'close': 135.19,
    'high': 137.0999,
    'low': 134.63,
    'open': 136.4,
    'symbol': 'PLTR',
    'timestamp': datetime.datetime(2025, 6, 12, 4, 0, tzinfo=TzInfo(UTC)),
    'trade_count': 507944.0,
    'volume': 56248175.0,
    'vwap': 135.681885}, {   'close': 137.4,
    'high': 139.99,
    'low': 133.35,
    'open': 133.815,
    'symbol': 'PLTR',
    'timestamp': datetime.datetime(2025, 6, 13, 4, 0, tzinfo=TzInfo(UTC)),
    'trade_count': 829702.0,
    'volume': 93519043.0,
    'vwap': 137.657189}]}
2025-06-15 20:49:44,205 - data_provider - DEBUG - Looking for symbol PLTR in data
2025-06-15 20:49:44,205 - data_provider - DEBUG - Dict access result for PLTR: Found
2025-06-15 20:49:44,374 - data_provider - DEBUG - API response type: <class 'alpaca.data.models.bars.BarSet'>
2025-06-15 20:49:44,375 - data_provider - DEBUG - API response dir: ['__abstractmethods__', '__annotations__', '__class__', '__class_getitem__', '__class_vars__', '__copy__', '__deepcopy__', '__delattr__', '__dict__', '__dir__', '__doc__', '__eq__', '__fields__', '__fields_set__', '__firstlineno__', '__format__', '__ge__', '__get_pydantic_core_schema__', '__get_pydantic_json_schema__', '__getattr__', '__getattribute__', '__getitem__', '__getstate__', '__gt__', '__hash__', '__init__', '__init_subclass__', '__iter__', '__le__', '__lt__', '__module__', '__ne__', '__new__', '__pretty__', '__private_attributes__', '__pydantic_complete__', '__pydantic_computed_fields__', '__pydantic_core_schema__', '__pydantic_custom_init__', '__pydantic_decorators__', '__pydantic_extra__', '__pydantic_fields__', '__pydantic_fields_set__', '__pydantic_generic_metadata__', '__pydantic_init_subclass__', '__pydantic_parent_namespace__', '__pydantic_post_init__', '__pydantic_private__', '__pydantic_root_model__', '__pydantic_serializer__', '__pydantic_setattr_handlers__', '__pydantic_validator__', '__reduce__', '__reduce_ex__', '__replace__', '__repr__', '__repr_args__', '__repr_name__', '__repr_recursion__', '__repr_str__', '__rich_repr__', '__setattr__', '__setstate__', '__signature__', '__sizeof__', '__slots__', '__static_attributes__', '__str__', '__subclasshook__', '__weakref__', '_abc_impl', '_calculate_keys', '_copy_and_set_values', '_get_value', '_iter', '_setattr_handler', 'construct', 'copy', 'data', 'df', 'dict', 'from_orm', 'json', 'model_computed_fields', 'model_config', 'model_construct', 'model_copy', 'model_dump', 'model_dump_json', 'model_extra', 'model_fields', 'model_fields_set', 'model_json_schema', 'model_parametrized_name', 'model_post_init', 'model_rebuild', 'model_validate', 'model_validate_json', 'model_validate_strings', 'parse_file', 'parse_obj', 'parse_raw', 'schema', 'schema_json', 'update_forward_refs', 'validate']
2025-06-15 20:49:44,376 - data_provider - DEBUG - Raw API response for symbol SIRI: data={'SIRI': [{   'close': 22.0,
    'high': 22.35,
    'low': 21.87,
    'open': 22.18,
    'symbol': 'SIRI',
    'timestamp': datetime.datetime(2025, 6, 9, 4, 0, tzinfo=TzInfo(UTC)),
    'trade_count': 32257.0,
    'volume': 2917432.0,
    'vwap': 22.042958}, {   'close': 22.81,
    'high': 22.895,
    'low': 21.96,
    'open': 22.08,
    'symbol': 'SIRI',
    'timestamp': datetime.datetime(2025, 6, 10, 4, 0, tzinfo=TzInfo(UTC)),
    'trade_count': 35435.0,
    'volume': 4280492.0,
    'vwap': 22.664825}, {   'close': 22.59,
    'high': 23.17,
    'low': 22.4226,
    'open': 23.0,
    'symbol': 'SIRI',
    'timestamp': datetime.datetime(2025, 6, 11, 4, 0, tzinfo=TzInfo(UTC)),
    'trade_count': 32518.0,
    'volume': 3241520.0,
    'vwap': 22.740345}, {   'close': 21.91,
    'high': 22.6699,
    'low': 21.82,
    'open': 22.46,
    'symbol': 'SIRI',
    'timestamp': datetime.datetime(2025, 6, 12, 4, 0, tzinfo=TzInfo(UTC)),
    'trade_count': 44703.0,
    'volume': 5155817.0,
    'vwap': 21.995706}, {   'close': 21.29,
    'high': 21.649,
    'low': 21.23,
    'open': 21.52,
    'symbol': 'SIRI',
    'timestamp': datetime.datetime(2025, 6, 13, 4, 0, tzinfo=TzInfo(UTC)),
    'trade_count': 35258.0,
    'volume': 3687184.0,
    'vwap': 21.394153}]}
2025-06-15 20:49:44,378 - data_provider - DEBUG - Using object response, data type: <class 'dict'>
2025-06-15 20:49:44,378 - data_provider - DEBUG - Data dir: ['__class__', '__class_getitem__', '__contains__', '__delattr__', '__delitem__', '__dir__', '__doc__', '__eq__', '__format__', '__ge__', '__getattribute__', '__getitem__', '__getstate__', '__gt__', '__hash__', '__init__', '__init_subclass__', '__ior__', '__iter__', '__le__', '__len__', '__lt__', '__ne__', '__new__', '__or__', '__reduce__', '__reduce_ex__', '__repr__', '__reversed__', '__ror__', '__setattr__', '__setitem__', '__sizeof__', '__str__', '__subclasshook__', 'clear', 'copy', 'fromkeys', 'get', 'items', 'keys', 'pop', 'popitem', 'setdefault', 'update', 'values']
2025-06-15 20:49:44,378 - data_provider - DEBUG - Data content for symbol SIRI: {'SIRI': [{   'close': 22.0,
    'high': 22.35,
    'low': 21.87,
    'open': 22.18,
    'symbol': 'SIRI',
    'timestamp': datetime.datetime(2025, 6, 9, 4, 0, tzinfo=TzInfo(UTC)),
    'trade_count': 32257.0,
    'volume': 2917432.0,
    'vwap': 22.042958}, {   'close': 22.81,
    'high': 22.895,
    'low': 21.96,
    'open': 22.08,
    'symbol': 'SIRI',
    'timestamp': datetime.datetime(2025, 6, 10, 4, 0, tzinfo=TzInfo(UTC)),
    'trade_count': 35435.0,
    'volume': 4280492.0,
    'vwap': 22.664825}, {   'close': 22.59,
    'high': 23.17,
    'low': 22.4226,
    'open': 23.0,
    'symbol': 'SIRI',
    'timestamp': datetime.datetime(2025, 6, 11, 4, 0, tzinfo=TzInfo(UTC)),
    'trade_count': 32518.0,
    'volume': 3241520.0,
    'vwap': 22.740345}, {   'close': 21.91,
    'high': 22.6699,
    'low': 21.82,
    'open': 22.46,
    'symbol': 'SIRI',
    'timestamp': datetime.datetime(2025, 6, 12, 4, 0, tzinfo=TzInfo(UTC)),
    'trade_count': 44703.0,
    'volume': 5155817.0,
    'vwap': 21.995706}, {   'close': 21.29,
    'high': 21.649,
    'low': 21.23,
    'open': 21.52,
    'symbol': 'SIRI',
    'timestamp': datetime.datetime(2025, 6, 13, 4, 0, tzinfo=TzInfo(UTC)),
    'trade_count': 35258.0,
    'volume': 3687184.0,
    'vwap': 21.394153}]}
2025-06-15 20:49:44,379 - data_provider - DEBUG - Looking for symbol SIRI in data
2025-06-15 20:49:44,379 - data_provider - DEBUG - Dict access result for SIRI: Found
2025-06-15 20:49:44,537 - data_provider - DEBUG - API response type: <class 'alpaca.data.models.bars.BarSet'>
2025-06-15 20:49:44,538 - data_provider - DEBUG - API response dir: ['__abstractmethods__', '__annotations__', '__class__', '__class_getitem__', '__class_vars__', '__copy__', '__deepcopy__', '__delattr__', '__dict__', '__dir__', '__doc__', '__eq__', '__fields__', '__fields_set__', '__firstlineno__', '__format__', '__ge__', '__get_pydantic_core_schema__', '__get_pydantic_json_schema__', '__getattr__', '__getattribute__', '__getitem__', '__getstate__', '__gt__', '__hash__', '__init__', '__init_subclass__', '__iter__', '__le__', '__lt__', '__module__', '__ne__', '__new__', '__pretty__', '__private_attributes__', '__pydantic_complete__', '__pydantic_computed_fields__', '__pydantic_core_schema__', '__pydantic_custom_init__', '__pydantic_decorators__', '__pydantic_extra__', '__pydantic_fields__', '__pydantic_fields_set__', '__pydantic_generic_metadata__', '__pydantic_init_subclass__', '__pydantic_parent_namespace__', '__pydantic_post_init__', '__pydantic_private__', '__pydantic_root_model__', '__pydantic_serializer__', '__pydantic_setattr_handlers__', '__pydantic_validator__', '__reduce__', '__reduce_ex__', '__replace__', '__repr__', '__repr_args__', '__repr_name__', '__repr_recursion__', '__repr_str__', '__rich_repr__', '__setattr__', '__setstate__', '__signature__', '__sizeof__', '__slots__', '__static_attributes__', '__str__', '__subclasshook__', '__weakref__', '_abc_impl', '_calculate_keys', '_copy_and_set_values', '_get_value', '_iter', '_setattr_handler', 'construct', 'copy', 'data', 'df', 'dict', 'from_orm', 'json', 'model_computed_fields', 'model_config', 'model_construct', 'model_copy', 'model_dump', 'model_dump_json', 'model_extra', 'model_fields', 'model_fields_set', 'model_json_schema', 'model_parametrized_name', 'model_post_init', 'model_rebuild', 'model_validate', 'model_validate_json', 'model_validate_strings', 'parse_file', 'parse_obj', 'parse_raw', 'schema', 'schema_json', 'update_forward_refs', 'validate']
2025-06-15 20:49:44,538 - data_provider - DEBUG - Raw API response for symbol SIRI: data={}
2025-06-15 20:49:44,538 - data_provider - DEBUG - Using object response, data type: <class 'dict'>
2025-06-15 20:49:44,538 - data_provider - DEBUG - No data found for symbol SIRI
2025-06-15 20:49:44,698 - data_provider - DEBUG - API response type: <class 'alpaca.data.models.bars.BarSet'>
2025-06-15 20:49:44,699 - data_provider - DEBUG - API response dir: ['__abstractmethods__', '__annotations__', '__class__', '__class_getitem__', '__class_vars__', '__copy__', '__deepcopy__', '__delattr__', '__dict__', '__dir__', '__doc__', '__eq__', '__fields__', '__fields_set__', '__firstlineno__', '__format__', '__ge__', '__get_pydantic_core_schema__', '__get_pydantic_json_schema__', '__getattr__', '__getattribute__', '__getitem__', '__getstate__', '__gt__', '__hash__', '__init__', '__init_subclass__', '__iter__', '__le__', '__lt__', '__module__', '__ne__', '__new__', '__pretty__', '__private_attributes__', '__pydantic_complete__', '__pydantic_computed_fields__', '__pydantic_core_schema__', '__pydantic_custom_init__', '__pydantic_decorators__', '__pydantic_extra__', '__pydantic_fields__', '__pydantic_fields_set__', '__pydantic_generic_metadata__', '__pydantic_init_subclass__', '__pydantic_parent_namespace__', '__pydantic_post_init__', '__pydantic_private__', '__pydantic_root_model__', '__pydantic_serializer__', '__pydantic_setattr_handlers__', '__pydantic_validator__', '__reduce__', '__reduce_ex__', '__replace__', '__repr__', '__repr_args__', '__repr_name__', '__repr_recursion__', '__repr_str__', '__rich_repr__', '__setattr__', '__setstate__', '__signature__', '__sizeof__', '__slots__', '__static_attributes__', '__str__', '__subclasshook__', '__weakref__', '_abc_impl', '_calculate_keys', '_copy_and_set_values', '_get_value', '_iter', '_setattr_handler', 'construct', 'copy', 'data', 'df', 'dict', 'from_orm', 'json', 'model_computed_fields', 'model_config', 'model_construct', 'model_copy', 'model_dump', 'model_dump_json', 'model_extra', 'model_fields', 'model_fields_set', 'model_json_schema', 'model_parametrized_name', 'model_post_init', 'model_rebuild', 'model_validate', 'model_validate_json', 'model_validate_strings', 'parse_file', 'parse_obj', 'parse_raw', 'schema', 'schema_json', 'update_forward_refs', 'validate']
2025-06-15 20:49:44,699 - data_provider - DEBUG - Raw API response for symbol BA: data={'BA': [{   'close': 191.7,
    'high': 194.75,
    'low': 186.22,
    'open': 186.76,
    'symbol': 'BA',
    'timestamp': datetime.datetime(2025, 5, 8, 4, 0, tzinfo=TzInfo(UTC)),
    'trade_count': 228897.0,
    'volume': 15344057.0,
    'vwap': 191.628765}, {   'close': 194.85,
    'high': 195.3,
    'low': 192.18,
    'open': 193.55,
    'symbol': 'BA',
    'timestamp': datetime.datetime(2025, 5, 9, 4, 0, tzinfo=TzInfo(UTC)),
    'trade_count': 114561.0,
    'volume': 7669875.0,
    'vwap': 194.018461}, {   'close': 198.53,
    'high': 198.78,
    'low': 193.06,
    'open': 198.16,
    'symbol': 'BA',
    'timestamp': datetime.datetime(2025, 5, 12, 4, 0, tzinfo=TzInfo(UTC)),
    'trade_count': 149658.0,
    'volume': 9340695.0,
    'vwap': 197.236963}, {   'close': 203.42,
    'high': 205.73,
    'low': 199.67,
    'open': 200.295,
    'symbol': 'BA',
    'timestamp': datetime.datetime(2025, 5, 13, 4, 0, tzinfo=TzInfo(UTC)),
    'trade_count': 208589.0,
    'volume': 13509485.0,
    'vwap': 203.781705}, {   'close': 204.72,
    'high': 209.66,
    'low': 204.05,
    'open': 205.8,
    'symbol': 'BA',
    'timestamp': datetime.datetime(2025, 5, 14, 4, 0, tzinfo=TzInfo(UTC)),
    'trade_count': 256035.0,
    'volume': 16872271.0,
    'vwap': 206.272881}, {   'close': 206.24,
    'high': 208.6,
    'low': 205.42,
    'open': 207.35,
    'symbol': 'BA',
    'timestamp': datetime.datetime(2025, 5, 15, 4, 0, tzinfo=TzInfo(UTC)),
    'trade_count': 149960.0,
    'volume': 9583873.0,
    'vwap': 206.963681}, {   'close': 205.82,
    'high': 206.24,
    'low': 203.02,
    'open': 205.69,
    'symbol': 'BA',
    'timestamp': datetime.datetime(2025, 5, 16, 4, 0, tzinfo=TzInfo(UTC)),
    'trade_count': 137172.0,
    'volume': 8496835.0,
    'vwap': 204.954972}, {   'close': 205.25,
    'high': 205.6,
    'low': 202.3,
    'open': 203.0,
    'symbol': 'BA',
    'timestamp': datetime.datetime(2025, 5, 19, 4, 0, tzinfo=TzInfo(UTC)),
    'trade_count': 90675.0,
    'volume': 5740193.0,
    'vwap': 204.682158}, {   'close': 207.67,
    'high': 208.62,
    'low': 205.0,
    'open': 205.0,
    'symbol': 'BA',
    'timestamp': datetime.datetime(2025, 5, 20, 4, 0, tzinfo=TzInfo(UTC)),
    'trade_count': 101965.0,
    'volume': 5875970.0,
    'vwap': 207.460453}, {   'close': 203.21,
    'high': 207.1196,
    'low': 202.43,
    'open': 206.6,
    'symbol': 'BA',
    'timestamp': datetime.datetime(2025, 5, 21, 4, 0, tzinfo=TzInfo(UTC)),
    'trade_count': 99016.0,
    'volume': 6616295.0,
    'vwap': 204.424701}, {   'close': 203.41,
    'high': 204.73,
    'low': 201.85,
    'open': 202.53,
    'symbol': 'BA',
    'timestamp': datetime.datetime(2025, 5, 22, 4, 0, tzinfo=TzInfo(UTC)),
    'trade_count': 67429.0,
    'volume': 3634495.0,
    'vwap': 203.670391}, {   'close': 202.36,
    'high': 203.2,
    'low': 198.75,
    'open': 199.95,
    'symbol': 'BA',
    'timestamp': datetime.datetime(2025, 5, 23, 4, 0, tzinfo=TzInfo(UTC)),
    'trade_count': 91533.0,
    'volume': 5255185.0,
    'vwap': 201.778666}, {   'close': 201.03,
    'high': 205.0,
    'low': 200.88,
    'open': 204.28,
    'symbol': 'BA',
    'timestamp': datetime.datetime(2025, 5, 27, 4, 0, tzinfo=TzInfo(UTC)),
    'trade_count': 99043.0,
    'volume': 5857940.0,
    'vwap': 201.98108}, {   'close': 201.5,
    'high': 202.45,
    'low': 200.215,
    'open': 201.95,
    'symbol': 'BA',
    'timestamp': datetime.datetime(2025, 5, 28, 4, 0, tzinfo=TzInfo(UTC)),
    'trade_count': 89424.0,
    'volume': 5481504.0,
    'vwap': 201.623189}, {   'close': 208.18,
    'high': 212.28,
    'low': 201.5,
    'open': 201.775,
    'symbol': 'BA',
    'timestamp': datetime.datetime(2025, 5, 29, 4, 0, tzinfo=TzInfo(UTC)),
    'trade_count': 220793.0,
    'volume': 16345993.0,
    'vwap': 207.832615}, {   'close': 207.32,
    'high': 207.7,
    'low': 204.35,
    'open': 206.77,
    'symbol': 'BA',
    'timestamp': datetime.datetime(2025, 5, 30, 4, 0, tzinfo=TzInfo(UTC)),
    'trade_count': 107430.0,
    'volume': 7485089.0,
    'vwap': 206.56416}, {   'close': 211.47,
    'high': 212.3409,
    'low': 207.9,
    'open': 210.98,
    'symbol': 'BA',
    'timestamp': datetime.datetime(2025, 6, 2, 4, 0, tzinfo=TzInfo(UTC)),
    'trade_count': 129973.0,
    'volume': 7561816.0,
    'vwap': 210.408841}, {   'close': 213.43,
    'high': 215.8,
    'low': 211.77,
    'open': 212.0,
    'symbol': 'BA',
    'timestamp': datetime.datetime(2025, 6, 3, 4, 0, tzinfo=TzInfo(UTC)),
    'trade_count': 128309.0,
    'volume': 8106080.0,
    'vwap': 213.950387}, {   'close': 211.98,
    'high': 214.99,
    'low': 211.03,
    'open': 214.77,
    'symbol': 'BA',
    'timestamp': datetime.datetime(2025, 6, 4, 4, 0, tzinfo=TzInfo(UTC)),
    'trade_count': 101973.0,
    'volume': 5705277.0,
    'vwap': 212.669938}, {   'close': 209.02,
    'high': 212.99,
    'low': 208.22,
    'open': 212.5,
    'symbol': 'BA',
    'timestamp': datetime.datetime(2025, 6, 5, 4, 0, tzinfo=TzInfo(UTC)),
    'trade_count': 84367.0,
    'volume': 4764376.0,
    'vwap': 210.231878}, {   'close': 210.8,
    'high': 211.11,
    'low': 208.04,
    'open': 210.24,
    'symbol': 'BA',
    'timestamp': datetime.datetime(2025, 6, 6, 4, 0, tzinfo=TzInfo(UTC)),
    'trade_count': 96217.0,
    'volume': 6079682.0,
    'vwap': 209.910711}, {   'close': 217.51,
    'high': 218.8,
    'low': 211.09,
    'open': 211.23,
    'symbol': 'BA',
    'timestamp': datetime.datetime(2025, 6, 9, 4, 0, tzinfo=TzInfo(UTC)),
    'trade_count': 148808.0,
    'volume': 9419229.0,
    'vwap': 216.430341}, {   'close': 215.73,
    'high': 217.9005,
    'low': 213.2514,
    'open': 217.58,
    'symbol': 'BA',
    'timestamp': datetime.datetime(2025, 6, 10, 4, 0, tzinfo=TzInfo(UTC)),
    'trade_count': 114479.0,
    'volume': 8190124.0,
    'vwap': 215.52704}, {   'close': 214.0,
    'high': 216.205,
    'low': 212.2101,
    'open': 215.5,
    'symbol': 'BA',
    'timestamp': datetime.datetime(2025, 6, 11, 4, 0, tzinfo=TzInfo(UTC)),
    'trade_count': 95486.0,
    'volume': 5398772.0,
    'vwap': 214.166254}, {   'close': 203.75,
    'high': 206.34,
    'low': 201.28,
    'open': 202.17,
    'symbol': 'BA',
    'timestamp': datetime.datetime(2025, 6, 12, 4, 0, tzinfo=TzInfo(UTC)),
    'trade_count': 461809.0,
    'volume': 30586616.0,
    'vwap': 203.812232}, {   'close': 200.32,
    'high': 202.23,
    'low': 195.28,
    'open': 200.675,
    'symbol': 'BA',
    'timestamp': datetime.datetime(2025, 6, 13, 4, 0, tzinfo=TzInfo(UTC)),
    'trade_count': 243189.0,
    'volume': 16093453.0,
    'vwap': 199.048433}]}
2025-06-15 20:49:44,704 - data_provider - DEBUG - Using object response, data type: <class 'dict'>
2025-06-15 20:49:44,705 - data_provider - DEBUG - Data dir: ['__class__', '__class_getitem__', '__contains__', '__delattr__', '__delitem__', '__dir__', '__doc__', '__eq__', '__format__', '__ge__', '__getattribute__', '__getitem__', '__getstate__', '__gt__', '__hash__', '__init__', '__init_subclass__', '__ior__', '__iter__', '__le__', '__len__', '__lt__', '__ne__', '__new__', '__or__', '__reduce__', '__reduce_ex__', '__repr__', '__reversed__', '__ror__', '__setattr__', '__setitem__', '__sizeof__', '__str__', '__subclasshook__', 'clear', 'copy', 'fromkeys', 'get', 'items', 'keys', 'pop', 'popitem', 'setdefault', 'update', 'values']
2025-06-15 20:49:44,705 - data_provider - DEBUG - Data content for symbol BA: {'BA': [{   'close': 191.7,
    'high': 194.75,
    'low': 186.22,
    'open': 186.76,
    'symbol': 'BA',
    'timestamp': datetime.datetime(2025, 5, 8, 4, 0, tzinfo=TzInfo(UTC)),
    'trade_count': 228897.0,
    'volume': 15344057.0,
    'vwap': 191.628765}, {   'close': 194.85,
    'high': 195.3,
    'low': 192.18,
    'open': 193.55,
    'symbol': 'BA',
    'timestamp': datetime.datetime(2025, 5, 9, 4, 0, tzinfo=TzInfo(UTC)),
    'trade_count': 114561.0,
    'volume': 7669875.0,
    'vwap': 194.018461}, {   'close': 198.53,
    'high': 198.78,
    'low': 193.06,
    'open': 198.16,
    'symbol': 'BA',
    'timestamp': datetime.datetime(2025, 5, 12, 4, 0, tzinfo=TzInfo(UTC)),
    'trade_count': 149658.0,
    'volume': 9340695.0,
    'vwap': 197.236963}, {   'close': 203.42,
    'high': 205.73,
    'low': 199.67,
    'open': 200.295,
    'symbol': 'BA',
    'timestamp': datetime.datetime(2025, 5, 13, 4, 0, tzinfo=TzInfo(UTC)),
    'trade_count': 208589.0,
    'volume': 13509485.0,
    'vwap': 203.781705}, {   'close': 204.72,
    'high': 209.66,
    'low': 204.05,
    'open': 205.8,
    'symbol': 'BA',
    'timestamp': datetime.datetime(2025, 5, 14, 4, 0, tzinfo=TzInfo(UTC)),
    'trade_count': 256035.0,
    'volume': 16872271.0,
    'vwap': 206.272881}, {   'close': 206.24,
    'high': 208.6,
    'low': 205.42,
    'open': 207.35,
    'symbol': 'BA',
    'timestamp': datetime.datetime(2025, 5, 15, 4, 0, tzinfo=TzInfo(UTC)),
    'trade_count': 149960.0,
    'volume': 9583873.0,
    'vwap': 206.963681}, {   'close': 205.82,
    'high': 206.24,
    'low': 203.02,
    'open': 205.69,
    'symbol': 'BA',
    'timestamp': datetime.datetime(2025, 5, 16, 4, 0, tzinfo=TzInfo(UTC)),
    'trade_count': 137172.0,
    'volume': 8496835.0,
    'vwap': 204.954972}, {   'close': 205.25,
    'high': 205.6,
    'low': 202.3,
    'open': 203.0,
    'symbol': 'BA',
    'timestamp': datetime.datetime(2025, 5, 19, 4, 0, tzinfo=TzInfo(UTC)),
    'trade_count': 90675.0,
    'volume': 5740193.0,
    'vwap': 204.682158}, {   'close': 207.67,
    'high': 208.62,
    'low': 205.0,
    'open': 205.0,
    'symbol': 'BA',
    'timestamp': datetime.datetime(2025, 5, 20, 4, 0, tzinfo=TzInfo(UTC)),
    'trade_count': 101965.0,
    'volume': 5875970.0,
    'vwap': 207.460453}, {   'close': 203.21,
    'high': 207.1196,
    'low': 202.43,
    'open': 206.6,
    'symbol': 'BA',
    'timestamp': datetime.datetime(2025, 5, 21, 4, 0, tzinfo=TzInfo(UTC)),
    'trade_count': 99016.0,
    'volume': 6616295.0,
    'vwap': 204.424701}, {   'close': 203.41,
    'high': 204.73,
    'low': 201.85,
    'open': 202.53,
    'symbol': 'BA',
    'timestamp': datetime.datetime(2025, 5, 22, 4, 0, tzinfo=TzInfo(UTC)),
    'trade_count': 67429.0,
    'volume': 3634495.0,
    'vwap': 203.670391}, {   'close': 202.36,
    'high': 203.2,
    'low': 198.75,
    'open': 199.95,
    'symbol': 'BA',
    'timestamp': datetime.datetime(2025, 5, 23, 4, 0, tzinfo=TzInfo(UTC)),
    'trade_count': 91533.0,
    'volume': 5255185.0,
    'vwap': 201.778666}, {   'close': 201.03,
    'high': 205.0,
    'low': 200.88,
    'open': 204.28,
    'symbol': 'BA',
    'timestamp': datetime.datetime(2025, 5, 27, 4, 0, tzinfo=TzInfo(UTC)),
    'trade_count': 99043.0,
    'volume': 5857940.0,
    'vwap': 201.98108}, {   'close': 201.5,
    'high': 202.45,
    'low': 200.215,
    'open': 201.95,
    'symbol': 'BA',
    'timestamp': datetime.datetime(2025, 5, 28, 4, 0, tzinfo=TzInfo(UTC)),
    'trade_count': 89424.0,
    'volume': 5481504.0,
    'vwap': 201.623189}, {   'close': 208.18,
    'high': 212.28,
    'low': 201.5,
    'open': 201.775,
    'symbol': 'BA',
    'timestamp': datetime.datetime(2025, 5, 29, 4, 0, tzinfo=TzInfo(UTC)),
    'trade_count': 220793.0,
    'volume': 16345993.0,
    'vwap': 207.832615}, {   'close': 207.32,
    'high': 207.7,
    'low': 204.35,
    'open': 206.77,
    'symbol': 'BA',
    'timestamp': datetime.datetime(2025, 5, 30, 4, 0, tzinfo=TzInfo(UTC)),
    'trade_count': 107430.0,
    'volume': 7485089.0,
    'vwap': 206.56416}, {   'close': 211.47,
    'high': 212.3409,
    'low': 207.9,
    'open': 210.98,
    'symbol': 'BA',
    'timestamp': datetime.datetime(2025, 6, 2, 4, 0, tzinfo=TzInfo(UTC)),
    'trade_count': 129973.0,
    'volume': 7561816.0,
    'vwap': 210.408841}, {   'close': 213.43,
    'high': 215.8,
    'low': 211.77,
    'open': 212.0,
    'symbol': 'BA',
    'timestamp': datetime.datetime(2025, 6, 3, 4, 0, tzinfo=TzInfo(UTC)),
    'trade_count': 128309.0,
    'volume': 8106080.0,
    'vwap': 213.950387}, {   'close': 211.98,
    'high': 214.99,
    'low': 211.03,
    'open': 214.77,
    'symbol': 'BA',
    'timestamp': datetime.datetime(2025, 6, 4, 4, 0, tzinfo=TzInfo(UTC)),
    'trade_count': 101973.0,
    'volume': 5705277.0,
    'vwap': 212.669938}, {   'close': 209.02,
    'high': 212.99,
    'low': 208.22,
    'open': 212.5,
    'symbol': 'BA',
    'timestamp': datetime.datetime(2025, 6, 5, 4, 0, tzinfo=TzInfo(UTC)),
    'trade_count': 84367.0,
    'volume': 4764376.0,
    'vwap': 210.231878}, {   'close': 210.8,
    'high': 211.11,
    'low': 208.04,
    'open': 210.24,
    'symbol': 'BA',
    'timestamp': datetime.datetime(2025, 6, 6, 4, 0, tzinfo=TzInfo(UTC)),
    'trade_count': 96217.0,
    'volume': 6079682.0,
    'vwap': 209.910711}, {   'close': 217.51,
    'high': 218.8,
    'low': 211.09,
    'open': 211.23,
    'symbol': 'BA',
    'timestamp': datetime.datetime(2025, 6, 9, 4, 0, tzinfo=TzInfo(UTC)),
    'trade_count': 148808.0,
    'volume': 9419229.0,
    'vwap': 216.430341}, {   'close': 215.73,
    'high': 217.9005,
    'low': 213.2514,
    'open': 217.58,
    'symbol': 'BA',
    'timestamp': datetime.datetime(2025, 6, 10, 4, 0, tzinfo=TzInfo(UTC)),
    'trade_count': 114479.0,
    'volume': 8190124.0,
    'vwap': 215.52704}, {   'close': 214.0,
    'high': 216.205,
    'low': 212.2101,
    'open': 215.5,
    'symbol': 'BA',
    'timestamp': datetime.datetime(2025, 6, 11, 4, 0, tzinfo=TzInfo(UTC)),
    'trade_count': 95486.0,
    'volume': 5398772.0,
    'vwap': 214.166254}, {   'close': 203.75,
    'high': 206.34,
    'low': 201.28,
    'open': 202.17,
    'symbol': 'BA',
    'timestamp': datetime.datetime(2025, 6, 12, 4, 0, tzinfo=TzInfo(UTC)),
    'trade_count': 461809.0,
    'volume': 30586616.0,
    'vwap': 203.812232}, {   'close': 200.32,
    'high': 202.23,
    'low': 195.28,
    'open': 200.675,
    'symbol': 'BA',
    'timestamp': datetime.datetime(2025, 6, 13, 4, 0, tzinfo=TzInfo(UTC)),
    'trade_count': 243189.0,
    'volume': 16093453.0,
    'vwap': 199.048433}]}
2025-06-15 20:49:44,709 - data_provider - DEBUG - Looking for symbol BA in data
2025-06-15 20:49:44,709 - data_provider - DEBUG - Dict access result for BA: Found
2025-06-15 20:49:44,870 - data_provider - DEBUG - API response type: <class 'alpaca.data.models.bars.BarSet'>
2025-06-15 20:49:44,871 - data_provider - DEBUG - API response dir: ['__abstractmethods__', '__annotations__', '__class__', '__class_getitem__', '__class_vars__', '__copy__', '__deepcopy__', '__delattr__', '__dict__', '__dir__', '__doc__', '__eq__', '__fields__', '__fields_set__', '__firstlineno__', '__format__', '__ge__', '__get_pydantic_core_schema__', '__get_pydantic_json_schema__', '__getattr__', '__getattribute__', '__getitem__', '__getstate__', '__gt__', '__hash__', '__init__', '__init_subclass__', '__iter__', '__le__', '__lt__', '__module__', '__ne__', '__new__', '__pretty__', '__private_attributes__', '__pydantic_complete__', '__pydantic_computed_fields__', '__pydantic_core_schema__', '__pydantic_custom_init__', '__pydantic_decorators__', '__pydantic_extra__', '__pydantic_fields__', '__pydantic_fields_set__', '__pydantic_generic_metadata__', '__pydantic_init_subclass__', '__pydantic_parent_namespace__', '__pydantic_post_init__', '__pydantic_private__', '__pydantic_root_model__', '__pydantic_serializer__', '__pydantic_setattr_handlers__', '__pydantic_validator__', '__reduce__', '__reduce_ex__', '__replace__', '__repr__', '__repr_args__', '__repr_name__', '__repr_recursion__', '__repr_str__', '__rich_repr__', '__setattr__', '__setstate__', '__signature__', '__sizeof__', '__slots__', '__static_attributes__', '__str__', '__subclasshook__', '__weakref__', '_abc_impl', '_calculate_keys', '_copy_and_set_values', '_get_value', '_iter', '_setattr_handler', 'construct', 'copy', 'data', 'df', 'dict', 'from_orm', 'json', 'model_computed_fields', 'model_config', 'model_construct', 'model_copy', 'model_dump', 'model_dump_json', 'model_extra', 'model_fields', 'model_fields_set', 'model_json_schema', 'model_parametrized_name', 'model_post_init', 'model_rebuild', 'model_validate', 'model_validate_json', 'model_validate_strings', 'parse_file', 'parse_obj', 'parse_raw', 'schema', 'schema_json', 'update_forward_refs', 'validate']
2025-06-15 20:49:44,872 - data_provider - DEBUG - Raw API response for symbol JHX: data={'JHX': [{   'close': 24.02,
    'high': 24.28,
    'low': 23.39,
    'open': 23.63,
    'symbol': 'JHX',
    'timestamp': datetime.datetime(2025, 5, 8, 4, 0, tzinfo=TzInfo(UTC)),
    'trade_count': 17120.0,
    'volume': 1534058.0,
    'vwap': 23.978395}, {   'close': 24.33,
    'high': 24.445,
    'low': 24.13,
    'open': 24.22,
    'symbol': 'JHX',
    'timestamp': datetime.datetime(2025, 5, 9, 4, 0, tzinfo=TzInfo(UTC)),
    'trade_count': 11941.0,
    'volume': 1072287.0,
    'vwap': 24.309479}, {   'close': 25.45,
    'high': 25.78,
    'low': 25.01,
    'open': 25.1,
    'symbol': 'JHX',
    'timestamp': datetime.datetime(2025, 5, 12, 4, 0, tzinfo=TzInfo(UTC)),
    'trade_count': 21547.0,
    'volume': 1971517.0,
    'vwap': 25.336579}, {   'close': 25.95,
    'high': 26.04,
    'low': 25.42,
    'open': 25.67,
    'symbol': 'JHX',
    'timestamp': datetime.datetime(2025, 5, 13, 4, 0, tzinfo=TzInfo(UTC)),
    'trade_count': 27696.0,
    'volume': 3074281.0,
    'vwap': 25.822483}, {   'close': 25.74,
    'high': 26.12,
    'low': 25.53,
    'open': 25.82,
    'symbol': 'JHX',
    'timestamp': datetime.datetime(2025, 5, 14, 4, 0, tzinfo=TzInfo(UTC)),
    'trade_count': 22834.0,
    'volume': 2338426.0,
    'vwap': 25.783593}, {   'close': 25.34,
    'high': 25.51,
    'low': 25.18,
    'open': 25.22,
    'symbol': 'JHX',
    'timestamp': datetime.datetime(2025, 5, 15, 4, 0, tzinfo=TzInfo(UTC)),
    'trade_count': 14570.0,
    'volume': 1532735.0,
    'vwap': 25.319755}, {   'close': 25.21,
    'high': 25.35,
    'low': 24.885,
    'open': 24.97,
    'symbol': 'JHX',
    'timestamp': datetime.datetime(2025, 5, 16, 4, 0, tzinfo=TzInfo(UTC)),
    'trade_count': 20871.0,
    'volume': 2556410.0,
    'vwap': 25.170204}, {   'close': 25.25,
    'high': 25.25,
    'low': 24.44,
    'open': 24.75,
    'symbol': 'JHX',
    'timestamp': datetime.datetime(2025, 5, 19, 4, 0, tzinfo=TzInfo(UTC)),
    'trade_count': 18091.0,
    'volume': 1798599.0,
    'vwap': 25.087782}, {   'close': 24.73,
    'high': 25.11,
    'low': 24.67,
    'open': 25.02,
    'symbol': 'JHX',
    'timestamp': datetime.datetime(2025, 5, 20, 4, 0, tzinfo=TzInfo(UTC)),
    'trade_count': 23692.0,
    'volume': 2336856.0,
    'vwap': 24.837525}, {   'close': 23.87,
    'high': 24.255,
    'low': 22.85,
    'open': 23.26,
    'symbol': 'JHX',
    'timestamp': datetime.datetime(2025, 5, 21, 4, 0, tzinfo=TzInfo(UTC)),
    'trade_count': 46154.0,
    'volume': 6593040.0,
    'vwap': 23.820549}, {   'close': 23.76,
    'high': 23.92,
    'low': 23.32,
    'open': 23.46,
    'symbol': 'JHX',
    'timestamp': datetime.datetime(2025, 5, 22, 4, 0, tzinfo=TzInfo(UTC)),
    'trade_count': 23198.0,
    'volume': 3050310.0,
    'vwap': 23.723492}, {   'close': 23.45,
    'high': 23.58,
    'low': 23.19,
    'open': 23.38,
    'symbol': 'JHX',
    'timestamp': datetime.datetime(2025, 5, 23, 4, 0, tzinfo=TzInfo(UTC)),
    'trade_count': 23591.0,
    'volume': 2975339.0,
    'vwap': 23.425606}, {   'close': 23.2,
    'high': 23.77,
    'low': 22.9,
    'open': 23.64,
    'symbol': 'JHX',
    'timestamp': datetime.datetime(2025, 5, 27, 4, 0, tzinfo=TzInfo(UTC)),
    'trade_count': 26586.0,
    'volume': 2976110.0,
    'vwap': 23.198114}, {   'close': 22.07,
    'high': 23.035,
    'low': 22.01,
    'open': 22.92,
    'symbol': 'JHX',
    'timestamp': datetime.datetime(2025, 5, 28, 4, 0, tzinfo=TzInfo(UTC)),
    'trade_count': 34710.0,
    'volume': 4128491.0,
    'vwap': 22.172297}, {   'close': 23.01,
    'high': 23.01,
    'low': 22.09,
    'open': 22.31,
    'symbol': 'JHX',
    'timestamp': datetime.datetime(2025, 5, 29, 4, 0, tzinfo=TzInfo(UTC)),
    'trade_count': 41898.0,
    'volume': 6486803.0,
    'vwap': 22.641097}, {   'close': 23.3,
    'high': 23.35,
    'low': 22.45,
    'open': 22.71,
    'symbol': 'JHX',
    'timestamp': datetime.datetime(2025, 5, 30, 4, 0, tzinfo=TzInfo(UTC)),
    'trade_count': 45020.0,
    'volume': 8010313.0,
    'vwap': 23.081059}, {   'close': 23.91,
    'high': 23.92,
    'low': 23.06,
    'open': 23.3,
    'symbol': 'JHX',
    'timestamp': datetime.datetime(2025, 6, 2, 4, 0, tzinfo=TzInfo(UTC)),
    'trade_count': 60295.0,
    'volume': 10587620.0,
    'vwap': 23.646465}, {   'close': 24.77,
    'high': 24.87,
    'low': 23.85,
    'open': 23.95,
    'symbol': 'JHX',
    'timestamp': datetime.datetime(2025, 6, 3, 4, 0, tzinfo=TzInfo(UTC)),
    'trade_count': 59410.0,
    'volume': 10946740.0,
    'vwap': 24.624226}, {   'close': 25.57,
    'high': 25.64,
    'low': 24.8,
    'open': 25.03,
    'symbol': 'JHX',
    'timestamp': datetime.datetime(2025, 6, 4, 4, 0, tzinfo=TzInfo(UTC)),
    'trade_count': 41638.0,
    'volume': 6634407.0,
    'vwap': 25.454216}, {   'close': 26.62,
    'high': 26.66,
    'low': 25.625,
    'open': 25.8,
    'symbol': 'JHX',
    'timestamp': datetime.datetime(2025, 6, 5, 4, 0, tzinfo=TzInfo(UTC)),
    'trade_count': 47342.0,
    'volume': 7611168.0,
    'vwap': 26.437416}, {   'close': 25.76,
    'high': 26.56,
    'low': 25.76,
    'open': 26.45,
    'symbol': 'JHX',
    'timestamp': datetime.datetime(2025, 6, 6, 4, 0, tzinfo=TzInfo(UTC)),
    'trade_count': 43345.0,
    'volume': 5873522.0,
    'vwap': 26.001018}, {   'close': 26.94,
    'high': 27.05,
    'low': 25.855,
    'open': 25.96,
    'symbol': 'JHX',
    'timestamp': datetime.datetime(2025, 6, 9, 4, 0, tzinfo=TzInfo(UTC)),
    'trade_count': 42520.0,
    'volume': 6642881.0,
    'vwap': 26.789785}, {   'close': 27.28,
    'high': 27.6,
    'low': 26.98,
    'open': 27.22,
    'symbol': 'JHX',
    'timestamp': datetime.datetime(2025, 6, 10, 4, 0, tzinfo=TzInfo(UTC)),
    'trade_count': 40071.0,
    'volume': 5816734.0,
    'vwap': 27.306357}, {   'close': 27.18,
    'high': 27.66,
    'low': 27.08,
    'open': 27.35,
    'symbol': 'JHX',
    'timestamp': datetime.datetime(2025, 6, 11, 4, 0, tzinfo=TzInfo(UTC)),
    'trade_count': 26189.0,
    'volume': 3604555.0,
    'vwap': 27.283583}, {   'close': 26.99,
    'high': 27.22,
    'low': 26.43,
    'open': 26.57,
    'symbol': 'JHX',
    'timestamp': datetime.datetime(2025, 6, 12, 4, 0, tzinfo=TzInfo(UTC)),
    'trade_count': 25122.0,
    'volume': 3931858.0,
    'vwap': 27.009141}, {   'close': 26.27,
    'high': 26.54,
    'low': 25.9,
    'open': 26.43,
    'symbol': 'JHX',
    'timestamp': datetime.datetime(2025, 6, 13, 4, 0, tzinfo=TzInfo(UTC)),
    'trade_count': 30713.0,
    'volume': 4145001.0,
    'vwap': 26.16863}]}
2025-06-15 20:49:44,878 - data_provider - DEBUG - Using object response, data type: <class 'dict'>
2025-06-15 20:49:44,878 - data_provider - DEBUG - Data dir: ['__class__', '__class_getitem__', '__contains__', '__delattr__', '__delitem__', '__dir__', '__doc__', '__eq__', '__format__', '__ge__', '__getattribute__', '__getitem__', '__getstate__', '__gt__', '__hash__', '__init__', '__init_subclass__', '__ior__', '__iter__', '__le__', '__len__', '__lt__', '__ne__', '__new__', '__or__', '__reduce__', '__reduce_ex__', '__repr__', '__reversed__', '__ror__', '__setattr__', '__setitem__', '__sizeof__', '__str__', '__subclasshook__', 'clear', 'copy', 'fromkeys', 'get', 'items', 'keys', 'pop', 'popitem', 'setdefault', 'update', 'values']
2025-06-15 20:49:44,878 - data_provider - DEBUG - Data content for symbol JHX: {'JHX': [{   'close': 24.02,
    'high': 24.28,
    'low': 23.39,
    'open': 23.63,
    'symbol': 'JHX',
    'timestamp': datetime.datetime(2025, 5, 8, 4, 0, tzinfo=TzInfo(UTC)),
    'trade_count': 17120.0,
    'volume': 1534058.0,
    'vwap': 23.978395}, {   'close': 24.33,
    'high': 24.445,
    'low': 24.13,
    'open': 24.22,
    'symbol': 'JHX',
    'timestamp': datetime.datetime(2025, 5, 9, 4, 0, tzinfo=TzInfo(UTC)),
    'trade_count': 11941.0,
    'volume': 1072287.0,
    'vwap': 24.309479}, {   'close': 25.45,
    'high': 25.78,
    'low': 25.01,
    'open': 25.1,
    'symbol': 'JHX',
    'timestamp': datetime.datetime(2025, 5, 12, 4, 0, tzinfo=TzInfo(UTC)),
    'trade_count': 21547.0,
    'volume': 1971517.0,
    'vwap': 25.336579}, {   'close': 25.95,
    'high': 26.04,
    'low': 25.42,
    'open': 25.67,
    'symbol': 'JHX',
    'timestamp': datetime.datetime(2025, 5, 13, 4, 0, tzinfo=TzInfo(UTC)),
    'trade_count': 27696.0,
    'volume': 3074281.0,
    'vwap': 25.822483}, {   'close': 25.74,
    'high': 26.12,
    'low': 25.53,
    'open': 25.82,
    'symbol': 'JHX',
    'timestamp': datetime.datetime(2025, 5, 14, 4, 0, tzinfo=TzInfo(UTC)),
    'trade_count': 22834.0,
    'volume': 2338426.0,
    'vwap': 25.783593}, {   'close': 25.34,
    'high': 25.51,
    'low': 25.18,
    'open': 25.22,
    'symbol': 'JHX',
    'timestamp': datetime.datetime(2025, 5, 15, 4, 0, tzinfo=TzInfo(UTC)),
    'trade_count': 14570.0,
    'volume': 1532735.0,
    'vwap': 25.319755}, {   'close': 25.21,
    'high': 25.35,
    'low': 24.885,
    'open': 24.97,
    'symbol': 'JHX',
    'timestamp': datetime.datetime(2025, 5, 16, 4, 0, tzinfo=TzInfo(UTC)),
    'trade_count': 20871.0,
    'volume': 2556410.0,
    'vwap': 25.170204}, {   'close': 25.25,
    'high': 25.25,
    'low': 24.44,
    'open': 24.75,
    'symbol': 'JHX',
    'timestamp': datetime.datetime(2025, 5, 19, 4, 0, tzinfo=TzInfo(UTC)),
    'trade_count': 18091.0,
    'volume': 1798599.0,
    'vwap': 25.087782}, {   'close': 24.73,
    'high': 25.11,
    'low': 24.67,
    'open': 25.02,
    'symbol': 'JHX',
    'timestamp': datetime.datetime(2025, 5, 20, 4, 0, tzinfo=TzInfo(UTC)),
    'trade_count': 23692.0,
    'volume': 2336856.0,
    'vwap': 24.837525}, {   'close': 23.87,
    'high': 24.255,
    'low': 22.85,
    'open': 23.26,
    'symbol': 'JHX',
    'timestamp': datetime.datetime(2025, 5, 21, 4, 0, tzinfo=TzInfo(UTC)),
    'trade_count': 46154.0,
    'volume': 6593040.0,
    'vwap': 23.820549}, {   'close': 23.76,
    'high': 23.92,
    'low': 23.32,
    'open': 23.46,
    'symbol': 'JHX',
    'timestamp': datetime.datetime(2025, 5, 22, 4, 0, tzinfo=TzInfo(UTC)),
    'trade_count': 23198.0,
    'volume': 3050310.0,
    'vwap': 23.723492}, {   'close': 23.45,
    'high': 23.58,
    'low': 23.19,
    'open': 23.38,
    'symbol': 'JHX',
    'timestamp': datetime.datetime(2025, 5, 23, 4, 0, tzinfo=TzInfo(UTC)),
    'trade_count': 23591.0,
    'volume': 2975339.0,
    'vwap': 23.425606}, {   'close': 23.2,
    'high': 23.77,
    'low': 22.9,
    'open': 23.64,
    'symbol': 'JHX',
    'timestamp': datetime.datetime(2025, 5, 27, 4, 0, tzinfo=TzInfo(UTC)),
    'trade_count': 26586.0,
    'volume': 2976110.0,
    'vwap': 23.198114}, {   'close': 22.07,
    'high': 23.035,
    'low': 22.01,
    'open': 22.92,
    'symbol': 'JHX',
    'timestamp': datetime.datetime(2025, 5, 28, 4, 0, tzinfo=TzInfo(UTC)),
    'trade_count': 34710.0,
    'volume': 4128491.0,
    'vwap': 22.172297}, {   'close': 23.01,
    'high': 23.01,
    'low': 22.09,
    'open': 22.31,
    'symbol': 'JHX',
    'timestamp': datetime.datetime(2025, 5, 29, 4, 0, tzinfo=TzInfo(UTC)),
    'trade_count': 41898.0,
    'volume': 6486803.0,
    'vwap': 22.641097}, {   'close': 23.3,
    'high': 23.35,
    'low': 22.45,
    'open': 22.71,
    'symbol': 'JHX',
    'timestamp': datetime.datetime(2025, 5, 30, 4, 0, tzinfo=TzInfo(UTC)),
    'trade_count': 45020.0,
    'volume': 8010313.0,
    'vwap': 23.081059}, {   'close': 23.91,
    'high': 23.92,
    'low': 23.06,
    'open': 23.3,
    'symbol': 'JHX',
    'timestamp': datetime.datetime(2025, 6, 2, 4, 0, tzinfo=TzInfo(UTC)),
    'trade_count': 60295.0,
    'volume': 10587620.0,
    'vwap': 23.646465}, {   'close': 24.77,
    'high': 24.87,
    'low': 23.85,
    'open': 23.95,
    'symbol': 'JHX',
    'timestamp': datetime.datetime(2025, 6, 3, 4, 0, tzinfo=TzInfo(UTC)),
    'trade_count': 59410.0,
    'volume': 10946740.0,
    'vwap': 24.624226}, {   'close': 25.57,
    'high': 25.64,
    'low': 24.8,
    'open': 25.03,
    'symbol': 'JHX',
    'timestamp': datetime.datetime(2025, 6, 4, 4, 0, tzinfo=TzInfo(UTC)),
    'trade_count': 41638.0,
    'volume': 6634407.0,
    'vwap': 25.454216}, {   'close': 26.62,
    'high': 26.66,
    'low': 25.625,
    'open': 25.8,
    'symbol': 'JHX',
    'timestamp': datetime.datetime(2025, 6, 5, 4, 0, tzinfo=TzInfo(UTC)),
    'trade_count': 47342.0,
    'volume': 7611168.0,
    'vwap': 26.437416}, {   'close': 25.76,
    'high': 26.56,
    'low': 25.76,
    'open': 26.45,
    'symbol': 'JHX',
    'timestamp': datetime.datetime(2025, 6, 6, 4, 0, tzinfo=TzInfo(UTC)),
    'trade_count': 43345.0,
    'volume': 5873522.0,
    'vwap': 26.001018}, {   'close': 26.94,
    'high': 27.05,
    'low': 25.855,
    'open': 25.96,
    'symbol': 'JHX',
    'timestamp': datetime.datetime(2025, 6, 9, 4, 0, tzinfo=TzInfo(UTC)),
    'trade_count': 42520.0,
    'volume': 6642881.0,
    'vwap': 26.789785}, {   'close': 27.28,
    'high': 27.6,
    'low': 26.98,
    'open': 27.22,
    'symbol': 'JHX',
    'timestamp': datetime.datetime(2025, 6, 10, 4, 0, tzinfo=TzInfo(UTC)),
    'trade_count': 40071.0,
    'volume': 5816734.0,
    'vwap': 27.306357}, {   'close': 27.18,
    'high': 27.66,
    'low': 27.08,
    'open': 27.35,
    'symbol': 'JHX',
    'timestamp': datetime.datetime(2025, 6, 11, 4, 0, tzinfo=TzInfo(UTC)),
    'trade_count': 26189.0,
    'volume': 3604555.0,
    'vwap': 27.283583}, {   'close': 26.99,
    'high': 27.22,
    'low': 26.43,
    'open': 26.57,
    'symbol': 'JHX',
    'timestamp': datetime.datetime(2025, 6, 12, 4, 0, tzinfo=TzInfo(UTC)),
    'trade_count': 25122.0,
    'volume': 3931858.0,
    'vwap': 27.009141}, {   'close': 26.27,
    'high': 26.54,
    'low': 25.9,
    'open': 26.43,
    'symbol': 'JHX',
    'timestamp': datetime.datetime(2025, 6, 13, 4, 0, tzinfo=TzInfo(UTC)),
    'trade_count': 30713.0,
    'volume': 4145001.0,
    'vwap': 26.16863}]}
2025-06-15 20:49:44,883 - data_provider - DEBUG - Looking for symbol JHX in data
2025-06-15 20:49:44,883 - data_provider - DEBUG - Dict access result for JHX: Found
2025-06-15 20:49:45,050 - data_provider - DEBUG - API response type: <class 'alpaca.data.models.bars.BarSet'>
2025-06-15 20:49:45,050 - data_provider - DEBUG - API response dir: ['__abstractmethods__', '__annotations__', '__class__', '__class_getitem__', '__class_vars__', '__copy__', '__deepcopy__', '__delattr__', '__dict__', '__dir__', '__doc__', '__eq__', '__fields__', '__fields_set__', '__firstlineno__', '__format__', '__ge__', '__get_pydantic_core_schema__', '__get_pydantic_json_schema__', '__getattr__', '__getattribute__', '__getitem__', '__getstate__', '__gt__', '__hash__', '__init__', '__init_subclass__', '__iter__', '__le__', '__lt__', '__module__', '__ne__', '__new__', '__pretty__', '__private_attributes__', '__pydantic_complete__', '__pydantic_computed_fields__', '__pydantic_core_schema__', '__pydantic_custom_init__', '__pydantic_decorators__', '__pydantic_extra__', '__pydantic_fields__', '__pydantic_fields_set__', '__pydantic_generic_metadata__', '__pydantic_init_subclass__', '__pydantic_parent_namespace__', '__pydantic_post_init__', '__pydantic_private__', '__pydantic_root_model__', '__pydantic_serializer__', '__pydantic_setattr_handlers__', '__pydantic_validator__', '__reduce__', '__reduce_ex__', '__replace__', '__repr__', '__repr_args__', '__repr_name__', '__repr_recursion__', '__repr_str__', '__rich_repr__', '__setattr__', '__setstate__', '__signature__', '__sizeof__', '__slots__', '__static_attributes__', '__str__', '__subclasshook__', '__weakref__', '_abc_impl', '_calculate_keys', '_copy_and_set_values', '_get_value', '_iter', '_setattr_handler', 'construct', 'copy', 'data', 'df', 'dict', 'from_orm', 'json', 'model_computed_fields', 'model_config', 'model_construct', 'model_copy', 'model_dump', 'model_dump_json', 'model_extra', 'model_fields', 'model_fields_set', 'model_json_schema', 'model_parametrized_name', 'model_post_init', 'model_rebuild', 'model_validate', 'model_validate_json', 'model_validate_strings', 'parse_file', 'parse_obj', 'parse_raw', 'schema', 'schema_json', 'update_forward_refs', 'validate']
2025-06-15 20:49:45,050 - data_provider - DEBUG - Raw API response for symbol CRM: data={'CRM': [{   'close': 272.9,
    'high': 278.345,
    'low': 270.721,
    'open': 276.97,
    'symbol': 'CRM',
    'timestamp': datetime.datetime(2025, 3, 10, 4, 0, tzinfo=TzInfo(UTC)),
    'trade_count': 153620.0,
    'volume': 10040220.0,
    'vwap': 273.674136}, {   'close': 277.05,
    'high': 280.45,
    'low': 272.0,
    'open': 273.72,
    'symbol': 'CRM',
    'timestamp': datetime.datetime(2025, 3, 11, 4, 0, tzinfo=TzInfo(UTC)),
    'trade_count': 133279.0,
    'volume': 8313375.0,
    'vwap': 277.229911}, {   'close': 284.58,
    'high': 285.9268,
    'low': 279.09,
    'open': 281.85,
    'symbol': 'CRM',
    'timestamp': datetime.datetime(2025, 3, 12, 4, 0, tzinfo=TzInfo(UTC)),
    'trade_count': 116995.0,
    'volume': 7463894.0,
    'vwap': 283.509062}, {   'close': 271.74,
    'high': 282.555,
    'low': 269.75,
    'open': 282.05,
    'symbol': 'CRM',
    'timestamp': datetime.datetime(2025, 3, 13, 4, 0, tzinfo=TzInfo(UTC)),
    'trade_count': 142163.0,
    'volume': 9494522.0,
    'vwap': 272.789762}, {   'close': 279.4,
    'high': 279.89,
    'low': 272.68,
    'open': 275.0,
    'symbol': 'CRM',
    'timestamp': datetime.datetime(2025, 3, 14, 4, 0, tzinfo=TzInfo(UTC)),
    'trade_count': 107481.0,
    'volume': 6976916.0,
    'vwap': 277.85236}, {   'close': 280.75,
    'high': 282.73,
    'low': 276.0785,
    'open': 277.37,
    'symbol': 'CRM',
    'timestamp': datetime.datetime(2025, 3, 17, 4, 0, tzinfo=TzInfo(UTC)),
    'trade_count': 79100.0,
    'volume': 4484727.0,
    'vwap': 279.919202}, {   'close': 278.73,
    'high': 280.5,
    'low': 275.94,
    'open': 280.02,
    'symbol': 'CRM',
    'timestamp': datetime.datetime(2025, 3, 18, 4, 0, tzinfo=TzInfo(UTC)),
    'trade_count': 80401.0,
    'volume': 5882123.0,
    'vwap': 278.398652}, {   'close': 279.39,
    'high': 282.22,
    'low': 277.29,
    'open': 277.5,
    'symbol': 'CRM',
    'timestamp': datetime.datetime(2025, 3, 19, 4, 0, tzinfo=TzInfo(UTC)),
    'trade_count': 89158.0,
    'volume': 5245412.0,
    'vwap': 279.425993}, {   'close': 279.03,
    'high': 282.88,
    'low': 277.06,
    'open': 277.06,
    'symbol': 'CRM',
    'timestamp': datetime.datetime(2025, 3, 20, 4, 0, tzinfo=TzInfo(UTC)),
    'trade_count': 80515.0,
    'volume': 5504720.0,
    'vwap': 279.49336}, {   'close': 280.62,
    'high': 281.85,
    'low': 274.05,
    'open': 276.21,
    'symbol': 'CRM',
    'timestamp': datetime.datetime(2025, 3, 21, 4, 0, tzinfo=TzInfo(UTC)),
    'trade_count': 73423.0,
    'volume': 9804132.0,
    'vwap': 279.634743}, {   'close': 285.96,
    'high': 286.76,
    'low': 283.22,
    'open': 283.74,
    'symbol': 'CRM',
    'timestamp': datetime.datetime(2025, 3, 24, 4, 0, tzinfo=TzInfo(UTC)),
    'trade_count': 101877.0,
    'volume': 6763802.0,
    'vwap': 285.00093}, {   'close': 288.61,
    'high': 290.45,
    'low': 285.61,
    'open': 285.61,
    'symbol': 'CRM',
    'timestamp': datetime.datetime(2025, 3, 25, 4, 0, tzinfo=TzInfo(UTC)),
    'trade_count': 79593.0,
    'volume': 4301704.0,
    'vwap': 288.393482}, {   'close': 280.99,
    'high': 289.04,
    'low': 279.58,
    'open': 288.34,
    'symbol': 'CRM',
    'timestamp': datetime.datetime(2025, 3, 26, 4, 0, tzinfo=TzInfo(UTC)),
    'trade_count': 96251.0,
    'volume': 5073391.0,
    'vwap': 282.358787}, {   'close': 277.81,
    'high': 280.8987,
    'low': 276.01,
    'open': 280.54,
    'symbol': 'CRM',
    'timestamp': datetime.datetime(2025, 3, 27, 4, 0, tzinfo=TzInfo(UTC)),
    'trade_count': 73987.0,
    'volume': 3757245.0,
    'vwap': 278.427452}, {   'close': 269.97,
    'high': 277.205,
    'low': 269.19,
    'open': 276.71,
    'symbol': 'CRM',
    'timestamp': datetime.datetime(2025, 3, 28, 4, 0, tzinfo=TzInfo(UTC)),
    'trade_count': 91350.0,
    'volume': 4973419.0,
    'vwap': 271.256594}, {   'close': 268.36,
    'high': 268.45,
    'low': 259.19,
    'open': 264.55,
    'symbol': 'CRM',
    'timestamp': datetime.datetime(2025, 3, 31, 4, 0, tzinfo=TzInfo(UTC)),
    'trade_count': 117890.0,
    'volume': 7585804.0,
    'vwap': 266.115618}, {   'close': 270.2,
    'high': 270.82,
    'low': 265.82,
    'open': 268.86,
    'symbol': 'CRM',
    'timestamp': datetime.datetime(2025, 4, 1, 4, 0, tzinfo=TzInfo(UTC)),
    'trade_count': 83445.0,
    'volume': 4598153.0,
    'vwap': 269.168895}, {   'close': 271.54,
    'high': 273.63,
    'low': 265.75,
    'open': 265.96,
    'symbol': 'CRM',
    'timestamp': datetime.datetime(2025, 4, 2, 4, 0, tzinfo=TzInfo(UTC)),
    'trade_count': 92567.0,
    'volume': 5396853.0,
    'vwap': 271.016531}, {   'close': 255.23,
    'high': 262.57,
    'low': 254.45,
    'open': 260.14,
    'symbol': 'CRM',
    'timestamp': datetime.datetime(2025, 4, 3, 4, 0, tzinfo=TzInfo(UTC)),
    'trade_count': 149927.0,
    'volume': 8872602.0,
    'vwap': 257.272923}, {   'close': 240.76,
    'high': 250.29,
    'low': 239.53,
    'open': 247.7,
    'symbol': 'CRM',
    'timestamp': datetime.datetime(2025, 4, 4, 4, 0, tzinfo=TzInfo(UTC)),
    'trade_count': 182902.0,
    'volume': 9704995.0,
    'vwap': 243.681166}, {   'close': 244.21,
    'high': 252.95,
    'low': 230.0,
    'open': 230.0,
    'symbol': 'CRM',
    'timestamp': datetime.datetime(2025, 4, 7, 4, 0, tzinfo=TzInfo(UTC)),
    'trade_count': 198031.0,
    'volume': 11965180.0,
    'vwap': 241.613557}, {   'close': 243.99,
    'high': 257.3855,
    'low': 240.266,
    'open': 253.95,
    'symbol': 'CRM',
    'timestamp': datetime.datetime(2025, 4, 8, 4, 0, tzinfo=TzInfo(UTC)),
    'trade_count': 166272.0,
    'volume': 9338841.0,
    'vwap': 248.55022}, {   'close': 265.17,
    'high': 268.17,
    'low': 240.9,
    'open': 240.9,
    'symbol': 'CRM',
    'timestamp': datetime.datetime(2025, 4, 9, 4, 0, tzinfo=TzInfo(UTC)),
    'trade_count': 191313.0,
    'volume': 12489018.0,
    'vwap': 256.307985}, {   'close': 255.12,
    'high': 261.24,
    'low': 248.13,
    'open': 260.0,
    'symbol': 'CRM',
    'timestamp': datetime.datetime(2025, 4, 10, 4, 0, tzinfo=TzInfo(UTC)),
    'trade_count': 150634.0,
    'volume': 9692344.0,
    'vwap': 254.615467}, {   'close': 255.0,
    'high': 256.41,
    'low': 247.675,
    'open': 254.27,
    'symbol': 'CRM',
    'timestamp': datetime.datetime(2025, 4, 11, 4, 0, tzinfo=TzInfo(UTC)),
    'trade_count': 104954.0,
    'volume': 6089003.0,
    'vwap': 253.519596}, {   'close': 254.55,
    'high': 260.0,
    'low': 253.14,
    'open': 260.0,
    'symbol': 'CRM',
    'timestamp': datetime.datetime(2025, 4, 14, 4, 0, tzinfo=TzInfo(UTC)),
    'trade_count': 90402.0,
    'volume': 6038546.0,
    'vwap': 255.41776}, {   'close': 254.93,
    'high': 256.72,
    'low': 253.8,
    'open': 254.37,
    'symbol': 'CRM',
    'timestamp': datetime.datetime(2025, 4, 15, 4, 0, tzinfo=TzInfo(UTC)),
    'trade_count': 80083.0,
    'volume': 5227671.0,
    'vwap': 255.186666}, {   'close': 249.84,
    'high': 256.61,
    'low': 246.69,
    'open': 251.93,
    'symbol': 'CRM',
    'timestamp': datetime.datetime(2025, 4, 16, 4, 0, tzinfo=TzInfo(UTC)),
    'trade_count': 113888.0,
    'volume': 7190940.0,
    'vwap': 250.997046}, {   'close': 247.26,
    'high': 251.56,
    'low': 246.8,
    'open': 249.77,
    'symbol': 'CRM',
    'timestamp': datetime.datetime(2025, 4, 17, 4, 0, tzinfo=TzInfo(UTC)),
    'trade_count': 99073.0,
    'volume': 5566852.0,
    'vwap': 248.41315}, {   'close': 236.26,
    'high': 242.48,
    'low': 232.77,
    'open': 240.43,
    'symbol': 'CRM',
    'timestamp': datetime.datetime(2025, 4, 21, 4, 0, tzinfo=TzInfo(UTC)),
    'trade_count': 148032.0,
    'volume': 9240009.0,
    'vwap': 235.767509}, {   'close': 243.39,
    'high': 244.22,
    'low': 235.597,
    'open': 238.23,
    'symbol': 'CRM',
    'timestamp': datetime.datetime(2025, 4, 22, 4, 0, tzinfo=TzInfo(UTC)),
    'trade_count': 112980.0,
    'volume': 7145288.0,
    'vwap': 241.356943}, {   'close': 250.48,
    'high': 257.79,
    'low': 249.5,
    'open': 252.61,
    'symbol': 'CRM',
    'timestamp': datetime.datetime(2025, 4, 23, 4, 0, tzinfo=TzInfo(UTC)),
    'trade_count': 109830.0,
    'volume': 5818895.0,
    'vwap': 252.819097}, {   'close': 264.7,
    'high': 264.98,
    'low': 257.0,
    'open': 258.2,
    'symbol': 'CRM',
    'timestamp': datetime.datetime(2025, 4, 24, 4, 0, tzinfo=TzInfo(UTC)),
    'trade_count': 122942.0,
    'volume': 7857563.0,
    'vwap': 262.847638}, {   'close': 267.85,
    'high': 269.03,
    'low': 264.2,
    'open': 264.72,
    'symbol': 'CRM',
    'timestamp': datetime.datetime(2025, 4, 25, 4, 0, tzinfo=TzInfo(UTC)),
    'trade_count': 97285.0,
    'volume': 5651651.0,
    'vwap': 267.266278}, {   'close': 265.64,
    'high': 269.5,
    'low': 263.33,
    'open': 268.145,
    'symbol': 'CRM',
    'timestamp': datetime.datetime(2025, 4, 28, 4, 0, tzinfo=TzInfo(UTC)),
    'trade_count': 82609.0,
    'volume': 4977724.0,
    'vwap': 266.080073}, {   'close': 267.76,
    'high': 268.575,
    'low': 265.17,
    'open': 265.4,
    'symbol': 'CRM',
    'timestamp': datetime.datetime(2025, 4, 29, 4, 0, tzinfo=TzInfo(UTC)),
    'trade_count': 66671.0,
    'volume': 3140601.0,
    'vwap': 267.077615}, {   'close': 268.71,
    'high': 268.87,
    'low': 263.0,
    'open': 264.8,
    'symbol': 'CRM',
    'timestamp': datetime.datetime(2025, 4, 30, 4, 0, tzinfo=TzInfo(UTC)),
    'trade_count': 71980.0,
    'volume': 4624088.0,
    'vwap': 267.024828}, {   'close': 269.33,
    'high': 274.6,
    'low': 269.0,
    'open': 273.4,
    'symbol': 'CRM',
    'timestamp': datetime.datetime(2025, 5, 1, 4, 0, tzinfo=TzInfo(UTC)),
    'trade_count': 93419.0,
    'volume': 5208927.0,
    'vwap': 271.393194}, {   'close': 275.08,
    'high': 276.32,
    'low': 272.25,
    'open': 274.46,
    'symbol': 'CRM',
    'timestamp': datetime.datetime(2025, 5, 2, 4, 0, tzinfo=TzInfo(UTC)),
    'trade_count': 81798.0,
    'volume': 4323760.0,
    'vwap': 274.768251}, {   'close': 272.63,
    'high': 276.165,
    'low': 272.31,
    'open': 273.37,
    'symbol': 'CRM',
    'timestamp': datetime.datetime(2025, 5, 5, 4, 0, tzinfo=TzInfo(UTC)),
    'trade_count': 80119.0,
    'volume': 4219639.0,
    'vwap': 274.040351}, {   'close': 273.36,
    'high': 274.7976,
    'low': 268.54,
    'open': 269.82,
    'symbol': 'CRM',
    'timestamp': datetime.datetime(2025, 5, 6, 4, 0, tzinfo=TzInfo(UTC)),
    'trade_count': 72237.0,
    'volume': 4681552.0,
    'vwap': 272.758906}, {   'close': 278.23,
    'high': 278.79,
    'low': 273.71,
    'open': 273.71,
    'symbol': 'CRM',
    'timestamp': datetime.datetime(2025, 5, 7, 4, 0, tzinfo=TzInfo(UTC)),
    'trade_count': 78599.0,
    'volume': 4268307.0,
    'vwap': 276.961108}, {   'close': 279.74,
    'high': 283.045,
    'low': 278.38,
    'open': 279.21,
    'symbol': 'CRM',
    'timestamp': datetime.datetime(2025, 5, 8, 4, 0, tzinfo=TzInfo(UTC)),
    'trade_count': 84807.0,
    'volume': 4789858.0,
    'vwap': 280.495564}, {   'close': 275.42,
    'high': 282.48,
    'low': 273.88,
    'open': 281.62,
    'symbol': 'CRM',
    'timestamp': datetime.datetime(2025, 5, 9, 4, 0, tzinfo=TzInfo(UTC)),
    'trade_count': 84008.0,
    'volume': 4324188.0,
    'vwap': 276.6525}, {   'close': 288.82,
    'high': 288.97,
    'low': 283.23,
    'open': 285.0,
    'symbol': 'CRM',
    'timestamp': datetime.datetime(2025, 5, 12, 4, 0, tzinfo=TzInfo(UTC)),
    'trade_count': 113201.0,
    'volume': 5937370.0,
    'vwap': 287.081215}, {   'close': 289.17,
    'high': 292.7406,
    'low': 288.93,
    'open': 291.0,
    'symbol': 'CRM',
    'timestamp': datetime.datetime(2025, 5, 13, 4, 0, tzinfo=TzInfo(UTC)),
    'trade_count': 116072.0,
    'volume': 6711550.0,
    'vwap': 290.415766}, {   'close': 290.74,
    'high': 296.05,
    'low': 289.26,
    'open': 293.5,
    'symbol': 'CRM',
    'timestamp': datetime.datetime(2025, 5, 14, 4, 0, tzinfo=TzInfo(UTC)),
    'trade_count': 129128.0,
    'volume': 7926186.0,
    'vwap': 291.850554}, {   'close': 290.76,
    'high': 291.97,
    'low': 287.95,
    'open': 289.57,
    'symbol': 'CRM',
    'timestamp': datetime.datetime(2025, 5, 15, 4, 0, tzinfo=TzInfo(UTC)),
    'trade_count': 92654.0,
    'volume': 4635862.0,
    'vwap': 290.293389}, {   'close': 291.15,
    'high': 292.17,
    'low': 289.72,
    'open': 291.09,
    'symbol': 'CRM',
    'timestamp': datetime.datetime(2025, 5, 16, 4, 0, tzinfo=TzInfo(UTC)),
    'trade_count': 74607.0,
    'volume': 3845977.0,
    'vwap': 291.140277}, {   'close': 287.63,
    'high': 289.9,
    'low': 286.91,
    'open': 288.1,
    'symbol': 'CRM',
    'timestamp': datetime.datetime(2025, 5, 19, 4, 0, tzinfo=TzInfo(UTC)),
    'trade_count': 101771.0,
    'volume': 5781196.0,
    'vwap': 288.261341}, {   'close': 288.06,
    'high': 288.44,
    'low': 285.21,
    'open': 288.09,
    'symbol': 'CRM',
    'timestamp': datetime.datetime(2025, 5, 20, 4, 0, tzinfo=TzInfo(UTC)),
    'trade_count': 85176.0,
    'volume': 4032283.0,
    'vwap': 287.041315}, {   'close': 282.28,
    'high': 287.63,
    'low': 281.1121,
    'open': 284.41,
    'symbol': 'CRM',
    'timestamp': datetime.datetime(2025, 5, 21, 4, 0, tzinfo=TzInfo(UTC)),
    'trade_count': 97540.0,
    'volume': 5689839.0,
    'vwap': 284.002849}, {   'close': 283.42,
    'high': 286.35,
    'low': 281.0296,
    'open': 282.5,
    'symbol': 'CRM',
    'timestamp': datetime.datetime(2025, 5, 22, 4, 0, tzinfo=TzInfo(UTC)),
    'trade_count': 103514.0,
    'volume': 6642690.0,
    'vwap': 284.255187}, {   'close': 273.13,
    'high': 280.74,
    'low': 271.65,
    'open': 279.0,
    'symbol': 'CRM',
    'timestamp': datetime.datetime(2025, 5, 23, 4, 0, tzinfo=TzInfo(UTC)),
    'trade_count': 169767.0,
    'volume': 8887815.0,
    'vwap': 275.724291}, {   'close': 277.19,
    'high': 278.58,
    'low': 270.29,
    'open': 273.165,
    'symbol': 'CRM',
    'timestamp': datetime.datetime(2025, 5, 27, 4, 0, tzinfo=TzInfo(UTC)),
    'trade_count': 168252.0,
    'volume': 10958025.0,
    'vwap': 275.658738}, {   'close': 276.03,
    'high': 278.81,
    'low': 273.58,
    'open': 277.71,
    'symbol': 'CRM',
    'timestamp': datetime.datetime(2025, 5, 28, 4, 0, tzinfo=TzInfo(UTC)),
    'trade_count': 227038.0,
    'volume': 12758644.0,
    'vwap': 275.453005}, {   'close': 266.92,
    'high': 267.785,
    'low': 254.5,
    'open': 263.59,
    'symbol': 'CRM',
    'timestamp': datetime.datetime(2025, 5, 29, 4, 0, tzinfo=TzInfo(UTC)),
    'trade_count': 423243.0,
    'volume': 28074954.0,
    'vwap': 261.314622}, {   'close': 265.37,
    'high': 269.7399,
    'low': 260.7,
    'open': 268.08,
    'symbol': 'CRM',
    'timestamp': datetime.datetime(2025, 5, 30, 4, 0, tzinfo=TzInfo(UTC)),
    'trade_count': 179533.0,
    'volume': 12388512.0,
    'vwap': 264.372582}, {   'close': 261.62,
    'high': 263.79,
    'low': 259.14,
    'open': 263.11,
    'symbol': 'CRM',
    'timestamp': datetime.datetime(2025, 6, 2, 4, 0, tzinfo=TzInfo(UTC)),
    'trade_count': 158275.0,
    'volume': 9213476.0,
    'vwap': 261.562566}, {   'close': 264.47,
    'high': 264.75,
    'low': 261.36,
    'open': 262.0,
    'symbol': 'CRM',
    'timestamp': datetime.datetime(2025, 6, 3, 4, 0, tzinfo=TzInfo(UTC)),
    'trade_count': 126139.0,
    'volume': 7838480.0,
    'vwap': 263.290858}, {   'close': 263.17,
    'high': 265.5,
    'low': 261.62,
    'open': 264.19,
    'symbol': 'CRM',
    'timestamp': datetime.datetime(2025, 6, 4, 4, 0, tzinfo=TzInfo(UTC)),
    'trade_count': 127462.0,
    'volume': 7372529.0,
    'vwap': 263.339897}, {   'close': 267.14,
    'high': 268.75,
    'low': 263.635,
    'open': 263.71,
    'symbol': 'CRM',
    'timestamp': datetime.datetime(2025, 6, 5, 4, 0, tzinfo=TzInfo(UTC)),
    'trade_count': 141887.0,
    'volume': 8647080.0,
    'vwap': 266.73899}, {   'close': 274.51,
    'high': 274.9,
    'low': 268.21,
    'open': 269.97,
    'symbol': 'CRM',
    'timestamp': datetime.datetime(2025, 6, 6, 4, 0, tzinfo=TzInfo(UTC)),
    'trade_count': 125953.0,
    'volume': 7507040.0,
    'vwap': 272.87735}, {   'close': 272.25,
    'high': 274.2,
    'low': 269.6631,
    'open': 272.85,
    'symbol': 'CRM',
    'timestamp': datetime.datetime(2025, 6, 9, 4, 0, tzinfo=TzInfo(UTC)),
    'trade_count': 108115.0,
    'volume': 5728297.0,
    'vwap': 272.485682}, {   'close': 268.22,
    'high': 273.75,
    'low': 266.8434,
    'open': 272.07,
    'symbol': 'CRM',
    'timestamp': datetime.datetime(2025, 6, 10, 4, 0, tzinfo=TzInfo(UTC)),
    'trade_count': 120453.0,
    'volume': 6309748.0,
    'vwap': 269.822266}, {   'close': 265.91,
    'high': 269.51,
    'low': 265.41,
    'open': 268.5,
    'symbol': 'CRM',
    'timestamp': datetime.datetime(2025, 6, 11, 4, 0, tzinfo=TzInfo(UTC)),
    'trade_count': 92987.0,
    'volume': 6568118.0,
    'vwap': 267.239488}, {   'close': 266.91,
    'high': 269.02,
    'low': 263.4,
    'open': 264.7,
    'symbol': 'CRM',
    'timestamp': datetime.datetime(2025, 6, 12, 4, 0, tzinfo=TzInfo(UTC)),
    'trade_count': 115448.0,
    'volume': 8054033.0,
    'vwap': 266.927017}, {   'close': 258.4,
    'high': 265.7,
    'low': 258.0,
    'open': 263.48,
    'symbol': 'CRM',
    'timestamp': datetime.datetime(2025, 6, 13, 4, 0, tzinfo=TzInfo(UTC)),
    'trade_count': 140720.0,
    'volume': 7659317.0,
    'vwap': 260.135533}]}
2025-06-15 20:49:45,060 - data_provider - DEBUG - Using object response, data type: <class 'dict'>
2025-06-15 20:49:45,061 - data_provider - DEBUG - Data dir: ['__class__', '__class_getitem__', '__contains__', '__delattr__', '__delitem__', '__dir__', '__doc__', '__eq__', '__format__', '__ge__', '__getattribute__', '__getitem__', '__getstate__', '__gt__', '__hash__', '__init__', '__init_subclass__', '__ior__', '__iter__', '__le__', '__len__', '__lt__', '__ne__', '__new__', '__or__', '__reduce__', '__reduce_ex__', '__repr__', '__reversed__', '__ror__', '__setattr__', '__setitem__', '__sizeof__', '__str__', '__subclasshook__', 'clear', 'copy', 'fromkeys', 'get', 'items', 'keys', 'pop', 'popitem', 'setdefault', 'update', 'values']
2025-06-15 20:49:45,061 - data_provider - DEBUG - Data content for symbol CRM: {'CRM': [{   'close': 272.9,
    'high': 278.345,
    'low': 270.721,
    'open': 276.97,
    'symbol': 'CRM',
    'timestamp': datetime.datetime(2025, 3, 10, 4, 0, tzinfo=TzInfo(UTC)),
    'trade_count': 153620.0,
    'volume': 10040220.0,
    'vwap': 273.674136}, {   'close': 277.05,
    'high': 280.45,
    'low': 272.0,
    'open': 273.72,
    'symbol': 'CRM',
    'timestamp': datetime.datetime(2025, 3, 11, 4, 0, tzinfo=TzInfo(UTC)),
    'trade_count': 133279.0,
    'volume': 8313375.0,
    'vwap': 277.229911}, {   'close': 284.58,
    'high': 285.9268,
    'low': 279.09,
    'open': 281.85,
    'symbol': 'CRM',
    'timestamp': datetime.datetime(2025, 3, 12, 4, 0, tzinfo=TzInfo(UTC)),
    'trade_count': 116995.0,
    'volume': 7463894.0,
    'vwap': 283.509062}, {   'close': 271.74,
    'high': 282.555,
    'low': 269.75,
    'open': 282.05,
    'symbol': 'CRM',
    'timestamp': datetime.datetime(2025, 3, 13, 4, 0, tzinfo=TzInfo(UTC)),
    'trade_count': 142163.0,
    'volume': 9494522.0,
    'vwap': 272.789762}, {   'close': 279.4,
    'high': 279.89,
    'low': 272.68,
    'open': 275.0,
    'symbol': 'CRM',
    'timestamp': datetime.datetime(2025, 3, 14, 4, 0, tzinfo=TzInfo(UTC)),
    'trade_count': 107481.0,
    'volume': 6976916.0,
    'vwap': 277.85236}, {   'close': 280.75,
    'high': 282.73,
    'low': 276.0785,
    'open': 277.37,
    'symbol': 'CRM',
    'timestamp': datetime.datetime(2025, 3, 17, 4, 0, tzinfo=TzInfo(UTC)),
    'trade_count': 79100.0,
    'volume': 4484727.0,
    'vwap': 279.919202}, {   'close': 278.73,
    'high': 280.5,
    'low': 275.94,
    'open': 280.02,
    'symbol': 'CRM',
    'timestamp': datetime.datetime(2025, 3, 18, 4, 0, tzinfo=TzInfo(UTC)),
    'trade_count': 80401.0,
    'volume': 5882123.0,
    'vwap': 278.398652}, {   'close': 279.39,
    'high': 282.22,
    'low': 277.29,
    'open': 277.5,
    'symbol': 'CRM',
    'timestamp': datetime.datetime(2025, 3, 19, 4, 0, tzinfo=TzInfo(UTC)),
    'trade_count': 89158.0,
    'volume': 5245412.0,
    'vwap': 279.425993}, {   'close': 279.03,
    'high': 282.88,
    'low': 277.06,
    'open': 277.06,
    'symbol': 'CRM',
    'timestamp': datetime.datetime(2025, 3, 20, 4, 0, tzinfo=TzInfo(UTC)),
    'trade_count': 80515.0,
    'volume': 5504720.0,
    'vwap': 279.49336}, {   'close': 280.62,
    'high': 281.85,
    'low': 274.05,
    'open': 276.21,
    'symbol': 'CRM',
    'timestamp': datetime.datetime(2025, 3, 21, 4, 0, tzinfo=TzInfo(UTC)),
    'trade_count': 73423.0,
    'volume': 9804132.0,
    'vwap': 279.634743}, {   'close': 285.96,
    'high': 286.76,
    'low': 283.22,
    'open': 283.74,
    'symbol': 'CRM',
    'timestamp': datetime.datetime(2025, 3, 24, 4, 0, tzinfo=TzInfo(UTC)),
    'trade_count': 101877.0,
    'volume': 6763802.0,
    'vwap': 285.00093}, {   'close': 288.61,
    'high': 290.45,
    'low': 285.61,
    'open': 285.61,
    'symbol': 'CRM',
    'timestamp': datetime.datetime(2025, 3, 25, 4, 0, tzinfo=TzInfo(UTC)),
    'trade_count': 79593.0,
    'volume': 4301704.0,
    'vwap': 288.393482}, {   'close': 280.99,
    'high': 289.04,
    'low': 279.58,
    'open': 288.34,
    'symbol': 'CRM',
    'timestamp': datetime.datetime(2025, 3, 26, 4, 0, tzinfo=TzInfo(UTC)),
    'trade_count': 96251.0,
    'volume': 5073391.0,
    'vwap': 282.358787}, {   'close': 277.81,
    'high': 280.8987,
    'low': 276.01,
    'open': 280.54,
    'symbol': 'CRM',
    'timestamp': datetime.datetime(2025, 3, 27, 4, 0, tzinfo=TzInfo(UTC)),
    'trade_count': 73987.0,
    'volume': 3757245.0,
    'vwap': 278.427452}, {   'close': 269.97,
    'high': 277.205,
    'low': 269.19,
    'open': 276.71,
    'symbol': 'CRM',
    'timestamp': datetime.datetime(2025, 3, 28, 4, 0, tzinfo=TzInfo(UTC)),
    'trade_count': 91350.0,
    'volume': 4973419.0,
    'vwap': 271.256594}, {   'close': 268.36,
    'high': 268.45,
    'low': 259.19,
    'open': 264.55,
    'symbol': 'CRM',
    'timestamp': datetime.datetime(2025, 3, 31, 4, 0, tzinfo=TzInfo(UTC)),
    'trade_count': 117890.0,
    'volume': 7585804.0,
    'vwap': 266.115618}, {   'close': 270.2,
    'high': 270.82,
    'low': 265.82,
    'open': 268.86,
    'symbol': 'CRM',
    'timestamp': datetime.datetime(2025, 4, 1, 4, 0, tzinfo=TzInfo(UTC)),
    'trade_count': 83445.0,
    'volume': 4598153.0,
    'vwap': 269.168895}, {   'close': 271.54,
    'high': 273.63,
    'low': 265.75,
    'open': 265.96,
    'symbol': 'CRM',
    'timestamp': datetime.datetime(2025, 4, 2, 4, 0, tzinfo=TzInfo(UTC)),
    'trade_count': 92567.0,
    'volume': 5396853.0,
    'vwap': 271.016531}, {   'close': 255.23,
    'high': 262.57,
    'low': 254.45,
    'open': 260.14,
    'symbol': 'CRM',
    'timestamp': datetime.datetime(2025, 4, 3, 4, 0, tzinfo=TzInfo(UTC)),
    'trade_count': 149927.0,
    'volume': 8872602.0,
    'vwap': 257.272923}, {   'close': 240.76,
    'high': 250.29,
    'low': 239.53,
    'open': 247.7,
    'symbol': 'CRM',
    'timestamp': datetime.datetime(2025, 4, 4, 4, 0, tzinfo=TzInfo(UTC)),
    'trade_count': 182902.0,
    'volume': 9704995.0,
    'vwap': 243.681166}, {   'close': 244.21,
    'high': 252.95,
    'low': 230.0,
    'open': 230.0,
    'symbol': 'CRM',
    'timestamp': datetime.datetime(2025, 4, 7, 4, 0, tzinfo=TzInfo(UTC)),
    'trade_count': 198031.0,
    'volume': 11965180.0,
    'vwap': 241.613557}, {   'close': 243.99,
    'high': 257.3855,
    'low': 240.266,
    'open': 253.95,
    'symbol': 'CRM',
    'timestamp': datetime.datetime(2025, 4, 8, 4, 0, tzinfo=TzInfo(UTC)),
    'trade_count': 166272.0,
    'volume': 9338841.0,
    'vwap': 248.55022}, {   'close': 265.17,
    'high': 268.17,
    'low': 240.9,
    'open': 240.9,
    'symbol': 'CRM',
    'timestamp': datetime.datetime(2025, 4, 9, 4, 0, tzinfo=TzInfo(UTC)),
    'trade_count': 191313.0,
    'volume': 12489018.0,
    'vwap': 256.307985}, {   'close': 255.12,
    'high': 261.24,
    'low': 248.13,
    'open': 260.0,
    'symbol': 'CRM',
    'timestamp': datetime.datetime(2025, 4, 10, 4, 0, tzinfo=TzInfo(UTC)),
    'trade_count': 150634.0,
    'volume': 9692344.0,
    'vwap': 254.615467}, {   'close': 255.0,
    'high': 256.41,
    'low': 247.675,
    'open': 254.27,
    'symbol': 'CRM',
    'timestamp': datetime.datetime(2025, 4, 11, 4, 0, tzinfo=TzInfo(UTC)),
    'trade_count': 104954.0,
    'volume': 6089003.0,
    'vwap': 253.519596}, {   'close': 254.55,
    'high': 260.0,
    'low': 253.14,
    'open': 260.0,
    'symbol': 'CRM',
    'timestamp': datetime.datetime(2025, 4, 14, 4, 0, tzinfo=TzInfo(UTC)),
    'trade_count': 90402.0,
    'volume': 6038546.0,
    'vwap': 255.41776}, {   'close': 254.93,
    'high': 256.72,
    'low': 253.8,
    'open': 254.37,
    'symbol': 'CRM',
    'timestamp': datetime.datetime(2025, 4, 15, 4, 0, tzinfo=TzInfo(UTC)),
    'trade_count': 80083.0,
    'volume': 5227671.0,
    'vwap': 255.186666}, {   'close': 249.84,
    'high': 256.61,
    'low': 246.69,
    'open': 251.93,
    'symbol': 'CRM',
    'timestamp': datetime.datetime(2025, 4, 16, 4, 0, tzinfo=TzInfo(UTC)),
    'trade_count': 113888.0,
    'volume': 7190940.0,
    'vwap': 250.997046}, {   'close': 247.26,
    'high': 251.56,
    'low': 246.8,
    'open': 249.77,
    'symbol': 'CRM',
    'timestamp': datetime.datetime(2025, 4, 17, 4, 0, tzinfo=TzInfo(UTC)),
    'trade_count': 99073.0,
    'volume': 5566852.0,
    'vwap': 248.41315}, {   'close': 236.26,
    'high': 242.48,
    'low': 232.77,
    'open': 240.43,
    'symbol': 'CRM',
    'timestamp': datetime.datetime(2025, 4, 21, 4, 0, tzinfo=TzInfo(UTC)),
    'trade_count': 148032.0,
    'volume': 9240009.0,
    'vwap': 235.767509}, {   'close': 243.39,
    'high': 244.22,
    'low': 235.597,
    'open': 238.23,
    'symbol': 'CRM',
    'timestamp': datetime.datetime(2025, 4, 22, 4, 0, tzinfo=TzInfo(UTC)),
    'trade_count': 112980.0,
    'volume': 7145288.0,
    'vwap': 241.356943}, {   'close': 250.48,
    'high': 257.79,
    'low': 249.5,
    'open': 252.61,
    'symbol': 'CRM',
    'timestamp': datetime.datetime(2025, 4, 23, 4, 0, tzinfo=TzInfo(UTC)),
    'trade_count': 109830.0,
    'volume': 5818895.0,
    'vwap': 252.819097}, {   'close': 264.7,
    'high': 264.98,
    'low': 257.0,
    'open': 258.2,
    'symbol': 'CRM',
    'timestamp': datetime.datetime(2025, 4, 24, 4, 0, tzinfo=TzInfo(UTC)),
    'trade_count': 122942.0,
    'volume': 7857563.0,
    'vwap': 262.847638}, {   'close': 267.85,
    'high': 269.03,
    'low': 264.2,
    'open': 264.72,
    'symbol': 'CRM',
    'timestamp': datetime.datetime(2025, 4, 25, 4, 0, tzinfo=TzInfo(UTC)),
    'trade_count': 97285.0,
    'volume': 5651651.0,
    'vwap': 267.266278}, {   'close': 265.64,
    'high': 269.5,
    'low': 263.33,
    'open': 268.145,
    'symbol': 'CRM',
    'timestamp': datetime.datetime(2025, 4, 28, 4, 0, tzinfo=TzInfo(UTC)),
    'trade_count': 82609.0,
    'volume': 4977724.0,
    'vwap': 266.080073}, {   'close': 267.76,
    'high': 268.575,
    'low': 265.17,
    'open': 265.4,
    'symbol': 'CRM',
    'timestamp': datetime.datetime(2025, 4, 29, 4, 0, tzinfo=TzInfo(UTC)),
    'trade_count': 66671.0,
    'volume': 3140601.0,
    'vwap': 267.077615}, {   'close': 268.71,
    'high': 268.87,
    'low': 263.0,
    'open': 264.8,
    'symbol': 'CRM',
    'timestamp': datetime.datetime(2025, 4, 30, 4, 0, tzinfo=TzInfo(UTC)),
    'trade_count': 71980.0,
    'volume': 4624088.0,
    'vwap': 267.024828}, {   'close': 269.33,
    'high': 274.6,
    'low': 269.0,
    'open': 273.4,
    'symbol': 'CRM',
    'timestamp': datetime.datetime(2025, 5, 1, 4, 0, tzinfo=TzInfo(UTC)),
    'trade_count': 93419.0,
    'volume': 5208927.0,
    'vwap': 271.393194}, {   'close': 275.08,
    'high': 276.32,
    'low': 272.25,
    'open': 274.46,
    'symbol': 'CRM',
    'timestamp': datetime.datetime(2025, 5, 2, 4, 0, tzinfo=TzInfo(UTC)),
    'trade_count': 81798.0,
    'volume': 4323760.0,
    'vwap': 274.768251}, {   'close': 272.63,
    'high': 276.165,
    'low': 272.31,
    'open': 273.37,
    'symbol': 'CRM',
    'timestamp': datetime.datetime(2025, 5, 5, 4, 0, tzinfo=TzInfo(UTC)),
    'trade_count': 80119.0,
    'volume': 4219639.0,
    'vwap': 274.040351}, {   'close': 273.36,
    'high': 274.7976,
    'low': 268.54,
    'open': 269.82,
    'symbol': 'CRM',
    'timestamp': datetime.datetime(2025, 5, 6, 4, 0, tzinfo=TzInfo(UTC)),
    'trade_count': 72237.0,
    'volume': 4681552.0,
    'vwap': 272.758906}, {   'close': 278.23,
    'high': 278.79,
    'low': 273.71,
    'open': 273.71,
    'symbol': 'CRM',
    'timestamp': datetime.datetime(2025, 5, 7, 4, 0, tzinfo=TzInfo(UTC)),
    'trade_count': 78599.0,
    'volume': 4268307.0,
    'vwap': 276.961108}, {   'close': 279.74,
    'high': 283.045,
    'low': 278.38,
    'open': 279.21,
    'symbol': 'CRM',
    'timestamp': datetime.datetime(2025, 5, 8, 4, 0, tzinfo=TzInfo(UTC)),
    'trade_count': 84807.0,
    'volume': 4789858.0,
    'vwap': 280.495564}, {   'close': 275.42,
    'high': 282.48,
    'low': 273.88,
    'open': 281.62,
    'symbol': 'CRM',
    'timestamp': datetime.datetime(2025, 5, 9, 4, 0, tzinfo=TzInfo(UTC)),
    'trade_count': 84008.0,
    'volume': 4324188.0,
    'vwap': 276.6525}, {   'close': 288.82,
    'high': 288.97,
    'low': 283.23,
    'open': 285.0,
    'symbol': 'CRM',
    'timestamp': datetime.datetime(2025, 5, 12, 4, 0, tzinfo=TzInfo(UTC)),
    'trade_count': 113201.0,
    'volume': 5937370.0,
    'vwap': 287.081215}, {   'close': 289.17,
    'high': 292.7406,
    'low': 288.93,
    'open': 291.0,
    'symbol': 'CRM',
    'timestamp': datetime.datetime(2025, 5, 13, 4, 0, tzinfo=TzInfo(UTC)),
    'trade_count': 116072.0,
    'volume': 6711550.0,
    'vwap': 290.415766}, {   'close': 290.74,
    'high': 296.05,
    'low': 289.26,
    'open': 293.5,
    'symbol': 'CRM',
    'timestamp': datetime.datetime(2025, 5, 14, 4, 0, tzinfo=TzInfo(UTC)),
    'trade_count': 129128.0,
    'volume': 7926186.0,
    'vwap': 291.850554}, {   'close': 290.76,
    'high': 291.97,
    'low': 287.95,
    'open': 289.57,
    'symbol': 'CRM',
    'timestamp': datetime.datetime(2025, 5, 15, 4, 0, tzinfo=TzInfo(UTC)),
    'trade_count': 92654.0,
    'volume': 4635862.0,
    'vwap': 290.293389}, {   'close': 291.15,
    'high': 292.17,
    'low': 289.72,
    'open': 291.09,
    'symbol': 'CRM',
    'timestamp': datetime.datetime(2025, 5, 16, 4, 0, tzinfo=TzInfo(UTC)),
    'trade_count': 74607.0,
    'volume': 3845977.0,
    'vwap': 291.140277}, {   'close': 287.63,
    'high': 289.9,
    'low': 286.91,
    'open': 288.1,
    'symbol': 'CRM',
    'timestamp': datetime.datetime(2025, 5, 19, 4, 0, tzinfo=TzInfo(UTC)),
    'trade_count': 101771.0,
    'volume': 5781196.0,
    'vwap': 288.261341}, {   'close': 288.06,
    'high': 288.44,
    'low': 285.21,
    'open': 288.09,
    'symbol': 'CRM',
    'timestamp': datetime.datetime(2025, 5, 20, 4, 0, tzinfo=TzInfo(UTC)),
    'trade_count': 85176.0,
    'volume': 4032283.0,
    'vwap': 287.041315}, {   'close': 282.28,
    'high': 287.63,
    'low': 281.1121,
    'open': 284.41,
    'symbol': 'CRM',
    'timestamp': datetime.datetime(2025, 5, 21, 4, 0, tzinfo=TzInfo(UTC)),
    'trade_count': 97540.0,
    'volume': 5689839.0,
    'vwap': 284.002849}, {   'close': 283.42,
    'high': 286.35,
    'low': 281.0296,
    'open': 282.5,
    'symbol': 'CRM',
    'timestamp': datetime.datetime(2025, 5, 22, 4, 0, tzinfo=TzInfo(UTC)),
    'trade_count': 103514.0,
    'volume': 6642690.0,
    'vwap': 284.255187}, {   'close': 273.13,
    'high': 280.74,
    'low': 271.65,
    'open': 279.0,
    'symbol': 'CRM',
    'timestamp': datetime.datetime(2025, 5, 23, 4, 0, tzinfo=TzInfo(UTC)),
    'trade_count': 169767.0,
    'volume': 8887815.0,
    'vwap': 275.724291}, {   'close': 277.19,
    'high': 278.58,
    'low': 270.29,
    'open': 273.165,
    'symbol': 'CRM',
    'timestamp': datetime.datetime(2025, 5, 27, 4, 0, tzinfo=TzInfo(UTC)),
    'trade_count': 168252.0,
    'volume': 10958025.0,
    'vwap': 275.658738}, {   'close': 276.03,
    'high': 278.81,
    'low': 273.58,
    'open': 277.71,
    'symbol': 'CRM',
    'timestamp': datetime.datetime(2025, 5, 28, 4, 0, tzinfo=TzInfo(UTC)),
    'trade_count': 227038.0,
    'volume': 12758644.0,
    'vwap': 275.453005}, {   'close': 266.92,
    'high': 267.785,
    'low': 254.5,
    'open': 263.59,
    'symbol': 'CRM',
    'timestamp': datetime.datetime(2025, 5, 29, 4, 0, tzinfo=TzInfo(UTC)),
    'trade_count': 423243.0,
    'volume': 28074954.0,
    'vwap': 261.314622}, {   'close': 265.37,
    'high': 269.7399,
    'low': 260.7,
    'open': 268.08,
    'symbol': 'CRM',
    'timestamp': datetime.datetime(2025, 5, 30, 4, 0, tzinfo=TzInfo(UTC)),
    'trade_count': 179533.0,
    'volume': 12388512.0,
    'vwap': 264.372582}, {   'close': 261.62,
    'high': 263.79,
    'low': 259.14,
    'open': 263.11,
    'symbol': 'CRM',
    'timestamp': datetime.datetime(2025, 6, 2, 4, 0, tzinfo=TzInfo(UTC)),
    'trade_count': 158275.0,
    'volume': 9213476.0,
    'vwap': 261.562566}, {   'close': 264.47,
    'high': 264.75,
    'low': 261.36,
    'open': 262.0,
    'symbol': 'CRM',
    'timestamp': datetime.datetime(2025, 6, 3, 4, 0, tzinfo=TzInfo(UTC)),
    'trade_count': 126139.0,
    'volume': 7838480.0,
    'vwap': 263.290858}, {   'close': 263.17,
    'high': 265.5,
    'low': 261.62,
    'open': 264.19,
    'symbol': 'CRM',
    'timestamp': datetime.datetime(2025, 6, 4, 4, 0, tzinfo=TzInfo(UTC)),
    'trade_count': 127462.0,
    'volume': 7372529.0,
    'vwap': 263.339897}, {   'close': 267.14,
    'high': 268.75,
    'low': 263.635,
    'open': 263.71,
    'symbol': 'CRM',
    'timestamp': datetime.datetime(2025, 6, 5, 4, 0, tzinfo=TzInfo(UTC)),
    'trade_count': 141887.0,
    'volume': 8647080.0,
    'vwap': 266.73899}, {   'close': 274.51,
    'high': 274.9,
    'low': 268.21,
    'open': 269.97,
    'symbol': 'CRM',
    'timestamp': datetime.datetime(2025, 6, 6, 4, 0, tzinfo=TzInfo(UTC)),
    'trade_count': 125953.0,
    'volume': 7507040.0,
    'vwap': 272.87735}, {   'close': 272.25,
    'high': 274.2,
    'low': 269.6631,
    'open': 272.85,
    'symbol': 'CRM',
    'timestamp': datetime.datetime(2025, 6, 9, 4, 0, tzinfo=TzInfo(UTC)),
    'trade_count': 108115.0,
    'volume': 5728297.0,
    'vwap': 272.485682}, {   'close': 268.22,
    'high': 273.75,
    'low': 266.8434,
    'open': 272.07,
    'symbol': 'CRM',
    'timestamp': datetime.datetime(2025, 6, 10, 4, 0, tzinfo=TzInfo(UTC)),
    'trade_count': 120453.0,
    'volume': 6309748.0,
    'vwap': 269.822266}, {   'close': 265.91,
    'high': 269.51,
    'low': 265.41,
    'open': 268.5,
    'symbol': 'CRM',
    'timestamp': datetime.datetime(2025, 6, 11, 4, 0, tzinfo=TzInfo(UTC)),
    'trade_count': 92987.0,
    'volume': 6568118.0,
    'vwap': 267.239488}, {   'close': 266.91,
    'high': 269.02,
    'low': 263.4,
    'open': 264.7,
    'symbol': 'CRM',
    'timestamp': datetime.datetime(2025, 6, 12, 4, 0, tzinfo=TzInfo(UTC)),
    'trade_count': 115448.0,
    'volume': 8054033.0,
    'vwap': 266.927017}, {   'close': 258.4,
    'high': 265.7,
    'low': 258.0,
    'open': 263.48,
    'symbol': 'CRM',
    'timestamp': datetime.datetime(2025, 6, 13, 4, 0, tzinfo=TzInfo(UTC)),
    'trade_count': 140720.0,
    'volume': 7659317.0,
    'vwap': 260.135533}]}
2025-06-15 20:49:45,070 - data_provider - DEBUG - Looking for symbol CRM in data
2025-06-15 20:49:45,070 - data_provider - DEBUG - Dict access result for CRM: Found
2025-06-15 20:49:45,217 - data_provider - DEBUG - API response type: <class 'alpaca.data.models.bars.BarSet'>
2025-06-15 20:49:45,218 - data_provider - DEBUG - API response dir: ['__abstractmethods__', '__annotations__', '__class__', '__class_getitem__', '__class_vars__', '__copy__', '__deepcopy__', '__delattr__', '__dict__', '__dir__', '__doc__', '__eq__', '__fields__', '__fields_set__', '__firstlineno__', '__format__', '__ge__', '__get_pydantic_core_schema__', '__get_pydantic_json_schema__', '__getattr__', '__getattribute__', '__getitem__', '__getstate__', '__gt__', '__hash__', '__init__', '__init_subclass__', '__iter__', '__le__', '__lt__', '__module__', '__ne__', '__new__', '__pretty__', '__private_attributes__', '__pydantic_complete__', '__pydantic_computed_fields__', '__pydantic_core_schema__', '__pydantic_custom_init__', '__pydantic_decorators__', '__pydantic_extra__', '__pydantic_fields__', '__pydantic_fields_set__', '__pydantic_generic_metadata__', '__pydantic_init_subclass__', '__pydantic_parent_namespace__', '__pydantic_post_init__', '__pydantic_private__', '__pydantic_root_model__', '__pydantic_serializer__', '__pydantic_setattr_handlers__', '__pydantic_validator__', '__reduce__', '__reduce_ex__', '__replace__', '__repr__', '__repr_args__', '__repr_name__', '__repr_recursion__', '__repr_str__', '__rich_repr__', '__setattr__', '__setstate__', '__signature__', '__sizeof__', '__slots__', '__static_attributes__', '__str__', '__subclasshook__', '__weakref__', '_abc_impl', '_calculate_keys', '_copy_and_set_values', '_get_value', '_iter', '_setattr_handler', 'construct', 'copy', 'data', 'df', 'dict', 'from_orm', 'json', 'model_computed_fields', 'model_config', 'model_construct', 'model_copy', 'model_dump', 'model_dump_json', 'model_extra', 'model_fields', 'model_fields_set', 'model_json_schema', 'model_parametrized_name', 'model_post_init', 'model_rebuild', 'model_validate', 'model_validate_json', 'model_validate_strings', 'parse_file', 'parse_obj', 'parse_raw', 'schema', 'schema_json', 'update_forward_refs', 'validate']
2025-06-15 20:49:45,218 - data_provider - DEBUG - Raw API response for symbol PENN: data={'PENN': [{   'close': 16.48,
    'high': 16.615,
    'low': 15.65,
    'open': 15.73,
    'symbol': 'PENN',
    'timestamp': datetime.datetime(2025, 6, 9, 4, 0, tzinfo=TzInfo(UTC)),
    'trade_count': 43578.0,
    'volume': 4972047.0,
    'vwap': 16.411737}, {   'close': 16.81,
    'high': 16.89,
    'low': 16.465,
    'open': 16.69,
    'symbol': 'PENN',
    'timestamp': datetime.datetime(2025, 6, 10, 4, 0, tzinfo=TzInfo(UTC)),
    'trade_count': 36785.0,
    'volume': 3547510.0,
    'vwap': 16.713457}, {   'close': 16.82,
    'high': 16.9612,
    'low': 16.58,
    'open': 16.96,
    'symbol': 'PENN',
    'timestamp': datetime.datetime(2025, 6, 11, 4, 0, tzinfo=TzInfo(UTC)),
    'trade_count': 36209.0,
    'volume': 3759903.0,
    'vwap': 16.767902}, {   'close': 16.48,
    'high': 16.81,
    'low': 16.31,
    'open': 16.53,
    'symbol': 'PENN',
    'timestamp': datetime.datetime(2025, 6, 12, 4, 0, tzinfo=TzInfo(UTC)),
    'trade_count': 31005.0,
    'volume': 3679004.0,
    'vwap': 16.57697}, {   'close': 15.61,
    'high': 16.36,
    'low': 15.58,
    'open': 16.15,
    'symbol': 'PENN',
    'timestamp': datetime.datetime(2025, 6, 13, 4, 0, tzinfo=TzInfo(UTC)),
    'trade_count': 31622.0,
    'volume': 3432468.0,
    'vwap': 15.848006}]}
2025-06-15 20:49:45,220 - data_provider - DEBUG - Using object response, data type: <class 'dict'>
2025-06-15 20:49:45,220 - data_provider - DEBUG - Data dir: ['__class__', '__class_getitem__', '__contains__', '__delattr__', '__delitem__', '__dir__', '__doc__', '__eq__', '__format__', '__ge__', '__getattribute__', '__getitem__', '__getstate__', '__gt__', '__hash__', '__init__', '__init_subclass__', '__ior__', '__iter__', '__le__', '__len__', '__lt__', '__ne__', '__new__', '__or__', '__reduce__', '__reduce_ex__', '__repr__', '__reversed__', '__ror__', '__setattr__', '__setitem__', '__sizeof__', '__str__', '__subclasshook__', 'clear', 'copy', 'fromkeys', 'get', 'items', 'keys', 'pop', 'popitem', 'setdefault', 'update', 'values']
2025-06-15 20:49:45,220 - data_provider - DEBUG - Data content for symbol PENN: {'PENN': [{   'close': 16.48,
    'high': 16.615,
    'low': 15.65,
    'open': 15.73,
    'symbol': 'PENN',
    'timestamp': datetime.datetime(2025, 6, 9, 4, 0, tzinfo=TzInfo(UTC)),
    'trade_count': 43578.0,
    'volume': 4972047.0,
    'vwap': 16.411737}, {   'close': 16.81,
    'high': 16.89,
    'low': 16.465,
    'open': 16.69,
    'symbol': 'PENN',
    'timestamp': datetime.datetime(2025, 6, 10, 4, 0, tzinfo=TzInfo(UTC)),
    'trade_count': 36785.0,
    'volume': 3547510.0,
    'vwap': 16.713457}, {   'close': 16.82,
    'high': 16.9612,
    'low': 16.58,
    'open': 16.96,
    'symbol': 'PENN',
    'timestamp': datetime.datetime(2025, 6, 11, 4, 0, tzinfo=TzInfo(UTC)),
    'trade_count': 36209.0,
    'volume': 3759903.0,
    'vwap': 16.767902}, {   'close': 16.48,
    'high': 16.81,
    'low': 16.31,
    'open': 16.53,
    'symbol': 'PENN',
    'timestamp': datetime.datetime(2025, 6, 12, 4, 0, tzinfo=TzInfo(UTC)),
    'trade_count': 31005.0,
    'volume': 3679004.0,
    'vwap': 16.57697}, {   'close': 15.61,
    'high': 16.36,
    'low': 15.58,
    'open': 16.15,
    'symbol': 'PENN',
    'timestamp': datetime.datetime(2025, 6, 13, 4, 0, tzinfo=TzInfo(UTC)),
    'trade_count': 31622.0,
    'volume': 3432468.0,
    'vwap': 15.848006}]}
2025-06-15 20:49:45,221 - data_provider - DEBUG - Looking for symbol PENN in data
2025-06-15 20:49:45,222 - data_provider - DEBUG - Dict access result for PENN: Found
2025-06-15 20:49:45,381 - data_provider - DEBUG - API response type: <class 'alpaca.data.models.bars.BarSet'>
2025-06-15 20:49:45,381 - data_provider - DEBUG - API response dir: ['__abstractmethods__', '__annotations__', '__class__', '__class_getitem__', '__class_vars__', '__copy__', '__deepcopy__', '__delattr__', '__dict__', '__dir__', '__doc__', '__eq__', '__fields__', '__fields_set__', '__firstlineno__', '__format__', '__ge__', '__get_pydantic_core_schema__', '__get_pydantic_json_schema__', '__getattr__', '__getattribute__', '__getitem__', '__getstate__', '__gt__', '__hash__', '__init__', '__init_subclass__', '__iter__', '__le__', '__lt__', '__module__', '__ne__', '__new__', '__pretty__', '__private_attributes__', '__pydantic_complete__', '__pydantic_computed_fields__', '__pydantic_core_schema__', '__pydantic_custom_init__', '__pydantic_decorators__', '__pydantic_extra__', '__pydantic_fields__', '__pydantic_fields_set__', '__pydantic_generic_metadata__', '__pydantic_init_subclass__', '__pydantic_parent_namespace__', '__pydantic_post_init__', '__pydantic_private__', '__pydantic_root_model__', '__pydantic_serializer__', '__pydantic_setattr_handlers__', '__pydantic_validator__', '__reduce__', '__reduce_ex__', '__replace__', '__repr__', '__repr_args__', '__repr_name__', '__repr_recursion__', '__repr_str__', '__rich_repr__', '__setattr__', '__setstate__', '__signature__', '__sizeof__', '__slots__', '__static_attributes__', '__str__', '__subclasshook__', '__weakref__', '_abc_impl', '_calculate_keys', '_copy_and_set_values', '_get_value', '_iter', '_setattr_handler', 'construct', 'copy', 'data', 'df', 'dict', 'from_orm', 'json', 'model_computed_fields', 'model_config', 'model_construct', 'model_copy', 'model_dump', 'model_dump_json', 'model_extra', 'model_fields', 'model_fields_set', 'model_json_schema', 'model_parametrized_name', 'model_post_init', 'model_rebuild', 'model_validate', 'model_validate_json', 'model_validate_strings', 'parse_file', 'parse_obj', 'parse_raw', 'schema', 'schema_json', 'update_forward_refs', 'validate']
2025-06-15 20:49:45,382 - data_provider - DEBUG - Raw API response for symbol PENN: data={}
2025-06-15 20:49:45,382 - data_provider - DEBUG - Using object response, data type: <class 'dict'>
2025-06-15 20:49:45,382 - data_provider - DEBUG - No data found for symbol PENN
2025-06-15 20:49:45,541 - data_provider - DEBUG - API response type: <class 'alpaca.data.models.bars.BarSet'>
2025-06-15 20:49:45,542 - data_provider - DEBUG - API response dir: ['__abstractmethods__', '__annotations__', '__class__', '__class_getitem__', '__class_vars__', '__copy__', '__deepcopy__', '__delattr__', '__dict__', '__dir__', '__doc__', '__eq__', '__fields__', '__fields_set__', '__firstlineno__', '__format__', '__ge__', '__get_pydantic_core_schema__', '__get_pydantic_json_schema__', '__getattr__', '__getattribute__', '__getitem__', '__getstate__', '__gt__', '__hash__', '__init__', '__init_subclass__', '__iter__', '__le__', '__lt__', '__module__', '__ne__', '__new__', '__pretty__', '__private_attributes__', '__pydantic_complete__', '__pydantic_computed_fields__', '__pydantic_core_schema__', '__pydantic_custom_init__', '__pydantic_decorators__', '__pydantic_extra__', '__pydantic_fields__', '__pydantic_fields_set__', '__pydantic_generic_metadata__', '__pydantic_init_subclass__', '__pydantic_parent_namespace__', '__pydantic_post_init__', '__pydantic_private__', '__pydantic_root_model__', '__pydantic_serializer__', '__pydantic_setattr_handlers__', '__pydantic_validator__', '__reduce__', '__reduce_ex__', '__replace__', '__repr__', '__repr_args__', '__repr_name__', '__repr_recursion__', '__repr_str__', '__rich_repr__', '__setattr__', '__setstate__', '__signature__', '__sizeof__', '__slots__', '__static_attributes__', '__str__', '__subclasshook__', '__weakref__', '_abc_impl', '_calculate_keys', '_copy_and_set_values', '_get_value', '_iter', '_setattr_handler', 'construct', 'copy', 'data', 'df', 'dict', 'from_orm', 'json', 'model_computed_fields', 'model_config', 'model_construct', 'model_copy', 'model_dump', 'model_dump_json', 'model_extra', 'model_fields', 'model_fields_set', 'model_json_schema', 'model_parametrized_name', 'model_post_init', 'model_rebuild', 'model_validate', 'model_validate_json', 'model_validate_strings', 'parse_file', 'parse_obj', 'parse_raw', 'schema', 'schema_json', 'update_forward_refs', 'validate']
2025-06-15 20:49:45,542 - data_provider - DEBUG - Raw API response for symbol BEKE: data={'BEKE': [{   'close': 17.53,
    'high': 19.045,
    'low': 17.09,
    'open': 18.85,
    'symbol': 'BEKE',
    'timestamp': datetime.datetime(2025, 4, 8, 4, 0, tzinfo=TzInfo(UTC)),
    'trade_count': 106793.0,
    'volume': 20106039.0,
    'vwap': 17.691812}, {   'close': 18.34,
    'high': 18.54,
    'low': 17.035,
    'open': 17.65,
    'symbol': 'BEKE',
    'timestamp': datetime.datetime(2025, 4, 9, 4, 0, tzinfo=TzInfo(UTC)),
    'trade_count': 119049.0,
    'volume': 15940211.0,
    'vwap': 17.780987}, {   'close': 18.08,
    'high': 18.835,
    'low': 17.945,
    'open': 18.45,
    'symbol': 'BEKE',
    'timestamp': datetime.datetime(2025, 4, 10, 4, 0, tzinfo=TzInfo(UTC)),
    'trade_count': 80283.0,
    'volume': 10659650.0,
    'vwap': 18.31829}, {   'close': 18.44,
    'high': 18.63,
    'low': 17.35,
    'open': 17.88,
    'symbol': 'BEKE',
    'timestamp': datetime.datetime(2025, 4, 11, 4, 0, tzinfo=TzInfo(UTC)),
    'trade_count': 85938.0,
    'volume': 12417128.0,
    'vwap': 18.108001}, {   'close': 19.3,
    'high': 19.595,
    'low': 18.93,
    'open': 18.99,
    'symbol': 'BEKE',
    'timestamp': datetime.datetime(2025, 4, 14, 4, 0, tzinfo=TzInfo(UTC)),
    'trade_count': 66603.0,
    'volume': 13913373.0,
    'vwap': 19.331467}, {   'close': 19.34,
    'high': 19.475,
    'low': 19.09,
    'open': 19.14,
    'symbol': 'BEKE',
    'timestamp': datetime.datetime(2025, 4, 15, 4, 0, tzinfo=TzInfo(UTC)),
    'trade_count': 32513.0,
    'volume': 5233502.0,
    'vwap': 19.321532}, {   'close': 19.36,
    'high': 19.47,
    'low': 18.91,
    'open': 18.98,
    'symbol': 'BEKE',
    'timestamp': datetime.datetime(2025, 4, 16, 4, 0, tzinfo=TzInfo(UTC)),
    'trade_count': 42580.0,
    'volume': 7098688.0,
    'vwap': 19.252017}, {   'close': 19.03,
    'high': 20.09,
    'low': 18.99,
    'open': 20.01,
    'symbol': 'BEKE',
    'timestamp': datetime.datetime(2025, 4, 17, 4, 0, tzinfo=TzInfo(UTC)),
    'trade_count': 74496.0,
    'volume': 11293285.0,
    'vwap': 19.437712}, {   'close': 19.49,
    'high': 19.5,
    'low': 18.85,
    'open': 19.0,
    'symbol': 'BEKE',
    'timestamp': datetime.datetime(2025, 4, 21, 4, 0, tzinfo=TzInfo(UTC)),
    'trade_count': 51184.0,
    'volume': 7213307.0,
    'vwap': 19.23799}, {   'close': 20.24,
    'high': 20.52,
    'low': 19.805,
    'open': 19.86,
    'symbol': 'BEKE',
    'timestamp': datetime.datetime(2025, 4, 22, 4, 0, tzinfo=TzInfo(UTC)),
    'trade_count': 53769.0,
    'volume': 8768385.0,
    'vwap': 20.150664}, {   'close': 21.1,
    'high': 21.71,
    'low': 20.97,
    'open': 21.15,
    'symbol': 'BEKE',
    'timestamp': datetime.datetime(2025, 4, 23, 4, 0, tzinfo=TzInfo(UTC)),
    'trade_count': 60423.0,
    'volume': 11641610.0,
    'vwap': 21.191699}, {   'close': 22.08,
    'high': 22.25,
    'low': 21.11,
    'open': 21.19,
    'symbol': 'BEKE',
    'timestamp': datetime.datetime(2025, 4, 24, 4, 0, tzinfo=TzInfo(UTC)),
    'trade_count': 61691.0,
    'volume': 8459040.0,
    'vwap': 21.884013}, {   'close': 21.4,
    'high': 21.46,
    'low': 20.95,
    'open': 21.01,
    'symbol': 'BEKE',
    'timestamp': datetime.datetime(2025, 4, 25, 4, 0, tzinfo=TzInfo(UTC)),
    'trade_count': 45816.0,
    'volume': 6270645.0,
    'vwap': 21.273379}, {   'close': 21.12,
    'high': 21.43,
    'low': 20.6601,
    'open': 20.78,
    'symbol': 'BEKE',
    'timestamp': datetime.datetime(2025, 4, 28, 4, 0, tzinfo=TzInfo(UTC)),
    'trade_count': 36854.0,
    'volume': 5542618.0,
    'vwap': 21.065786}, {   'close': 20.73,
    'high': 21.15,
    'low': 20.66,
    'open': 20.92,
    'symbol': 'BEKE',
    'timestamp': datetime.datetime(2025, 4, 29, 4, 0, tzinfo=TzInfo(UTC)),
    'trade_count': 37290.0,
    'volume': 4738938.0,
    'vwap': 20.798576}, {   'close': 20.3,
    'high': 20.735,
    'low': 20.12,
    'open': 20.57,
    'symbol': 'BEKE',
    'timestamp': datetime.datetime(2025, 4, 30, 4, 0, tzinfo=TzInfo(UTC)),
    'trade_count': 34759.0,
    'volume': 5422320.0,
    'vwap': 20.306841}, {   'close': 20.53,
    'high': 20.65,
    'low': 20.34,
    'open': 20.44,
    'symbol': 'BEKE',
    'timestamp': datetime.datetime(2025, 5, 1, 4, 0, tzinfo=TzInfo(UTC)),
    'trade_count': 19903.0,
    'volume': 2972560.0,
    'vwap': 20.512881}, {   'close': 20.79,
    'high': 21.26,
    'low': 20.695,
    'open': 21.15,
    'symbol': 'BEKE',
    'timestamp': datetime.datetime(2025, 5, 2, 4, 0, tzinfo=TzInfo(UTC)),
    'trade_count': 27440.0,
    'volume': 3286739.0,
    'vwap': 20.864981}, {   'close': 20.83,
    'high': 20.9,
    'low': 20.425,
    'open': 20.78,
    'symbol': 'BEKE',
    'timestamp': datetime.datetime(2025, 5, 5, 4, 0, tzinfo=TzInfo(UTC)),
    'trade_count': 27919.0,
    'volume': 2963542.0,
    'vwap': 20.750019}, {   'close': 20.55,
    'high': 20.97,
    'low': 20.27,
    'open': 20.96,
    'symbol': 'BEKE',
    'timestamp': datetime.datetime(2025, 5, 6, 4, 0, tzinfo=TzInfo(UTC)),
    'trade_count': 39627.0,
    'volume': 4982580.0,
    'vwap': 20.60978}, {   'close': 19.59,
    'high': 20.53,
    'low': 19.58,
    'open': 20.29,
    'symbol': 'BEKE',
    'timestamp': datetime.datetime(2025, 5, 7, 4, 0, tzinfo=TzInfo(UTC)),
    'trade_count': 52352.0,
    'volume': 7395235.0,
    'vwap': 19.796642}, {   'close': 19.32,
    'high': 19.455,
    'low': 19.14,
    'open': 19.43,
    'symbol': 'BEKE',
    'timestamp': datetime.datetime(2025, 5, 8, 4, 0, tzinfo=TzInfo(UTC)),
    'trade_count': 40880.0,
    'volume': 5442120.0,
    'vwap': 19.305373}, {   'close': 19.3,
    'high': 19.57,
    'low': 19.155,
    'open': 19.27,
    'symbol': 'BEKE',
    'timestamp': datetime.datetime(2025, 5, 9, 4, 0, tzinfo=TzInfo(UTC)),
    'trade_count': 26705.0,
    'volume': 3062742.0,
    'vwap': 19.280972}, {   'close': 19.84,
    'high': 20.115,
    'low': 19.62,
    'open': 20.08,
    'symbol': 'BEKE',
    'timestamp': datetime.datetime(2025, 5, 12, 4, 0, tzinfo=TzInfo(UTC)),
    'trade_count': 40300.0,
    'volume': 6575678.0,
    'vwap': 19.86267}, {   'close': 20.0,
    'high': 20.39,
    'low': 19.76,
    'open': 19.88,
    'symbol': 'BEKE',
    'timestamp': datetime.datetime(2025, 5, 13, 4, 0, tzinfo=TzInfo(UTC)),
    'trade_count': 44866.0,
    'volume': 9202251.0,
    'vwap': 20.062943}, {   'close': 20.23,
    'high': 20.3,
    'low': 19.83,
    'open': 20.14,
    'symbol': 'BEKE',
    'timestamp': datetime.datetime(2025, 5, 14, 4, 0, tzinfo=TzInfo(UTC)),
    'trade_count': 41398.0,
    'volume': 5757048.0,
    'vwap': 20.146328}, {   'close': 19.16,
    'high': 19.48,
    'low': 18.8,
    'open': 19.14,
    'symbol': 'BEKE',
    'timestamp': datetime.datetime(2025, 5, 15, 4, 0, tzinfo=TzInfo(UTC)),
    'trade_count': 63994.0,
    'volume': 10917211.0,
    'vwap': 19.097302}, {   'close': 19.23,
    'high': 19.3981,
    'low': 18.9,
    'open': 19.1,
    'symbol': 'BEKE',
    'timestamp': datetime.datetime(2025, 5, 16, 4, 0, tzinfo=TzInfo(UTC)),
    'trade_count': 39995.0,
    'volume': 8160880.0,
    'vwap': 19.230038}, {   'close': 19.05,
    'high': 19.15,
    'low': 18.715,
    'open': 19.08,
    'symbol': 'BEKE',
    'timestamp': datetime.datetime(2025, 5, 19, 4, 0, tzinfo=TzInfo(UTC)),
    'trade_count': 38585.0,
    'volume': 6874944.0,
    'vwap': 18.926583}, {   'close': 18.61,
    'high': 18.88,
    'low': 18.5,
    'open': 18.74,
    'symbol': 'BEKE',
    'timestamp': datetime.datetime(2025, 5, 20, 4, 0, tzinfo=TzInfo(UTC)),
    'trade_count': 38130.0,
    'volume': 7457966.0,
    'vwap': 18.61415}, {   'close': 18.36,
    'high': 18.963,
    'low': 18.315,
    'open': 18.71,
    'symbol': 'BEKE',
    'timestamp': datetime.datetime(2025, 5, 21, 4, 0, tzinfo=TzInfo(UTC)),
    'trade_count': 27817.0,
    'volume': 4305266.0,
    'vwap': 18.539185}, {   'close': 18.32,
    'high': 18.49,
    'low': 18.04,
    'open': 18.3,
    'symbol': 'BEKE',
    'timestamp': datetime.datetime(2025, 5, 22, 4, 0, tzinfo=TzInfo(UTC)),
    'trade_count': 30674.0,
    'volume': 5041157.0,
    'vwap': 18.32624}, {   'close': 18.43,
    'high': 18.52,
    'low': 18.25,
    'open': 18.295,
    'symbol': 'BEKE',
    'timestamp': datetime.datetime(2025, 5, 23, 4, 0, tzinfo=TzInfo(UTC)),
    'trade_count': 29905.0,
    'volume': 6085856.0,
    'vwap': 18.410954}, {   'close': 18.34,
    'high': 18.455,
    'low': 18.15,
    'open': 18.19,
    'symbol': 'BEKE',
    'timestamp': datetime.datetime(2025, 5, 27, 4, 0, tzinfo=TzInfo(UTC)),
    'trade_count': 31254.0,
    'volume': 3731210.0,
    'vwap': 18.362616}, {   'close': 18.41,
    'high': 18.69,
    'low': 18.41,
    'open': 18.48,
    'symbol': 'BEKE',
    'timestamp': datetime.datetime(2025, 5, 28, 4, 0, tzinfo=TzInfo(UTC)),
    'trade_count': 32314.0,
    'volume': 4813773.0,
    'vwap': 18.518533}, {   'close': 18.63,
    'high': 18.86,
    'low': 18.55,
    'open': 18.61,
    'symbol': 'BEKE',
    'timestamp': datetime.datetime(2025, 5, 29, 4, 0, tzinfo=TzInfo(UTC)),
    'trade_count': 35976.0,
    'volume': 5445260.0,
    'vwap': 18.695595}, {   'close': 18.46,
    'high': 18.945,
    'low': 18.45,
    'open': 18.84,
    'symbol': 'BEKE',
    'timestamp': datetime.datetime(2025, 5, 30, 4, 0, tzinfo=TzInfo(UTC)),
    'trade_count': 51962.0,
    'volume': 17638905.0,
    'vwap': 18.556875}, {   'close': 18.0,
    'high': 18.39,
    'low': 17.96,
    'open': 18.3,
    'symbol': 'BEKE',
    'timestamp': datetime.datetime(2025, 6, 2, 4, 0, tzinfo=TzInfo(UTC)),
    'trade_count': 41052.0,
    'volume': 7098838.0,
    'vwap': 18.034681}, {   'close': 18.36,
    'high': 18.45,
    'low': 18.09,
    'open': 18.22,
    'symbol': 'BEKE',
    'timestamp': datetime.datetime(2025, 6, 3, 4, 0, tzinfo=TzInfo(UTC)),
    'trade_count': 41168.0,
    'volume': 6632563.0,
    'vwap': 18.309452}, {   'close': 18.68,
    'high': 18.935,
    'low': 18.515,
    'open': 18.59,
    'symbol': 'BEKE',
    'timestamp': datetime.datetime(2025, 6, 4, 4, 0, tzinfo=TzInfo(UTC)),
    'trade_count': 56568.0,
    'volume': 12485939.0,
    'vwap': 18.680662}, {   'close': 18.78,
    'high': 19.06,
    'low': 18.705,
    'open': 18.88,
    'symbol': 'BEKE',
    'timestamp': datetime.datetime(2025, 6, 5, 4, 0, tzinfo=TzInfo(UTC)),
    'trade_count': 48426.0,
    'volume': 7006346.0,
    'vwap': 18.850326}, {   'close': 18.79,
    'high': 18.88,
    'low': 18.63,
    'open': 18.69,
    'symbol': 'BEKE',
    'timestamp': datetime.datetime(2025, 6, 6, 4, 0, tzinfo=TzInfo(UTC)),
    'trade_count': 45168.0,
    'volume': 8993903.0,
    'vwap': 18.761542}, {   'close': 18.84,
    'high': 18.99,
    'low': 18.76,
    'open': 18.85,
    'symbol': 'BEKE',
    'timestamp': datetime.datetime(2025, 6, 9, 4, 0, tzinfo=TzInfo(UTC)),
    'trade_count': 28820.0,
    'volume': 6176907.0,
    'vwap': 18.864415}, {   'close': 19.28,
    'high': 19.36,
    'low': 18.945,
    'open': 19.0,
    'symbol': 'BEKE',
    'timestamp': datetime.datetime(2025, 6, 10, 4, 0, tzinfo=TzInfo(UTC)),
    'trade_count': 73574.0,
    'volume': 15520456.0,
    'vwap': 19.150532}, {   'close': 19.03,
    'high': 19.66,
    'low': 19.03,
    'open': 19.32,
    'symbol': 'BEKE',
    'timestamp': datetime.datetime(2025, 6, 11, 4, 0, tzinfo=TzInfo(UTC)),
    'trade_count': 34934.0,
    'volume': 6989318.0,
    'vwap': 19.186905}, {   'close': 18.99,
    'high': 19.295,
    'low': 18.9,
    'open': 19.09,
    'symbol': 'BEKE',
    'timestamp': datetime.datetime(2025, 6, 12, 4, 0, tzinfo=TzInfo(UTC)),
    'trade_count': 62706.0,
    'volume': 11102080.0,
    'vwap': 19.049059}, {   'close': 18.47,
    'high': 19.45,
    'low': 18.27,
    'open': 19.22,
    'symbol': 'BEKE',
    'timestamp': datetime.datetime(2025, 6, 13, 4, 0, tzinfo=TzInfo(UTC)),
    'trade_count': 97858.0,
    'volume': 47445018.0,
    'vwap': 18.721665}]}
2025-06-15 20:49:45,551 - data_provider - DEBUG - Using object response, data type: <class 'dict'>
2025-06-15 20:49:45,552 - data_provider - DEBUG - Data dir: ['__class__', '__class_getitem__', '__contains__', '__delattr__', '__delitem__', '__dir__', '__doc__', '__eq__', '__format__', '__ge__', '__getattribute__', '__getitem__', '__getstate__', '__gt__', '__hash__', '__init__', '__init_subclass__', '__ior__', '__iter__', '__le__', '__len__', '__lt__', '__ne__', '__new__', '__or__', '__reduce__', '__reduce_ex__', '__repr__', '__reversed__', '__ror__', '__setattr__', '__setitem__', '__sizeof__', '__str__', '__subclasshook__', 'clear', 'copy', 'fromkeys', 'get', 'items', 'keys', 'pop', 'popitem', 'setdefault', 'update', 'values']
2025-06-15 20:49:45,552 - data_provider - DEBUG - Data content for symbol BEKE: {'BEKE': [{   'close': 17.53,
    'high': 19.045,
    'low': 17.09,
    'open': 18.85,
    'symbol': 'BEKE',
    'timestamp': datetime.datetime(2025, 4, 8, 4, 0, tzinfo=TzInfo(UTC)),
    'trade_count': 106793.0,
    'volume': 20106039.0,
    'vwap': 17.691812}, {   'close': 18.34,
    'high': 18.54,
    'low': 17.035,
    'open': 17.65,
    'symbol': 'BEKE',
    'timestamp': datetime.datetime(2025, 4, 9, 4, 0, tzinfo=TzInfo(UTC)),
    'trade_count': 119049.0,
    'volume': 15940211.0,
    'vwap': 17.780987}, {   'close': 18.08,
    'high': 18.835,
    'low': 17.945,
    'open': 18.45,
    'symbol': 'BEKE',
    'timestamp': datetime.datetime(2025, 4, 10, 4, 0, tzinfo=TzInfo(UTC)),
    'trade_count': 80283.0,
    'volume': 10659650.0,
    'vwap': 18.31829}, {   'close': 18.44,
    'high': 18.63,
    'low': 17.35,
    'open': 17.88,
    'symbol': 'BEKE',
    'timestamp': datetime.datetime(2025, 4, 11, 4, 0, tzinfo=TzInfo(UTC)),
    'trade_count': 85938.0,
    'volume': 12417128.0,
    'vwap': 18.108001}, {   'close': 19.3,
    'high': 19.595,
    'low': 18.93,
    'open': 18.99,
    'symbol': 'BEKE',
    'timestamp': datetime.datetime(2025, 4, 14, 4, 0, tzinfo=TzInfo(UTC)),
    'trade_count': 66603.0,
    'volume': 13913373.0,
    'vwap': 19.331467}, {   'close': 19.34,
    'high': 19.475,
    'low': 19.09,
    'open': 19.14,
    'symbol': 'BEKE',
    'timestamp': datetime.datetime(2025, 4, 15, 4, 0, tzinfo=TzInfo(UTC)),
    'trade_count': 32513.0,
    'volume': 5233502.0,
    'vwap': 19.321532}, {   'close': 19.36,
    'high': 19.47,
    'low': 18.91,
    'open': 18.98,
    'symbol': 'BEKE',
    'timestamp': datetime.datetime(2025, 4, 16, 4, 0, tzinfo=TzInfo(UTC)),
    'trade_count': 42580.0,
    'volume': 7098688.0,
    'vwap': 19.252017}, {   'close': 19.03,
    'high': 20.09,
    'low': 18.99,
    'open': 20.01,
    'symbol': 'BEKE',
    'timestamp': datetime.datetime(2025, 4, 17, 4, 0, tzinfo=TzInfo(UTC)),
    'trade_count': 74496.0,
    'volume': 11293285.0,
    'vwap': 19.437712}, {   'close': 19.49,
    'high': 19.5,
    'low': 18.85,
    'open': 19.0,
    'symbol': 'BEKE',
    'timestamp': datetime.datetime(2025, 4, 21, 4, 0, tzinfo=TzInfo(UTC)),
    'trade_count': 51184.0,
    'volume': 7213307.0,
    'vwap': 19.23799}, {   'close': 20.24,
    'high': 20.52,
    'low': 19.805,
    'open': 19.86,
    'symbol': 'BEKE',
    'timestamp': datetime.datetime(2025, 4, 22, 4, 0, tzinfo=TzInfo(UTC)),
    'trade_count': 53769.0,
    'volume': 8768385.0,
    'vwap': 20.150664}, {   'close': 21.1,
    'high': 21.71,
    'low': 20.97,
    'open': 21.15,
    'symbol': 'BEKE',
    'timestamp': datetime.datetime(2025, 4, 23, 4, 0, tzinfo=TzInfo(UTC)),
    'trade_count': 60423.0,
    'volume': 11641610.0,
    'vwap': 21.191699}, {   'close': 22.08,
    'high': 22.25,
    'low': 21.11,
    'open': 21.19,
    'symbol': 'BEKE',
    'timestamp': datetime.datetime(2025, 4, 24, 4, 0, tzinfo=TzInfo(UTC)),
    'trade_count': 61691.0,
    'volume': 8459040.0,
    'vwap': 21.884013}, {   'close': 21.4,
    'high': 21.46,
    'low': 20.95,
    'open': 21.01,
    'symbol': 'BEKE',
    'timestamp': datetime.datetime(2025, 4, 25, 4, 0, tzinfo=TzInfo(UTC)),
    'trade_count': 45816.0,
    'volume': 6270645.0,
    'vwap': 21.273379}, {   'close': 21.12,
    'high': 21.43,
    'low': 20.6601,
    'open': 20.78,
    'symbol': 'BEKE',
    'timestamp': datetime.datetime(2025, 4, 28, 4, 0, tzinfo=TzInfo(UTC)),
    'trade_count': 36854.0,
    'volume': 5542618.0,
    'vwap': 21.065786}, {   'close': 20.73,
    'high': 21.15,
    'low': 20.66,
    'open': 20.92,
    'symbol': 'BEKE',
    'timestamp': datetime.datetime(2025, 4, 29, 4, 0, tzinfo=TzInfo(UTC)),
    'trade_count': 37290.0,
    'volume': 4738938.0,
    'vwap': 20.798576}, {   'close': 20.3,
    'high': 20.735,
    'low': 20.12,
    'open': 20.57,
    'symbol': 'BEKE',
    'timestamp': datetime.datetime(2025, 4, 30, 4, 0, tzinfo=TzInfo(UTC)),
    'trade_count': 34759.0,
    'volume': 5422320.0,
    'vwap': 20.306841}, {   'close': 20.53,
    'high': 20.65,
    'low': 20.34,
    'open': 20.44,
    'symbol': 'BEKE',
    'timestamp': datetime.datetime(2025, 5, 1, 4, 0, tzinfo=TzInfo(UTC)),
    'trade_count': 19903.0,
    'volume': 2972560.0,
    'vwap': 20.512881}, {   'close': 20.79,
    'high': 21.26,
    'low': 20.695,
    'open': 21.15,
    'symbol': 'BEKE',
    'timestamp': datetime.datetime(2025, 5, 2, 4, 0, tzinfo=TzInfo(UTC)),
    'trade_count': 27440.0,
    'volume': 3286739.0,
    'vwap': 20.864981}, {   'close': 20.83,
    'high': 20.9,
    'low': 20.425,
    'open': 20.78,
    'symbol': 'BEKE',
    'timestamp': datetime.datetime(2025, 5, 5, 4, 0, tzinfo=TzInfo(UTC)),
    'trade_count': 27919.0,
    'volume': 2963542.0,
    'vwap': 20.750019}, {   'close': 20.55,
    'high': 20.97,
    'low': 20.27,
    'open': 20.96,
    'symbol': 'BEKE',
    'timestamp': datetime.datetime(2025, 5, 6, 4, 0, tzinfo=TzInfo(UTC)),
    'trade_count': 39627.0,
    'volume': 4982580.0,
    'vwap': 20.60978}, {   'close': 19.59,
    'high': 20.53,
    'low': 19.58,
    'open': 20.29,
    'symbol': 'BEKE',
    'timestamp': datetime.datetime(2025, 5, 7, 4, 0, tzinfo=TzInfo(UTC)),
    'trade_count': 52352.0,
    'volume': 7395235.0,
    'vwap': 19.796642}, {   'close': 19.32,
    'high': 19.455,
    'low': 19.14,
    'open': 19.43,
    'symbol': 'BEKE',
    'timestamp': datetime.datetime(2025, 5, 8, 4, 0, tzinfo=TzInfo(UTC)),
    'trade_count': 40880.0,
    'volume': 5442120.0,
    'vwap': 19.305373}, {   'close': 19.3,
    'high': 19.57,
    'low': 19.155,
    'open': 19.27,
    'symbol': 'BEKE',
    'timestamp': datetime.datetime(2025, 5, 9, 4, 0, tzinfo=TzInfo(UTC)),
    'trade_count': 26705.0,
    'volume': 3062742.0,
    'vwap': 19.280972}, {   'close': 19.84,
    'high': 20.115,
    'low': 19.62,
    'open': 20.08,
    'symbol': 'BEKE',
    'timestamp': datetime.datetime(2025, 5, 12, 4, 0, tzinfo=TzInfo(UTC)),
    'trade_count': 40300.0,
    'volume': 6575678.0,
    'vwap': 19.86267}, {   'close': 20.0,
    'high': 20.39,
    'low': 19.76,
    'open': 19.88,
    'symbol': 'BEKE',
    'timestamp': datetime.datetime(2025, 5, 13, 4, 0, tzinfo=TzInfo(UTC)),
    'trade_count': 44866.0,
    'volume': 9202251.0,
    'vwap': 20.062943}, {   'close': 20.23,
    'high': 20.3,
    'low': 19.83,
    'open': 20.14,
    'symbol': 'BEKE',
    'timestamp': datetime.datetime(2025, 5, 14, 4, 0, tzinfo=TzInfo(UTC)),
    'trade_count': 41398.0,
    'volume': 5757048.0,
    'vwap': 20.146328}, {   'close': 19.16,
    'high': 19.48,
    'low': 18.8,
    'open': 19.14,
    'symbol': 'BEKE',
    'timestamp': datetime.datetime(2025, 5, 15, 4, 0, tzinfo=TzInfo(UTC)),
    'trade_count': 63994.0,
    'volume': 10917211.0,
    'vwap': 19.097302}, {   'close': 19.23,
    'high': 19.3981,
    'low': 18.9,
    'open': 19.1,
    'symbol': 'BEKE',
    'timestamp': datetime.datetime(2025, 5, 16, 4, 0, tzinfo=TzInfo(UTC)),
    'trade_count': 39995.0,
    'volume': 8160880.0,
    'vwap': 19.230038}, {   'close': 19.05,
    'high': 19.15,
    'low': 18.715,
    'open': 19.08,
    'symbol': 'BEKE',
    'timestamp': datetime.datetime(2025, 5, 19, 4, 0, tzinfo=TzInfo(UTC)),
    'trade_count': 38585.0,
    'volume': 6874944.0,
    'vwap': 18.926583}, {   'close': 18.61,
    'high': 18.88,
    'low': 18.5,
    'open': 18.74,
    'symbol': 'BEKE',
    'timestamp': datetime.datetime(2025, 5, 20, 4, 0, tzinfo=TzInfo(UTC)),
    'trade_count': 38130.0,
    'volume': 7457966.0,
    'vwap': 18.61415}, {   'close': 18.36,
    'high': 18.963,
    'low': 18.315,
    'open': 18.71,
    'symbol': 'BEKE',
    'timestamp': datetime.datetime(2025, 5, 21, 4, 0, tzinfo=TzInfo(UTC)),
    'trade_count': 27817.0,
    'volume': 4305266.0,
    'vwap': 18.539185}, {   'close': 18.32,
    'high': 18.49,
    'low': 18.04,
    'open': 18.3,
    'symbol': 'BEKE',
    'timestamp': datetime.datetime(2025, 5, 22, 4, 0, tzinfo=TzInfo(UTC)),
    'trade_count': 30674.0,
    'volume': 5041157.0,
    'vwap': 18.32624}, {   'close': 18.43,
    'high': 18.52,
    'low': 18.25,
    'open': 18.295,
    'symbol': 'BEKE',
    'timestamp': datetime.datetime(2025, 5, 23, 4, 0, tzinfo=TzInfo(UTC)),
    'trade_count': 29905.0,
    'volume': 6085856.0,
    'vwap': 18.410954}, {   'close': 18.34,
    'high': 18.455,
    'low': 18.15,
    'open': 18.19,
    'symbol': 'BEKE',
    'timestamp': datetime.datetime(2025, 5, 27, 4, 0, tzinfo=TzInfo(UTC)),
    'trade_count': 31254.0,
    'volume': 3731210.0,
    'vwap': 18.362616}, {   'close': 18.41,
    'high': 18.69,
    'low': 18.41,
    'open': 18.48,
    'symbol': 'BEKE',
    'timestamp': datetime.datetime(2025, 5, 28, 4, 0, tzinfo=TzInfo(UTC)),
    'trade_count': 32314.0,
    'volume': 4813773.0,
    'vwap': 18.518533}, {   'close': 18.63,
    'high': 18.86,
    'low': 18.55,
    'open': 18.61,
    'symbol': 'BEKE',
    'timestamp': datetime.datetime(2025, 5, 29, 4, 0, tzinfo=TzInfo(UTC)),
    'trade_count': 35976.0,
    'volume': 5445260.0,
    'vwap': 18.695595}, {   'close': 18.46,
    'high': 18.945,
    'low': 18.45,
    'open': 18.84,
    'symbol': 'BEKE',
    'timestamp': datetime.datetime(2025, 5, 30, 4, 0, tzinfo=TzInfo(UTC)),
    'trade_count': 51962.0,
    'volume': 17638905.0,
    'vwap': 18.556875}, {   'close': 18.0,
    'high': 18.39,
    'low': 17.96,
    'open': 18.3,
    'symbol': 'BEKE',
    'timestamp': datetime.datetime(2025, 6, 2, 4, 0, tzinfo=TzInfo(UTC)),
    'trade_count': 41052.0,
    'volume': 7098838.0,
    'vwap': 18.034681}, {   'close': 18.36,
    'high': 18.45,
    'low': 18.09,
    'open': 18.22,
    'symbol': 'BEKE',
    'timestamp': datetime.datetime(2025, 6, 3, 4, 0, tzinfo=TzInfo(UTC)),
    'trade_count': 41168.0,
    'volume': 6632563.0,
    'vwap': 18.309452}, {   'close': 18.68,
    'high': 18.935,
    'low': 18.515,
    'open': 18.59,
    'symbol': 'BEKE',
    'timestamp': datetime.datetime(2025, 6, 4, 4, 0, tzinfo=TzInfo(UTC)),
    'trade_count': 56568.0,
    'volume': 12485939.0,
    'vwap': 18.680662}, {   'close': 18.78,
    'high': 19.06,
    'low': 18.705,
    'open': 18.88,
    'symbol': 'BEKE',
    'timestamp': datetime.datetime(2025, 6, 5, 4, 0, tzinfo=TzInfo(UTC)),
    'trade_count': 48426.0,
    'volume': 7006346.0,
    'vwap': 18.850326}, {   'close': 18.79,
    'high': 18.88,
    'low': 18.63,
    'open': 18.69,
    'symbol': 'BEKE',
    'timestamp': datetime.datetime(2025, 6, 6, 4, 0, tzinfo=TzInfo(UTC)),
    'trade_count': 45168.0,
    'volume': 8993903.0,
    'vwap': 18.761542}, {   'close': 18.84,
    'high': 18.99,
    'low': 18.76,
    'open': 18.85,
    'symbol': 'BEKE',
    'timestamp': datetime.datetime(2025, 6, 9, 4, 0, tzinfo=TzInfo(UTC)),
    'trade_count': 28820.0,
    'volume': 6176907.0,
    'vwap': 18.864415}, {   'close': 19.28,
    'high': 19.36,
    'low': 18.945,
    'open': 19.0,
    'symbol': 'BEKE',
    'timestamp': datetime.datetime(2025, 6, 10, 4, 0, tzinfo=TzInfo(UTC)),
    'trade_count': 73574.0,
    'volume': 15520456.0,
    'vwap': 19.150532}, {   'close': 19.03,
    'high': 19.66,
    'low': 19.03,
    'open': 19.32,
    'symbol': 'BEKE',
    'timestamp': datetime.datetime(2025, 6, 11, 4, 0, tzinfo=TzInfo(UTC)),
    'trade_count': 34934.0,
    'volume': 6989318.0,
    'vwap': 19.186905}, {   'close': 18.99,
    'high': 19.295,
    'low': 18.9,
    'open': 19.09,
    'symbol': 'BEKE',
    'timestamp': datetime.datetime(2025, 6, 12, 4, 0, tzinfo=TzInfo(UTC)),
    'trade_count': 62706.0,
    'volume': 11102080.0,
    'vwap': 19.049059}, {   'close': 18.47,
    'high': 19.45,
    'low': 18.27,
    'open': 19.22,
    'symbol': 'BEKE',
    'timestamp': datetime.datetime(2025, 6, 13, 4, 0, tzinfo=TzInfo(UTC)),
    'trade_count': 97858.0,
    'volume': 47445018.0,
    'vwap': 18.721665}]}
2025-06-15 20:49:45,560 - data_provider - DEBUG - Looking for symbol BEKE in data
2025-06-15 20:49:45,560 - data_provider - DEBUG - Dict access result for BEKE: Found
2025-06-15 20:49:45,710 - data_provider - DEBUG - API response type: <class 'alpaca.data.models.bars.BarSet'>
2025-06-15 20:49:45,711 - data_provider - DEBUG - API response dir: ['__abstractmethods__', '__annotations__', '__class__', '__class_getitem__', '__class_vars__', '__copy__', '__deepcopy__', '__delattr__', '__dict__', '__dir__', '__doc__', '__eq__', '__fields__', '__fields_set__', '__firstlineno__', '__format__', '__ge__', '__get_pydantic_core_schema__', '__get_pydantic_json_schema__', '__getattr__', '__getattribute__', '__getitem__', '__getstate__', '__gt__', '__hash__', '__init__', '__init_subclass__', '__iter__', '__le__', '__lt__', '__module__', '__ne__', '__new__', '__pretty__', '__private_attributes__', '__pydantic_complete__', '__pydantic_computed_fields__', '__pydantic_core_schema__', '__pydantic_custom_init__', '__pydantic_decorators__', '__pydantic_extra__', '__pydantic_fields__', '__pydantic_fields_set__', '__pydantic_generic_metadata__', '__pydantic_init_subclass__', '__pydantic_parent_namespace__', '__pydantic_post_init__', '__pydantic_private__', '__pydantic_root_model__', '__pydantic_serializer__', '__pydantic_setattr_handlers__', '__pydantic_validator__', '__reduce__', '__reduce_ex__', '__replace__', '__repr__', '__repr_args__', '__repr_name__', '__repr_recursion__', '__repr_str__', '__rich_repr__', '__setattr__', '__setstate__', '__signature__', '__sizeof__', '__slots__', '__static_attributes__', '__str__', '__subclasshook__', '__weakref__', '_abc_impl', '_calculate_keys', '_copy_and_set_values', '_get_value', '_iter', '_setattr_handler', 'construct', 'copy', 'data', 'df', 'dict', 'from_orm', 'json', 'model_computed_fields', 'model_config', 'model_construct', 'model_copy', 'model_dump', 'model_dump_json', 'model_extra', 'model_fields', 'model_fields_set', 'model_json_schema', 'model_parametrized_name', 'model_post_init', 'model_rebuild', 'model_validate', 'model_validate_json', 'model_validate_strings', 'parse_file', 'parse_obj', 'parse_raw', 'schema', 'schema_json', 'update_forward_refs', 'validate']
2025-06-15 20:49:45,711 - data_provider - DEBUG - Raw API response for symbol STM: data={'STM': [{   'close': 25.05,
    'high': 25.64,
    'low': 24.65,
    'open': 25.37,
    'symbol': 'STM',
    'timestamp': datetime.datetime(2025, 3, 10, 4, 0, tzinfo=TzInfo(UTC)),
    'trade_count': 54675.0,
    'volume': 8712802.0,
    'vwap': 25.131695}, {   'close': 24.92,
    'high': 25.51,
    'low': 24.6,
    'open': 25.51,
    'symbol': 'STM',
    'timestamp': datetime.datetime(2025, 3, 11, 4, 0, tzinfo=TzInfo(UTC)),
    'trade_count': 55559.0,
    'volume': 7966431.0,
    'vwap': 24.974741}, {   'close': 24.59,
    'high': 25.04,
    'low': 24.54,
    'open': 24.97,
    'symbol': 'STM',
    'timestamp': datetime.datetime(2025, 3, 12, 4, 0, tzinfo=TzInfo(UTC)),
    'trade_count': 40329.0,
    'volume': 5100040.0,
    'vwap': 24.748136}, {   'close': 23.92,
    'high': 24.365,
    'low': 23.76,
    'open': 24.02,
    'symbol': 'STM',
    'timestamp': datetime.datetime(2025, 3, 13, 4, 0, tzinfo=TzInfo(UTC)),
    'trade_count': 41699.0,
    'volume': 5039201.0,
    'vwap': 24.024313}, {   'close': 24.86,
    'high': 24.88,
    'low': 24.4,
    'open': 24.53,
    'symbol': 'STM',
    'timestamp': datetime.datetime(2025, 3, 14, 4, 0, tzinfo=TzInfo(UTC)),
    'trade_count': 39262.0,
    'volume': 5304224.0,
    'vwap': 24.715939}, {   'close': 25.38,
    'high': 25.61,
    'low': 24.705,
    'open': 24.72,
    'symbol': 'STM',
    'timestamp': datetime.datetime(2025, 3, 17, 4, 0, tzinfo=TzInfo(UTC)),
    'trade_count': 43587.0,
    'volume': 5455355.0,
    'vwap': 25.213324}, {   'close': 25.64,
    'high': 25.95,
    'low': 25.525,
    'open': 25.93,
    'symbol': 'STM',
    'timestamp': datetime.datetime(2025, 3, 18, 4, 0, tzinfo=TzInfo(UTC)),
    'trade_count': 47855.0,
    'volume': 8071951.0,
    'vwap': 25.674603}, {   'close': 25.48,
    'high': 25.805,
    'low': 25.245,
    'open': 25.47,
    'symbol': 'STM',
    'timestamp': datetime.datetime(2025, 3, 19, 4, 0, tzinfo=TzInfo(UTC)),
    'trade_count': 38766.0,
    'volume': 5308514.0,
    'vwap': 25.497709}, {   'close': 24.4,
    'high': 24.86,
    'low': 24.375,
    'open': 24.86,
    'symbol': 'STM',
    'timestamp': datetime.datetime(2025, 3, 20, 4, 0, tzinfo=TzInfo(UTC)),
    'trade_count': 41850.0,
    'volume': 5625539.0,
    'vwap': 24.556311}, {   'close': 24.01,
    'high': 24.065,
    'low': 23.59,
    'open': 23.63,
    'symbol': 'STM',
    'timestamp': datetime.datetime(2025, 3, 21, 4, 0, tzinfo=TzInfo(UTC)),
    'trade_count': 37913.0,
    'volume': 5512313.0,
    'vwap': 23.893965}, {   'close': 24.32,
    'high': 24.525,
    'low': 24.1,
    'open': 24.34,
    'symbol': 'STM',
    'timestamp': datetime.datetime(2025, 3, 24, 4, 0, tzinfo=TzInfo(UTC)),
    'trade_count': 36247.0,
    'volume': 5424974.0,
    'vwap': 24.33906}, {   'close': 24.04,
    'high': 24.565,
    'low': 24.03,
    'open': 24.53,
    'symbol': 'STM',
    'timestamp': datetime.datetime(2025, 3, 25, 4, 0, tzinfo=TzInfo(UTC)),
    'trade_count': 31814.0,
    'volume': 4850614.0,
    'vwap': 24.164139}, {   'close': 23.08,
    'high': 23.755,
    'low': 22.785,
    'open': 23.62,
    'symbol': 'STM',
    'timestamp': datetime.datetime(2025, 3, 26, 4, 0, tzinfo=TzInfo(UTC)),
    'trade_count': 51606.0,
    'volume': 7725080.0,
    'vwap': 23.184306}, {   'close': 22.88,
    'high': 23.15,
    'low': 22.7,
    'open': 23.13,
    'symbol': 'STM',
    'timestamp': datetime.datetime(2025, 3, 27, 4, 0, tzinfo=TzInfo(UTC)),
    'trade_count': 44401.0,
    'volume': 7629860.0,
    'vwap': 22.934648}, {   'close': 22.15,
    'high': 22.42,
    'low': 22.055,
    'open': 22.36,
    'symbol': 'STM',
    'timestamp': datetime.datetime(2025, 3, 28, 4, 0, tzinfo=TzInfo(UTC)),
    'trade_count': 40547.0,
    'volume': 6273446.0,
    'vwap': 22.203957}, {   'close': 21.96,
    'high': 22.035,
    'low': 21.41,
    'open': 21.6,
    'symbol': 'STM',
    'timestamp': datetime.datetime(2025, 3, 31, 4, 0, tzinfo=TzInfo(UTC)),
    'trade_count': 39049.0,
    'volume': 6058870.0,
    'vwap': 21.762457}, {   'close': 21.78,
    'high': 21.815,
    'low': 21.275,
    'open': 21.65,
    'symbol': 'STM',
    'timestamp': datetime.datetime(2025, 4, 1, 4, 0, tzinfo=TzInfo(UTC)),
    'trade_count': 44394.0,
    'volume': 7198417.0,
    'vwap': 21.605048}, {   'close': 21.91,
    'high': 22.0251,
    'low': 21.225,
    'open': 21.26,
    'symbol': 'STM',
    'timestamp': datetime.datetime(2025, 4, 2, 4, 0, tzinfo=TzInfo(UTC)),
    'trade_count': 49538.0,
    'volume': 7981172.0,
    'vwap': 21.670062}, {   'close': 19.53,
    'high': 21.16,
    'low': 19.525,
    'open': 21.12,
    'symbol': 'STM',
    'timestamp': datetime.datetime(2025, 4, 3, 4, 0, tzinfo=TzInfo(UTC)),
    'trade_count': 79162.0,
    'volume': 12355995.0,
    'vwap': 19.995665}, {   'close': 18.49,
    'high': 18.955,
    'low': 18.045,
    'open': 18.68,
    'symbol': 'STM',
    'timestamp': datetime.datetime(2025, 4, 4, 4, 0, tzinfo=TzInfo(UTC)),
    'trade_count': 86674.0,
    'volume': 11956010.0,
    'vwap': 18.535772}, {   'close': 18.89,
    'high': 19.98,
    'low': 17.55,
    'open': 17.805,
    'symbol': 'STM',
    'timestamp': datetime.datetime(2025, 4, 7, 4, 0, tzinfo=TzInfo(UTC)),
    'trade_count': 140212.0,
    'volume': 19751201.0,
    'vwap': 18.705351}, {   'close': 17.78,
    'high': 19.4,
    'low': 17.25,
    'open': 19.16,
    'symbol': 'STM',
    'timestamp': datetime.datetime(2025, 4, 8, 4, 0, tzinfo=TzInfo(UTC)),
    'trade_count': 82390.0,
    'volume': 13489412.0,
    'vwap': 18.418463}, {   'close': 21.6,
    'high': 21.69,
    'low': 18.29,
    'open': 18.53,
    'symbol': 'STM',
    'timestamp': datetime.datetime(2025, 4, 9, 4, 0, tzinfo=TzInfo(UTC)),
    'trade_count': 112943.0,
    'volume': 17965801.0,
    'vwap': 20.157829}, {   'close': 18.93,
    'high': 20.09,
    'low': 18.285,
    'open': 19.94,
    'symbol': 'STM',
    'timestamp': datetime.datetime(2025, 4, 10, 4, 0, tzinfo=TzInfo(UTC)),
    'trade_count': 88574.0,
    'volume': 13827266.0,
    'vwap': 19.009323}, {   'close': 20.45,
    'high': 20.56,
    'low': 19.605,
    'open': 19.75,
    'symbol': 'STM',
    'timestamp': datetime.datetime(2025, 4, 11, 4, 0, tzinfo=TzInfo(UTC)),
    'trade_count': 68975.0,
    'volume': 10713155.0,
    'vwap': 20.137244}, {   'close': 20.48,
    'high': 20.675,
    'low': 20.07,
    'open': 20.45,
    'symbol': 'STM',
    'timestamp': datetime.datetime(2025, 4, 14, 4, 0, tzinfo=TzInfo(UTC)),
    'trade_count': 50478.0,
    'volume': 6974641.0,
    'vwap': 20.433341}, {   'close': 20.53,
    'high': 20.72,
    'low': 20.37,
    'open': 20.53,
    'symbol': 'STM',
    'timestamp': datetime.datetime(2025, 4, 15, 4, 0, tzinfo=TzInfo(UTC)),
    'trade_count': 34977.0,
    'volume': 4939847.0,
    'vwap': 20.53166}, {   'close': 20.12,
    'high': 20.495,
    'low': 19.5,
    'open': 20.34,
    'symbol': 'STM',
    'timestamp': datetime.datetime(2025, 4, 16, 4, 0, tzinfo=TzInfo(UTC)),
    'trade_count': 54101.0,
    'volume': 9578727.0,
    'vwap': 20.064186}, {   'close': 20.26,
    'high': 20.48,
    'low': 20.095,
    'open': 20.46,
    'symbol': 'STM',
    'timestamp': datetime.datetime(2025, 4, 17, 4, 0, tzinfo=TzInfo(UTC)),
    'trade_count': 44287.0,
    'volume': 6791484.0,
    'vwap': 20.246791}, {   'close': 20.01,
    'high': 20.075,
    'low': 19.55,
    'open': 19.99,
    'symbol': 'STM',
    'timestamp': datetime.datetime(2025, 4, 21, 4, 0, tzinfo=TzInfo(UTC)),
    'trade_count': 37043.0,
    'volume': 6054969.0,
    'vwap': 19.824183}, {   'close': 20.86,
    'high': 20.9399,
    'low': 20.55,
    'open': 20.63,
    'symbol': 'STM',
    'timestamp': datetime.datetime(2025, 4, 22, 4, 0, tzinfo=TzInfo(UTC)),
    'trade_count': 57098.0,
    'volume': 9317214.0,
    'vwap': 20.767064}, {   'close': 21.78,
    'high': 22.14,
    'low': 21.615,
    'open': 21.85,
    'symbol': 'STM',
    'timestamp': datetime.datetime(2025, 4, 23, 4, 0, tzinfo=TzInfo(UTC)),
    'trade_count': 69550.0,
    'volume': 10257905.0,
    'vwap': 21.886725}, {   'close': 23.34,
    'high': 23.42,
    'low': 22.835,
    'open': 23.33,
    'symbol': 'STM',
    'timestamp': datetime.datetime(2025, 4, 24, 4, 0, tzinfo=TzInfo(UTC)),
    'trade_count': 76531.0,
    'volume': 10923355.0,
    'vwap': 23.154368}, {   'close': 23.28,
    'high': 23.395,
    'low': 23.02,
    'open': 23.05,
    'symbol': 'STM',
    'timestamp': datetime.datetime(2025, 4, 25, 4, 0, tzinfo=TzInfo(UTC)),
    'trade_count': 47099.0,
    'volume': 6484762.0,
    'vwap': 23.223445}, {   'close': 23.15,
    'high': 23.45,
    'low': 22.755,
    'open': 23.26,
    'symbol': 'STM',
    'timestamp': datetime.datetime(2025, 4, 28, 4, 0, tzinfo=TzInfo(UTC)),
    'trade_count': 38376.0,
    'volume': 5517308.0,
    'vwap': 23.078818}, {   'close': 22.98,
    'high': 23.19,
    'low': 22.58,
    'open': 22.62,
    'symbol': 'STM',
    'timestamp': datetime.datetime(2025, 4, 29, 4, 0, tzinfo=TzInfo(UTC)),
    'trade_count': 38830.0,
    'volume': 5691893.0,
    'vwap': 22.934327}, {   'close': 22.71,
    'high': 22.75,
    'low': 21.97,
    'open': 22.17,
    'symbol': 'STM',
    'timestamp': datetime.datetime(2025, 4, 30, 4, 0, tzinfo=TzInfo(UTC)),
    'trade_count': 45506.0,
    'volume': 6721214.0,
    'vwap': 22.517994}, {   'close': 22.74,
    'high': 23.05,
    'low': 22.64,
    'open': 22.85,
    'symbol': 'STM',
    'timestamp': datetime.datetime(2025, 5, 1, 4, 0, tzinfo=TzInfo(UTC)),
    'trade_count': 40489.0,
    'volume': 5119248.0,
    'vwap': 22.822251}, {   'close': 23.45,
    'high': 23.62,
    'low': 23.15,
    'open': 23.15,
    'symbol': 'STM',
    'timestamp': datetime.datetime(2025, 5, 2, 4, 0, tzinfo=TzInfo(UTC)),
    'trade_count': 51949.0,
    'volume': 7284024.0,
    'vwap': 23.425481}, {   'close': 22.97,
    'high': 23.405,
    'low': 22.93,
    'open': 23.31,
    'symbol': 'STM',
    'timestamp': datetime.datetime(2025, 5, 5, 4, 0, tzinfo=TzInfo(UTC)),
    'trade_count': 36029.0,
    'volume': 4942566.0,
    'vwap': 23.094676}, {   'close': 22.55,
    'high': 22.835,
    'low': 22.5,
    'open': 22.6,
    'symbol': 'STM',
    'timestamp': datetime.datetime(2025, 5, 6, 4, 0, tzinfo=TzInfo(UTC)),
    'trade_count': 30503.0,
    'volume': 3991493.0,
    'vwap': 22.628599}, {   'close': 23.06,
    'high': 23.16,
    'low': 22.6,
    'open': 22.81,
    'symbol': 'STM',
    'timestamp': datetime.datetime(2025, 5, 7, 4, 0, tzinfo=TzInfo(UTC)),
    'trade_count': 37078.0,
    'volume': 4651008.0,
    'vwap': 22.887845}, {   'close': 23.16,
    'high': 23.47,
    'low': 22.96,
    'open': 23.27,
    'symbol': 'STM',
    'timestamp': datetime.datetime(2025, 5, 8, 4, 0, tzinfo=TzInfo(UTC)),
    'trade_count': 43689.0,
    'volume': 6069956.0,
    'vwap': 23.212734}, {   'close': 23.93,
    'high': 24.04,
    'low': 23.725,
    'open': 23.83,
    'symbol': 'STM',
    'timestamp': datetime.datetime(2025, 5, 9, 4, 0, tzinfo=TzInfo(UTC)),
    'trade_count': 40306.0,
    'volume': 5882572.0,
    'vwap': 23.909098}, {   'close': 25.42,
    'high': 25.535,
    'low': 24.905,
    'open': 25.3,
    'symbol': 'STM',
    'timestamp': datetime.datetime(2025, 5, 12, 4, 0, tzinfo=TzInfo(UTC)),
    'trade_count': 67420.0,
    'volume': 9721125.0,
    'vwap': 25.295897}, {   'close': 26.13,
    'high': 26.145,
    'low': 25.36,
    'open': 25.43,
    'symbol': 'STM',
    'timestamp': datetime.datetime(2025, 5, 13, 4, 0, tzinfo=TzInfo(UTC)),
    'trade_count': 46164.0,
    'volume': 6319434.0,
    'vwap': 25.976193}, {   'close': 26.07,
    'high': 26.285,
    'low': 25.965,
    'open': 26.06,
    'symbol': 'STM',
    'timestamp': datetime.datetime(2025, 5, 14, 4, 0, tzinfo=TzInfo(UTC)),
    'trade_count': 36886.0,
    'volume': 5525375.0,
    'vwap': 26.084752}, {   'close': 25.95,
    'high': 26.1,
    'low': 25.75,
    'open': 25.98,
    'symbol': 'STM',
    'timestamp': datetime.datetime(2025, 5, 15, 4, 0, tzinfo=TzInfo(UTC)),
    'trade_count': 29730.0,
    'volume': 4439675.0,
    'vwap': 25.924941}, {   'close': 25.82,
    'high': 25.895,
    'low': 25.625,
    'open': 25.82,
    'symbol': 'STM',
    'timestamp': datetime.datetime(2025, 5, 16, 4, 0, tzinfo=TzInfo(UTC)),
    'trade_count': 25838.0,
    'volume': 2825680.0,
    'vwap': 25.762636}, {   'close': 25.83,
    'high': 25.87,
    'low': 25.39,
    'open': 25.49,
    'symbol': 'STM',
    'timestamp': datetime.datetime(2025, 5, 19, 4, 0, tzinfo=TzInfo(UTC)),
    'trade_count': 42044.0,
    'volume': 5048189.0,
    'vwap': 25.711765}, {   'close': 25.87,
    'high': 25.94,
    'low': 25.625,
    'open': 25.73,
    'symbol': 'STM',
    'timestamp': datetime.datetime(2025, 5, 20, 4, 0, tzinfo=TzInfo(UTC)),
    'trade_count': 32885.0,
    'volume': 6304075.0,
    'vwap': 25.808488}, {   'close': 25.25,
    'high': 26.08,
    'low': 25.145,
    'open': 25.84,
    'symbol': 'STM',
    'timestamp': datetime.datetime(2025, 5, 21, 4, 0, tzinfo=TzInfo(UTC)),
    'trade_count': 41694.0,
    'volume': 6045631.0,
    'vwap': 25.616509}, {   'close': 25.18,
    'high': 25.775,
    'low': 25.18,
    'open': 25.65,
    'symbol': 'STM',
    'timestamp': datetime.datetime(2025, 5, 22, 4, 0, tzinfo=TzInfo(UTC)),
    'trade_count': 52592.0,
    'volume': 7480700.0,
    'vwap': 25.426758}, {   'close': 24.41,
    'high': 24.69,
    'low': 24.27,
    'open': 24.47,
    'symbol': 'STM',
    'timestamp': datetime.datetime(2025, 5, 23, 4, 0, tzinfo=TzInfo(UTC)),
    'trade_count': 51961.0,
    'volume': 7652590.0,
    'vwap': 24.455375}, {   'close': 25.38,
    'high': 25.73,
    'low': 25.205,
    'open': 25.73,
    'symbol': 'STM',
    'timestamp': datetime.datetime(2025, 5, 27, 4, 0, tzinfo=TzInfo(UTC)),
    'trade_count': 44867.0,
    'volume': 7116629.0,
    'vwap': 25.397022}, {   'close': 24.99,
    'high': 25.445,
    'low': 24.975,
    'open': 25.39,
    'symbol': 'STM',
    'timestamp': datetime.datetime(2025, 5, 28, 4, 0, tzinfo=TzInfo(UTC)),
    'trade_count': 36941.0,
    'volume': 6078245.0,
    'vwap': 25.179427}, {   'close': 25.42,
    'high': 25.885,
    'low': 25.285,
    'open': 25.875,
    'symbol': 'STM',
    'timestamp': datetime.datetime(2025, 5, 29, 4, 0, tzinfo=TzInfo(UTC)),
    'trade_count': 36667.0,
    'volume': 5393223.0,
    'vwap': 25.468268}, {   'close': 25.01,
    'high': 25.36,
    'low': 24.545,
    'open': 25.34,
    'symbol': 'STM',
    'timestamp': datetime.datetime(2025, 5, 30, 4, 0, tzinfo=TzInfo(UTC)),
    'trade_count': 44550.0,
    'volume': 6653497.0,
    'vwap': 24.990266}, {   'close': 25.05,
    'high': 25.075,
    'low': 24.61,
    'open': 24.62,
    'symbol': 'STM',
    'timestamp': datetime.datetime(2025, 6, 2, 4, 0, tzinfo=TzInfo(UTC)),
    'trade_count': 28014.0,
    'volume': 4491033.0,
    'vwap': 24.894873}, {   'close': 25.67,
    'high': 25.85,
    'low': 24.725,
    'open': 24.8,
    'symbol': 'STM',
    'timestamp': datetime.datetime(2025, 6, 3, 4, 0, tzinfo=TzInfo(UTC)),
    'trade_count': 47636.0,
    'volume': 7570293.0,
    'vwap': 25.501237}, {   'close': 28.41,
    'high': 28.67,
    'low': 27.7,
    'open': 27.72,
    'symbol': 'STM',
    'timestamp': datetime.datetime(2025, 6, 4, 4, 0, tzinfo=TzInfo(UTC)),
    'trade_count': 84830.0,
    'volume': 13751631.0,
    'vwap': 28.255922}, {   'close': 28.29,
    'high': 28.9784,
    'low': 28.18,
    'open': 28.73,
    'symbol': 'STM',
    'timestamp': datetime.datetime(2025, 6, 5, 4, 0, tzinfo=TzInfo(UTC)),
    'trade_count': 66735.0,
    'volume': 10636041.0,
    'vwap': 28.607009}, {   'close': 28.45,
    'high': 28.59,
    'low': 28.32,
    'open': 28.41,
    'symbol': 'STM',
    'timestamp': datetime.datetime(2025, 6, 6, 4, 0, tzinfo=TzInfo(UTC)),
    'trade_count': 37133.0,
    'volume': 5552816.0,
    'vwap': 28.448031}, {   'close': 29.6,
    'high': 29.6899,
    'low': 28.98,
    'open': 28.99,
    'symbol': 'STM',
    'timestamp': datetime.datetime(2025, 6, 9, 4, 0, tzinfo=TzInfo(UTC)),
    'trade_count': 53286.0,
    'volume': 8410365.0,
    'vwap': 29.49757}, {   'close': 30.4,
    'high': 30.42,
    'low': 29.29,
    'open': 29.38,
    'symbol': 'STM',
    'timestamp': datetime.datetime(2025, 6, 10, 4, 0, tzinfo=TzInfo(UTC)),
    'trade_count': 59124.0,
    'volume': 9853289.0,
    'vwap': 30.116775}, {   'close': 29.89,
    'high': 30.535,
    'low': 29.715,
    'open': 30.29,
    'symbol': 'STM',
    'timestamp': datetime.datetime(2025, 6, 11, 4, 0, tzinfo=TzInfo(UTC)),
    'trade_count': 59367.0,
    'volume': 9647843.0,
    'vwap': 30.143091}, {   'close': 29.91,
    'high': 30.17,
    'low': 29.775,
    'open': 29.82,
    'symbol': 'STM',
    'timestamp': datetime.datetime(2025, 6, 12, 4, 0, tzinfo=TzInfo(UTC)),
    'trade_count': 40237.0,
    'volume': 6741118.0,
    'vwap': 29.945223}, {   'close': 29.18,
    'high': 29.795,
    'low': 29.105,
    'open': 29.28,
    'symbol': 'STM',
    'timestamp': datetime.datetime(2025, 6, 13, 4, 0, tzinfo=TzInfo(UTC)),
    'trade_count': 41378.0,
    'volume': 7879866.0,
    'vwap': 29.350215}]}
2025-06-15 20:49:45,722 - data_provider - DEBUG - Using object response, data type: <class 'dict'>
2025-06-15 20:49:45,722 - data_provider - DEBUG - Data dir: ['__class__', '__class_getitem__', '__contains__', '__delattr__', '__delitem__', '__dir__', '__doc__', '__eq__', '__format__', '__ge__', '__getattribute__', '__getitem__', '__getstate__', '__gt__', '__hash__', '__init__', '__init_subclass__', '__ior__', '__iter__', '__le__', '__len__', '__lt__', '__ne__', '__new__', '__or__', '__reduce__', '__reduce_ex__', '__repr__', '__reversed__', '__ror__', '__setattr__', '__setitem__', '__sizeof__', '__str__', '__subclasshook__', 'clear', 'copy', 'fromkeys', 'get', 'items', 'keys', 'pop', 'popitem', 'setdefault', 'update', 'values']
2025-06-15 20:49:45,722 - data_provider - DEBUG - Data content for symbol STM: {'STM': [{   'close': 25.05,
    'high': 25.64,
    'low': 24.65,
    'open': 25.37,
    'symbol': 'STM',
    'timestamp': datetime.datetime(2025, 3, 10, 4, 0, tzinfo=TzInfo(UTC)),
    'trade_count': 54675.0,
    'volume': 8712802.0,
    'vwap': 25.131695}, {   'close': 24.92,
    'high': 25.51,
    'low': 24.6,
    'open': 25.51,
    'symbol': 'STM',
    'timestamp': datetime.datetime(2025, 3, 11, 4, 0, tzinfo=TzInfo(UTC)),
    'trade_count': 55559.0,
    'volume': 7966431.0,
    'vwap': 24.974741}, {   'close': 24.59,
    'high': 25.04,
    'low': 24.54,
    'open': 24.97,
    'symbol': 'STM',
    'timestamp': datetime.datetime(2025, 3, 12, 4, 0, tzinfo=TzInfo(UTC)),
    'trade_count': 40329.0,
    'volume': 5100040.0,
    'vwap': 24.748136}, {   'close': 23.92,
    'high': 24.365,
    'low': 23.76,
    'open': 24.02,
    'symbol': 'STM',
    'timestamp': datetime.datetime(2025, 3, 13, 4, 0, tzinfo=TzInfo(UTC)),
    'trade_count': 41699.0,
    'volume': 5039201.0,
    'vwap': 24.024313}, {   'close': 24.86,
    'high': 24.88,
    'low': 24.4,
    'open': 24.53,
    'symbol': 'STM',
    'timestamp': datetime.datetime(2025, 3, 14, 4, 0, tzinfo=TzInfo(UTC)),
    'trade_count': 39262.0,
    'volume': 5304224.0,
    'vwap': 24.715939}, {   'close': 25.38,
    'high': 25.61,
    'low': 24.705,
    'open': 24.72,
    'symbol': 'STM',
    'timestamp': datetime.datetime(2025, 3, 17, 4, 0, tzinfo=TzInfo(UTC)),
    'trade_count': 43587.0,
    'volume': 5455355.0,
    'vwap': 25.213324}, {   'close': 25.64,
    'high': 25.95,
    'low': 25.525,
    'open': 25.93,
    'symbol': 'STM',
    'timestamp': datetime.datetime(2025, 3, 18, 4, 0, tzinfo=TzInfo(UTC)),
    'trade_count': 47855.0,
    'volume': 8071951.0,
    'vwap': 25.674603}, {   'close': 25.48,
    'high': 25.805,
    'low': 25.245,
    'open': 25.47,
    'symbol': 'STM',
    'timestamp': datetime.datetime(2025, 3, 19, 4, 0, tzinfo=TzInfo(UTC)),
    'trade_count': 38766.0,
    'volume': 5308514.0,
    'vwap': 25.497709}, {   'close': 24.4,
    'high': 24.86,
    'low': 24.375,
    'open': 24.86,
    'symbol': 'STM',
    'timestamp': datetime.datetime(2025, 3, 20, 4, 0, tzinfo=TzInfo(UTC)),
    'trade_count': 41850.0,
    'volume': 5625539.0,
    'vwap': 24.556311}, {   'close': 24.01,
    'high': 24.065,
    'low': 23.59,
    'open': 23.63,
    'symbol': 'STM',
    'timestamp': datetime.datetime(2025, 3, 21, 4, 0, tzinfo=TzInfo(UTC)),
    'trade_count': 37913.0,
    'volume': 5512313.0,
    'vwap': 23.893965}, {   'close': 24.32,
    'high': 24.525,
    'low': 24.1,
    'open': 24.34,
    'symbol': 'STM',
    'timestamp': datetime.datetime(2025, 3, 24, 4, 0, tzinfo=TzInfo(UTC)),
    'trade_count': 36247.0,
    'volume': 5424974.0,
    'vwap': 24.33906}, {   'close': 24.04,
    'high': 24.565,
    'low': 24.03,
    'open': 24.53,
    'symbol': 'STM',
    'timestamp': datetime.datetime(2025, 3, 25, 4, 0, tzinfo=TzInfo(UTC)),
    'trade_count': 31814.0,
    'volume': 4850614.0,
    'vwap': 24.164139}, {   'close': 23.08,
    'high': 23.755,
    'low': 22.785,
    'open': 23.62,
    'symbol': 'STM',
    'timestamp': datetime.datetime(2025, 3, 26, 4, 0, tzinfo=TzInfo(UTC)),
    'trade_count': 51606.0,
    'volume': 7725080.0,
    'vwap': 23.184306}, {   'close': 22.88,
    'high': 23.15,
    'low': 22.7,
    'open': 23.13,
    'symbol': 'STM',
    'timestamp': datetime.datetime(2025, 3, 27, 4, 0, tzinfo=TzInfo(UTC)),
    'trade_count': 44401.0,
    'volume': 7629860.0,
    'vwap': 22.934648}, {   'close': 22.15,
    'high': 22.42,
    'low': 22.055,
    'open': 22.36,
    'symbol': 'STM',
    'timestamp': datetime.datetime(2025, 3, 28, 4, 0, tzinfo=TzInfo(UTC)),
    'trade_count': 40547.0,
    'volume': 6273446.0,
    'vwap': 22.203957}, {   'close': 21.96,
    'high': 22.035,
    'low': 21.41,
    'open': 21.6,
    'symbol': 'STM',
    'timestamp': datetime.datetime(2025, 3, 31, 4, 0, tzinfo=TzInfo(UTC)),
    'trade_count': 39049.0,
    'volume': 6058870.0,
    'vwap': 21.762457}, {   'close': 21.78,
    'high': 21.815,
    'low': 21.275,
    'open': 21.65,
    'symbol': 'STM',
    'timestamp': datetime.datetime(2025, 4, 1, 4, 0, tzinfo=TzInfo(UTC)),
    'trade_count': 44394.0,
    'volume': 7198417.0,
    'vwap': 21.605048}, {   'close': 21.91,
    'high': 22.0251,
    'low': 21.225,
    'open': 21.26,
    'symbol': 'STM',
    'timestamp': datetime.datetime(2025, 4, 2, 4, 0, tzinfo=TzInfo(UTC)),
    'trade_count': 49538.0,
    'volume': 7981172.0,
    'vwap': 21.670062}, {   'close': 19.53,
    'high': 21.16,
    'low': 19.525,
    'open': 21.12,
    'symbol': 'STM',
    'timestamp': datetime.datetime(2025, 4, 3, 4, 0, tzinfo=TzInfo(UTC)),
    'trade_count': 79162.0,
    'volume': 12355995.0,
    'vwap': 19.995665}, {   'close': 18.49,
    'high': 18.955,
    'low': 18.045,
    'open': 18.68,
    'symbol': 'STM',
    'timestamp': datetime.datetime(2025, 4, 4, 4, 0, tzinfo=TzInfo(UTC)),
    'trade_count': 86674.0,
    'volume': 11956010.0,
    'vwap': 18.535772}, {   'close': 18.89,
    'high': 19.98,
    'low': 17.55,
    'open': 17.805,
    'symbol': 'STM',
    'timestamp': datetime.datetime(2025, 4, 7, 4, 0, tzinfo=TzInfo(UTC)),
    'trade_count': 140212.0,
    'volume': 19751201.0,
    'vwap': 18.705351}, {   'close': 17.78,
    'high': 19.4,
    'low': 17.25,
    'open': 19.16,
    'symbol': 'STM',
    'timestamp': datetime.datetime(2025, 4, 8, 4, 0, tzinfo=TzInfo(UTC)),
    'trade_count': 82390.0,
    'volume': 13489412.0,
    'vwap': 18.418463}, {   'close': 21.6,
    'high': 21.69,
    'low': 18.29,
    'open': 18.53,
    'symbol': 'STM',
    'timestamp': datetime.datetime(2025, 4, 9, 4, 0, tzinfo=TzInfo(UTC)),
    'trade_count': 112943.0,
    'volume': 17965801.0,
    'vwap': 20.157829}, {   'close': 18.93,
    'high': 20.09,
    'low': 18.285,
    'open': 19.94,
    'symbol': 'STM',
    'timestamp': datetime.datetime(2025, 4, 10, 4, 0, tzinfo=TzInfo(UTC)),
    'trade_count': 88574.0,
    'volume': 13827266.0,
    'vwap': 19.009323}, {   'close': 20.45,
    'high': 20.56,
    'low': 19.605,
    'open': 19.75,
    'symbol': 'STM',
    'timestamp': datetime.datetime(2025, 4, 11, 4, 0, tzinfo=TzInfo(UTC)),
    'trade_count': 68975.0,
    'volume': 10713155.0,
    'vwap': 20.137244}, {   'close': 20.48,
    'high': 20.675,
    'low': 20.07,
    'open': 20.45,
    'symbol': 'STM',
    'timestamp': datetime.datetime(2025, 4, 14, 4, 0, tzinfo=TzInfo(UTC)),
    'trade_count': 50478.0,
    'volume': 6974641.0,
    'vwap': 20.433341}, {   'close': 20.53,
    'high': 20.72,
    'low': 20.37,
    'open': 20.53,
    'symbol': 'STM',
    'timestamp': datetime.datetime(2025, 4, 15, 4, 0, tzinfo=TzInfo(UTC)),
    'trade_count': 34977.0,
    'volume': 4939847.0,
    'vwap': 20.53166}, {   'close': 20.12,
    'high': 20.495,
    'low': 19.5,
    'open': 20.34,
    'symbol': 'STM',
    'timestamp': datetime.datetime(2025, 4, 16, 4, 0, tzinfo=TzInfo(UTC)),
    'trade_count': 54101.0,
    'volume': 9578727.0,
    'vwap': 20.064186}, {   'close': 20.26,
    'high': 20.48,
    'low': 20.095,
    'open': 20.46,
    'symbol': 'STM',
    'timestamp': datetime.datetime(2025, 4, 17, 4, 0, tzinfo=TzInfo(UTC)),
    'trade_count': 44287.0,
    'volume': 6791484.0,
    'vwap': 20.246791}, {   'close': 20.01,
    'high': 20.075,
    'low': 19.55,
    'open': 19.99,
    'symbol': 'STM',
    'timestamp': datetime.datetime(2025, 4, 21, 4, 0, tzinfo=TzInfo(UTC)),
    'trade_count': 37043.0,
    'volume': 6054969.0,
    'vwap': 19.824183}, {   'close': 20.86,
    'high': 20.9399,
    'low': 20.55,
    'open': 20.63,
    'symbol': 'STM',
    'timestamp': datetime.datetime(2025, 4, 22, 4, 0, tzinfo=TzInfo(UTC)),
    'trade_count': 57098.0,
    'volume': 9317214.0,
    'vwap': 20.767064}, {   'close': 21.78,
    'high': 22.14,
    'low': 21.615,
    'open': 21.85,
    'symbol': 'STM',
    'timestamp': datetime.datetime(2025, 4, 23, 4, 0, tzinfo=TzInfo(UTC)),
    'trade_count': 69550.0,
    'volume': 10257905.0,
    'vwap': 21.886725}, {   'close': 23.34,
    'high': 23.42,
    'low': 22.835,
    'open': 23.33,
    'symbol': 'STM',
    'timestamp': datetime.datetime(2025, 4, 24, 4, 0, tzinfo=TzInfo(UTC)),
    'trade_count': 76531.0,
    'volume': 10923355.0,
    'vwap': 23.154368}, {   'close': 23.28,
    'high': 23.395,
    'low': 23.02,
    'open': 23.05,
    'symbol': 'STM',
    'timestamp': datetime.datetime(2025, 4, 25, 4, 0, tzinfo=TzInfo(UTC)),
    'trade_count': 47099.0,
    'volume': 6484762.0,
    'vwap': 23.223445}, {   'close': 23.15,
    'high': 23.45,
    'low': 22.755,
    'open': 23.26,
    'symbol': 'STM',
    'timestamp': datetime.datetime(2025, 4, 28, 4, 0, tzinfo=TzInfo(UTC)),
    'trade_count': 38376.0,
    'volume': 5517308.0,
    'vwap': 23.078818}, {   'close': 22.98,
    'high': 23.19,
    'low': 22.58,
    'open': 22.62,
    'symbol': 'STM',
    'timestamp': datetime.datetime(2025, 4, 29, 4, 0, tzinfo=TzInfo(UTC)),
    'trade_count': 38830.0,
    'volume': 5691893.0,
    'vwap': 22.934327}, {   'close': 22.71,
    'high': 22.75,
    'low': 21.97,
    'open': 22.17,
    'symbol': 'STM',
    'timestamp': datetime.datetime(2025, 4, 30, 4, 0, tzinfo=TzInfo(UTC)),
    'trade_count': 45506.0,
    'volume': 6721214.0,
    'vwap': 22.517994}, {   'close': 22.74,
    'high': 23.05,
    'low': 22.64,
    'open': 22.85,
    'symbol': 'STM',
    'timestamp': datetime.datetime(2025, 5, 1, 4, 0, tzinfo=TzInfo(UTC)),
    'trade_count': 40489.0,
    'volume': 5119248.0,
    'vwap': 22.822251}, {   'close': 23.45,
    'high': 23.62,
    'low': 23.15,
    'open': 23.15,
    'symbol': 'STM',
    'timestamp': datetime.datetime(2025, 5, 2, 4, 0, tzinfo=TzInfo(UTC)),
    'trade_count': 51949.0,
    'volume': 7284024.0,
    'vwap': 23.425481}, {   'close': 22.97,
    'high': 23.405,
    'low': 22.93,
    'open': 23.31,
    'symbol': 'STM',
    'timestamp': datetime.datetime(2025, 5, 5, 4, 0, tzinfo=TzInfo(UTC)),
    'trade_count': 36029.0,
    'volume': 4942566.0,
    'vwap': 23.094676}, {   'close': 22.55,
    'high': 22.835,
    'low': 22.5,
    'open': 22.6,
    'symbol': 'STM',
    'timestamp': datetime.datetime(2025, 5, 6, 4, 0, tzinfo=TzInfo(UTC)),
    'trade_count': 30503.0,
    'volume': 3991493.0,
    'vwap': 22.628599}, {   'close': 23.06,
    'high': 23.16,
    'low': 22.6,
    'open': 22.81,
    'symbol': 'STM',
    'timestamp': datetime.datetime(2025, 5, 7, 4, 0, tzinfo=TzInfo(UTC)),
    'trade_count': 37078.0,
    'volume': 4651008.0,
    'vwap': 22.887845}, {   'close': 23.16,
    'high': 23.47,
    'low': 22.96,
    'open': 23.27,
    'symbol': 'STM',
    'timestamp': datetime.datetime(2025, 5, 8, 4, 0, tzinfo=TzInfo(UTC)),
    'trade_count': 43689.0,
    'volume': 6069956.0,
    'vwap': 23.212734}, {   'close': 23.93,
    'high': 24.04,
    'low': 23.725,
    'open': 23.83,
    'symbol': 'STM',
    'timestamp': datetime.datetime(2025, 5, 9, 4, 0, tzinfo=TzInfo(UTC)),
    'trade_count': 40306.0,
    'volume': 5882572.0,
    'vwap': 23.909098}, {   'close': 25.42,
    'high': 25.535,
    'low': 24.905,
    'open': 25.3,
    'symbol': 'STM',
    'timestamp': datetime.datetime(2025, 5, 12, 4, 0, tzinfo=TzInfo(UTC)),
    'trade_count': 67420.0,
    'volume': 9721125.0,
    'vwap': 25.295897}, {   'close': 26.13,
    'high': 26.145,
    'low': 25.36,
    'open': 25.43,
    'symbol': 'STM',
    'timestamp': datetime.datetime(2025, 5, 13, 4, 0, tzinfo=TzInfo(UTC)),
    'trade_count': 46164.0,
    'volume': 6319434.0,
    'vwap': 25.976193}, {   'close': 26.07,
    'high': 26.285,
    'low': 25.965,
    'open': 26.06,
    'symbol': 'STM',
    'timestamp': datetime.datetime(2025, 5, 14, 4, 0, tzinfo=TzInfo(UTC)),
    'trade_count': 36886.0,
    'volume': 5525375.0,
    'vwap': 26.084752}, {   'close': 25.95,
    'high': 26.1,
    'low': 25.75,
    'open': 25.98,
    'symbol': 'STM',
    'timestamp': datetime.datetime(2025, 5, 15, 4, 0, tzinfo=TzInfo(UTC)),
    'trade_count': 29730.0,
    'volume': 4439675.0,
    'vwap': 25.924941}, {   'close': 25.82,
    'high': 25.895,
    'low': 25.625,
    'open': 25.82,
    'symbol': 'STM',
    'timestamp': datetime.datetime(2025, 5, 16, 4, 0, tzinfo=TzInfo(UTC)),
    'trade_count': 25838.0,
    'volume': 2825680.0,
    'vwap': 25.762636}, {   'close': 25.83,
    'high': 25.87,
    'low': 25.39,
    'open': 25.49,
    'symbol': 'STM',
    'timestamp': datetime.datetime(2025, 5, 19, 4, 0, tzinfo=TzInfo(UTC)),
    'trade_count': 42044.0,
    'volume': 5048189.0,
    'vwap': 25.711765}, {   'close': 25.87,
    'high': 25.94,
    'low': 25.625,
    'open': 25.73,
    'symbol': 'STM',
    'timestamp': datetime.datetime(2025, 5, 20, 4, 0, tzinfo=TzInfo(UTC)),
    'trade_count': 32885.0,
    'volume': 6304075.0,
    'vwap': 25.808488}, {   'close': 25.25,
    'high': 26.08,
    'low': 25.145,
    'open': 25.84,
    'symbol': 'STM',
    'timestamp': datetime.datetime(2025, 5, 21, 4, 0, tzinfo=TzInfo(UTC)),
    'trade_count': 41694.0,
    'volume': 6045631.0,
    'vwap': 25.616509}, {   'close': 25.18,
    'high': 25.775,
    'low': 25.18,
    'open': 25.65,
    'symbol': 'STM',
    'timestamp': datetime.datetime(2025, 5, 22, 4, 0, tzinfo=TzInfo(UTC)),
    'trade_count': 52592.0,
    'volume': 7480700.0,
    'vwap': 25.426758}, {   'close': 24.41,
    'high': 24.69,
    'low': 24.27,
    'open': 24.47,
    'symbol': 'STM',
    'timestamp': datetime.datetime(2025, 5, 23, 4, 0, tzinfo=TzInfo(UTC)),
    'trade_count': 51961.0,
    'volume': 7652590.0,
    'vwap': 24.455375}, {   'close': 25.38,
    'high': 25.73,
    'low': 25.205,
    'open': 25.73,
    'symbol': 'STM',
    'timestamp': datetime.datetime(2025, 5, 27, 4, 0, tzinfo=TzInfo(UTC)),
    'trade_count': 44867.0,
    'volume': 7116629.0,
    'vwap': 25.397022}, {   'close': 24.99,
    'high': 25.445,
    'low': 24.975,
    'open': 25.39,
    'symbol': 'STM',
    'timestamp': datetime.datetime(2025, 5, 28, 4, 0, tzinfo=TzInfo(UTC)),
    'trade_count': 36941.0,
    'volume': 6078245.0,
    'vwap': 25.179427}, {   'close': 25.42,
    'high': 25.885,
    'low': 25.285,
    'open': 25.875,
    'symbol': 'STM',
    'timestamp': datetime.datetime(2025, 5, 29, 4, 0, tzinfo=TzInfo(UTC)),
    'trade_count': 36667.0,
    'volume': 5393223.0,
    'vwap': 25.468268}, {   'close': 25.01,
    'high': 25.36,
    'low': 24.545,
    'open': 25.34,
    'symbol': 'STM',
    'timestamp': datetime.datetime(2025, 5, 30, 4, 0, tzinfo=TzInfo(UTC)),
    'trade_count': 44550.0,
    'volume': 6653497.0,
    'vwap': 24.990266}, {   'close': 25.05,
    'high': 25.075,
    'low': 24.61,
    'open': 24.62,
    'symbol': 'STM',
    'timestamp': datetime.datetime(2025, 6, 2, 4, 0, tzinfo=TzInfo(UTC)),
    'trade_count': 28014.0,
    'volume': 4491033.0,
    'vwap': 24.894873}, {   'close': 25.67,
    'high': 25.85,
    'low': 24.725,
    'open': 24.8,
    'symbol': 'STM',
    'timestamp': datetime.datetime(2025, 6, 3, 4, 0, tzinfo=TzInfo(UTC)),
    'trade_count': 47636.0,
    'volume': 7570293.0,
    'vwap': 25.501237}, {   'close': 28.41,
    'high': 28.67,
    'low': 27.7,
    'open': 27.72,
    'symbol': 'STM',
    'timestamp': datetime.datetime(2025, 6, 4, 4, 0, tzinfo=TzInfo(UTC)),
    'trade_count': 84830.0,
    'volume': 13751631.0,
    'vwap': 28.255922}, {   'close': 28.29,
    'high': 28.9784,
    'low': 28.18,
    'open': 28.73,
    'symbol': 'STM',
    'timestamp': datetime.datetime(2025, 6, 5, 4, 0, tzinfo=TzInfo(UTC)),
    'trade_count': 66735.0,
    'volume': 10636041.0,
    'vwap': 28.607009}, {   'close': 28.45,
    'high': 28.59,
    'low': 28.32,
    'open': 28.41,
    'symbol': 'STM',
    'timestamp': datetime.datetime(2025, 6, 6, 4, 0, tzinfo=TzInfo(UTC)),
    'trade_count': 37133.0,
    'volume': 5552816.0,
    'vwap': 28.448031}, {   'close': 29.6,
    'high': 29.6899,
    'low': 28.98,
    'open': 28.99,
    'symbol': 'STM',
    'timestamp': datetime.datetime(2025, 6, 9, 4, 0, tzinfo=TzInfo(UTC)),
    'trade_count': 53286.0,
    'volume': 8410365.0,
    'vwap': 29.49757}, {   'close': 30.4,
    'high': 30.42,
    'low': 29.29,
    'open': 29.38,
    'symbol': 'STM',
    'timestamp': datetime.datetime(2025, 6, 10, 4, 0, tzinfo=TzInfo(UTC)),
    'trade_count': 59124.0,
    'volume': 9853289.0,
    'vwap': 30.116775}, {   'close': 29.89,
    'high': 30.535,
    'low': 29.715,
    'open': 30.29,
    'symbol': 'STM',
    'timestamp': datetime.datetime(2025, 6, 11, 4, 0, tzinfo=TzInfo(UTC)),
    'trade_count': 59367.0,
    'volume': 9647843.0,
    'vwap': 30.143091}, {   'close': 29.91,
    'high': 30.17,
    'low': 29.775,
    'open': 29.82,
    'symbol': 'STM',
    'timestamp': datetime.datetime(2025, 6, 12, 4, 0, tzinfo=TzInfo(UTC)),
    'trade_count': 40237.0,
    'volume': 6741118.0,
    'vwap': 29.945223}, {   'close': 29.18,
    'high': 29.795,
    'low': 29.105,
    'open': 29.28,
    'symbol': 'STM',
    'timestamp': datetime.datetime(2025, 6, 13, 4, 0, tzinfo=TzInfo(UTC)),
    'trade_count': 41378.0,
    'volume': 7879866.0,
    'vwap': 29.350215}]}
2025-06-15 20:49:45,731 - data_provider - DEBUG - Looking for symbol STM in data
2025-06-15 20:49:45,731 - data_provider - DEBUG - Dict access result for STM: Found
2025-06-15 20:49:45,887 - data_provider - DEBUG - API response type: <class 'alpaca.data.models.bars.BarSet'>
2025-06-15 20:49:45,888 - data_provider - DEBUG - API response dir: ['__abstractmethods__', '__annotations__', '__class__', '__class_getitem__', '__class_vars__', '__copy__', '__deepcopy__', '__delattr__', '__dict__', '__dir__', '__doc__', '__eq__', '__fields__', '__fields_set__', '__firstlineno__', '__format__', '__ge__', '__get_pydantic_core_schema__', '__get_pydantic_json_schema__', '__getattr__', '__getattribute__', '__getitem__', '__getstate__', '__gt__', '__hash__', '__init__', '__init_subclass__', '__iter__', '__le__', '__lt__', '__module__', '__ne__', '__new__', '__pretty__', '__private_attributes__', '__pydantic_complete__', '__pydantic_computed_fields__', '__pydantic_core_schema__', '__pydantic_custom_init__', '__pydantic_decorators__', '__pydantic_extra__', '__pydantic_fields__', '__pydantic_fields_set__', '__pydantic_generic_metadata__', '__pydantic_init_subclass__', '__pydantic_parent_namespace__', '__pydantic_post_init__', '__pydantic_private__', '__pydantic_root_model__', '__pydantic_serializer__', '__pydantic_setattr_handlers__', '__pydantic_validator__', '__reduce__', '__reduce_ex__', '__replace__', '__repr__', '__repr_args__', '__repr_name__', '__repr_recursion__', '__repr_str__', '__rich_repr__', '__setattr__', '__setstate__', '__signature__', '__sizeof__', '__slots__', '__static_attributes__', '__str__', '__subclasshook__', '__weakref__', '_abc_impl', '_calculate_keys', '_copy_and_set_values', '_get_value', '_iter', '_setattr_handler', 'construct', 'copy', 'data', 'df', 'dict', 'from_orm', 'json', 'model_computed_fields', 'model_config', 'model_construct', 'model_copy', 'model_dump', 'model_dump_json', 'model_extra', 'model_fields', 'model_fields_set', 'model_json_schema', 'model_parametrized_name', 'model_post_init', 'model_rebuild', 'model_validate', 'model_validate_json', 'model_validate_strings', 'parse_file', 'parse_obj', 'parse_raw', 'schema', 'schema_json', 'update_forward_refs', 'validate']
2025-06-15 20:49:45,889 - data_provider - DEBUG - Raw API response for symbol X: data={'X': [{   'close': 53.14,
    'high': 53.43,
    'low': 52.92,
    'open': 53.25,
    'symbol': 'X',
    'timestamp': datetime.datetime(2025, 6, 9, 4, 0, tzinfo=TzInfo(UTC)),
    'trade_count': 32314.0,
    'volume': 3604149.0,
    'vwap': 53.151672}, {   'close': 53.89,
    'high': 53.92,
    'low': 52.91,
    'open': 53.0,
    'symbol': 'X',
    'timestamp': datetime.datetime(2025, 6, 10, 4, 0, tzinfo=TzInfo(UTC)),
    'trade_count': 36256.0,
    'volume': 4519809.0,
    'vwap': 53.486411}, {   'close': 53.48,
    'high': 54.0,
    'low': 53.39,
    'open': 53.83,
    'symbol': 'X',
    'timestamp': datetime.datetime(2025, 6, 11, 4, 0, tzinfo=TzInfo(UTC)),
    'trade_count': 47206.0,
    'volume': 6151479.0,
    'vwap': 53.622197}, {   'close': 53.71,
    'high': 54.13,
    'low': 53.41,
    'open': 53.45,
    'symbol': 'X',
    'timestamp': datetime.datetime(2025, 6, 12, 4, 0, tzinfo=TzInfo(UTC)),
    'trade_count': 35805.0,
    'volume': 4967982.0,
    'vwap': 53.854718}, {   'close': 52.19,
    'high': 52.7,
    'low': 51.47,
    'open': 51.75,
    'symbol': 'X',
    'timestamp': datetime.datetime(2025, 6, 13, 4, 0, tzinfo=TzInfo(UTC)),
    'trade_count': 113662.0,
    'volume': 22740133.0,
    'vwap': 52.015112}]}
2025-06-15 20:49:45,890 - data_provider - DEBUG - Using object response, data type: <class 'dict'>
2025-06-15 20:49:45,890 - data_provider - DEBUG - Data dir: ['__class__', '__class_getitem__', '__contains__', '__delattr__', '__delitem__', '__dir__', '__doc__', '__eq__', '__format__', '__ge__', '__getattribute__', '__getitem__', '__getstate__', '__gt__', '__hash__', '__init__', '__init_subclass__', '__ior__', '__iter__', '__le__', '__len__', '__lt__', '__ne__', '__new__', '__or__', '__reduce__', '__reduce_ex__', '__repr__', '__reversed__', '__ror__', '__setattr__', '__setitem__', '__sizeof__', '__str__', '__subclasshook__', 'clear', 'copy', 'fromkeys', 'get', 'items', 'keys', 'pop', 'popitem', 'setdefault', 'update', 'values']
2025-06-15 20:49:45,890 - data_provider - DEBUG - Data content for symbol X: {'X': [{   'close': 53.14,
    'high': 53.43,
    'low': 52.92,
    'open': 53.25,
    'symbol': 'X',
    'timestamp': datetime.datetime(2025, 6, 9, 4, 0, tzinfo=TzInfo(UTC)),
    'trade_count': 32314.0,
    'volume': 3604149.0,
    'vwap': 53.151672}, {   'close': 53.89,
    'high': 53.92,
    'low': 52.91,
    'open': 53.0,
    'symbol': 'X',
    'timestamp': datetime.datetime(2025, 6, 10, 4, 0, tzinfo=TzInfo(UTC)),
    'trade_count': 36256.0,
    'volume': 4519809.0,
    'vwap': 53.486411}, {   'close': 53.48,
    'high': 54.0,
    'low': 53.39,
    'open': 53.83,
    'symbol': 'X',
    'timestamp': datetime.datetime(2025, 6, 11, 4, 0, tzinfo=TzInfo(UTC)),
    'trade_count': 47206.0,
    'volume': 6151479.0,
    'vwap': 53.622197}, {   'close': 53.71,
    'high': 54.13,
    'low': 53.41,
    'open': 53.45,
    'symbol': 'X',
    'timestamp': datetime.datetime(2025, 6, 12, 4, 0, tzinfo=TzInfo(UTC)),
    'trade_count': 35805.0,
    'volume': 4967982.0,
    'vwap': 53.854718}, {   'close': 52.19,
    'high': 52.7,
    'low': 51.47,
    'open': 51.75,
    'symbol': 'X',
    'timestamp': datetime.datetime(2025, 6, 13, 4, 0, tzinfo=TzInfo(UTC)),
    'trade_count': 113662.0,
    'volume': 22740133.0,
    'vwap': 52.015112}]}
2025-06-15 20:49:45,891 - data_provider - DEBUG - Looking for symbol X in data
2025-06-15 20:49:45,891 - data_provider - DEBUG - Dict access result for X: Found
2025-06-15 20:49:46,050 - data_provider - DEBUG - API response type: <class 'alpaca.data.models.bars.BarSet'>
2025-06-15 20:49:46,051 - data_provider - DEBUG - API response dir: ['__abstractmethods__', '__annotations__', '__class__', '__class_getitem__', '__class_vars__', '__copy__', '__deepcopy__', '__delattr__', '__dict__', '__dir__', '__doc__', '__eq__', '__fields__', '__fields_set__', '__firstlineno__', '__format__', '__ge__', '__get_pydantic_core_schema__', '__get_pydantic_json_schema__', '__getattr__', '__getattribute__', '__getitem__', '__getstate__', '__gt__', '__hash__', '__init__', '__init_subclass__', '__iter__', '__le__', '__lt__', '__module__', '__ne__', '__new__', '__pretty__', '__private_attributes__', '__pydantic_complete__', '__pydantic_computed_fields__', '__pydantic_core_schema__', '__pydantic_custom_init__', '__pydantic_decorators__', '__pydantic_extra__', '__pydantic_fields__', '__pydantic_fields_set__', '__pydantic_generic_metadata__', '__pydantic_init_subclass__', '__pydantic_parent_namespace__', '__pydantic_post_init__', '__pydantic_private__', '__pydantic_root_model__', '__pydantic_serializer__', '__pydantic_setattr_handlers__', '__pydantic_validator__', '__reduce__', '__reduce_ex__', '__replace__', '__repr__', '__repr_args__', '__repr_name__', '__repr_recursion__', '__repr_str__', '__rich_repr__', '__setattr__', '__setstate__', '__signature__', '__sizeof__', '__slots__', '__static_attributes__', '__str__', '__subclasshook__', '__weakref__', '_abc_impl', '_calculate_keys', '_copy_and_set_values', '_get_value', '_iter', '_setattr_handler', 'construct', 'copy', 'data', 'df', 'dict', 'from_orm', 'json', 'model_computed_fields', 'model_config', 'model_construct', 'model_copy', 'model_dump', 'model_dump_json', 'model_extra', 'model_fields', 'model_fields_set', 'model_json_schema', 'model_parametrized_name', 'model_post_init', 'model_rebuild', 'model_validate', 'model_validate_json', 'model_validate_strings', 'parse_file', 'parse_obj', 'parse_raw', 'schema', 'schema_json', 'update_forward_refs', 'validate']
2025-06-15 20:49:46,052 - data_provider - DEBUG - Raw API response for symbol X: data={}
2025-06-15 20:49:46,052 - data_provider - DEBUG - Using object response, data type: <class 'dict'>
2025-06-15 20:49:46,052 - data_provider - DEBUG - No data found for symbol X
2025-06-15 20:49:46,218 - data_provider - DEBUG - API response type: <class 'alpaca.data.models.bars.BarSet'>
2025-06-15 20:49:46,220 - data_provider - DEBUG - API response dir: ['__abstractmethods__', '__annotations__', '__class__', '__class_getitem__', '__class_vars__', '__copy__', '__deepcopy__', '__delattr__', '__dict__', '__dir__', '__doc__', '__eq__', '__fields__', '__fields_set__', '__firstlineno__', '__format__', '__ge__', '__get_pydantic_core_schema__', '__get_pydantic_json_schema__', '__getattr__', '__getattribute__', '__getitem__', '__getstate__', '__gt__', '__hash__', '__init__', '__init_subclass__', '__iter__', '__le__', '__lt__', '__module__', '__ne__', '__new__', '__pretty__', '__private_attributes__', '__pydantic_complete__', '__pydantic_computed_fields__', '__pydantic_core_schema__', '__pydantic_custom_init__', '__pydantic_decorators__', '__pydantic_extra__', '__pydantic_fields__', '__pydantic_fields_set__', '__pydantic_generic_metadata__', '__pydantic_init_subclass__', '__pydantic_parent_namespace__', '__pydantic_post_init__', '__pydantic_private__', '__pydantic_root_model__', '__pydantic_serializer__', '__pydantic_setattr_handlers__', '__pydantic_validator__', '__reduce__', '__reduce_ex__', '__replace__', '__repr__', '__repr_args__', '__repr_name__', '__repr_recursion__', '__repr_str__', '__rich_repr__', '__setattr__', '__setstate__', '__signature__', '__sizeof__', '__slots__', '__static_attributes__', '__str__', '__subclasshook__', '__weakref__', '_abc_impl', '_calculate_keys', '_copy_and_set_values', '_get_value', '_iter', '_setattr_handler', 'construct', 'copy', 'data', 'df', 'dict', 'from_orm', 'json', 'model_computed_fields', 'model_config', 'model_construct', 'model_copy', 'model_dump', 'model_dump_json', 'model_extra', 'model_fields', 'model_fields_set', 'model_json_schema', 'model_parametrized_name', 'model_post_init', 'model_rebuild', 'model_validate', 'model_validate_json', 'model_validate_strings', 'parse_file', 'parse_obj', 'parse_raw', 'schema', 'schema_json', 'update_forward_refs', 'validate']
2025-06-15 20:49:46,220 - data_provider - DEBUG - Raw API response for symbol FCX: data={'FCX': [{   'close': 37.48,
    'high': 37.96,
    'low': 36.84,
    'open': 37.155,
    'symbol': 'FCX',
    'timestamp': datetime.datetime(2025, 5, 8, 4, 0, tzinfo=TzInfo(UTC)),
    'trade_count': 86839.0,
    'volume': 9814617.0,
    'vwap': 37.491454}, {   'close': 37.86,
    'high': 38.03,
    'low': 37.365,
    'open': 37.83,
    'symbol': 'FCX',
    'timestamp': datetime.datetime(2025, 5, 9, 4, 0, tzinfo=TzInfo(UTC)),
    'trade_count': 61762.0,
    'volume': 7306047.0,
    'vwap': 37.682742}, {   'close': 39.11,
    'high': 40.59,
    'low': 38.92,
    'open': 40.11,
    'symbol': 'FCX',
    'timestamp': datetime.datetime(2025, 5, 12, 4, 0, tzinfo=TzInfo(UTC)),
    'trade_count': 121741.0,
    'volume': 15649530.0,
    'vwap': 39.329337}, {   'close': 39.47,
    'high': 39.91,
    'low': 39.07,
    'open': 39.325,
    'symbol': 'FCX',
    'timestamp': datetime.datetime(2025, 5, 13, 4, 0, tzinfo=TzInfo(UTC)),
    'trade_count': 91750.0,
    'volume': 11879560.0,
    'vwap': 39.54909}, {   'close': 39.06,
    'high': 39.24,
    'low': 38.85,
    'open': 39.085,
    'symbol': 'FCX',
    'timestamp': datetime.datetime(2025, 5, 14, 4, 0, tzinfo=TzInfo(UTC)),
    'trade_count': 74292.0,
    'volume': 10292839.0,
    'vwap': 39.034405}, {   'close': 38.47,
    'high': 38.73,
    'low': 37.57,
    'open': 38.61,
    'symbol': 'FCX',
    'timestamp': datetime.datetime(2025, 5, 15, 4, 0, tzinfo=TzInfo(UTC)),
    'trade_count': 105543.0,
    'volume': 13149047.0,
    'vwap': 38.180224}, {   'close': 38.02,
    'high': 38.12,
    'low': 36.99,
    'open': 38.09,
    'symbol': 'FCX',
    'timestamp': datetime.datetime(2025, 5, 16, 4, 0, tzinfo=TzInfo(UTC)),
    'trade_count': 105269.0,
    'volume': 13552195.0,
    'vwap': 37.648339}, {   'close': 38.8,
    'high': 38.85,
    'low': 37.29,
    'open': 37.4,
    'symbol': 'FCX',
    'timestamp': datetime.datetime(2025, 5, 19, 4, 0, tzinfo=TzInfo(UTC)),
    'trade_count': 82791.0,
    'volume': 11107271.0,
    'vwap': 38.485128}, {   'close': 38.4,
    'high': 38.69,
    'low': 38.08,
    'open': 38.44,
    'symbol': 'FCX',
    'timestamp': datetime.datetime(2025, 5, 20, 4, 0, tzinfo=TzInfo(UTC)),
    'trade_count': 60588.0,
    'volume': 7848306.0,
    'vwap': 38.37564}, {   'close': 38.01,
    'high': 38.69,
    'low': 37.84,
    'open': 38.12,
    'symbol': 'FCX',
    'timestamp': datetime.datetime(2025, 5, 21, 4, 0, tzinfo=TzInfo(UTC)),
    'trade_count': 72740.0,
    'volume': 11012426.0,
    'vwap': 38.122736}, {   'close': 37.7,
    'high': 38.0569,
    'low': 37.35,
    'open': 37.68,
    'symbol': 'FCX',
    'timestamp': datetime.datetime(2025, 5, 22, 4, 0, tzinfo=TzInfo(UTC)),
    'trade_count': 72205.0,
    'volume': 9415423.0,
    'vwap': 37.725439}, {   'close': 39.02,
    'high': 39.07,
    'low': 37.22,
    'open': 37.22,
    'symbol': 'FCX',
    'timestamp': datetime.datetime(2025, 5, 23, 4, 0, tzinfo=TzInfo(UTC)),
    'trade_count': 103327.0,
    'volume': 15295482.0,
    'vwap': 38.627592}, {   'close': 39.64,
    'high': 40.01,
    'low': 39.08,
    'open': 39.14,
    'symbol': 'FCX',
    'timestamp': datetime.datetime(2025, 5, 27, 4, 0, tzinfo=TzInfo(UTC)),
    'trade_count': 75447.0,
    'volume': 11247769.0,
    'vwap': 39.613971}, {   'close': 38.89,
    'high': 39.52,
    'low': 38.7,
    'open': 39.4,
    'symbol': 'FCX',
    'timestamp': datetime.datetime(2025, 5, 28, 4, 0, tzinfo=TzInfo(UTC)),
    'trade_count': 68293.0,
    'volume': 7689498.0,
    'vwap': 38.943058}, {   'close': 39.03,
    'high': 39.5,
    'low': 38.73,
    'open': 39.37,
    'symbol': 'FCX',
    'timestamp': datetime.datetime(2025, 5, 29, 4, 0, tzinfo=TzInfo(UTC)),
    'trade_count': 73370.0,
    'volume': 8928155.0,
    'vwap': 39.0404}, {   'close': 38.48,
    'high': 38.93,
    'low': 37.725,
    'open': 38.84,
    'symbol': 'FCX',
    'timestamp': datetime.datetime(2025, 5, 30, 4, 0, tzinfo=TzInfo(UTC)),
    'trade_count': 101713.0,
    'volume': 17241162.0,
    'vwap': 38.372019}, {   'close': 40.15,
    'high': 40.54,
    'low': 39.59,
    'open': 40.09,
    'symbol': 'FCX',
    'timestamp': datetime.datetime(2025, 6, 2, 4, 0, tzinfo=TzInfo(UTC)),
    'trade_count': 115975.0,
    'volume': 15316708.0,
    'vwap': 40.039802}, {   'close': 40.24,
    'high': 40.39,
    'low': 39.51,
    'open': 39.69,
    'symbol': 'FCX',
    'timestamp': datetime.datetime(2025, 6, 3, 4, 0, tzinfo=TzInfo(UTC)),
    'trade_count': 89389.0,
    'volume': 11741415.0,
    'vwap': 40.155941}, {   'close': 40.86,
    'high': 41.2,
    'low': 40.37,
    'open': 40.505,
    'symbol': 'FCX',
    'timestamp': datetime.datetime(2025, 6, 4, 4, 0, tzinfo=TzInfo(UTC)),
    'trade_count': 86945.0,
    'volume': 10979253.0,
    'vwap': 40.856749}, {   'close': 41.69,
    'high': 42.61,
    'low': 41.48,
    'open': 41.98,
    'symbol': 'FCX',
    'timestamp': datetime.datetime(2025, 6, 5, 4, 0, tzinfo=TzInfo(UTC)),
    'trade_count': 142007.0,
    'volume': 17271403.0,
    'vwap': 42.104387}, {   'close': 41.48,
    'high': 42.48,
    'low': 41.475,
    'open': 42.01,
    'symbol': 'FCX',
    'timestamp': datetime.datetime(2025, 6, 6, 4, 0, tzinfo=TzInfo(UTC)),
    'trade_count': 77776.0,
    'volume': 8501836.0,
    'vwap': 41.808043}, {   'close': 42.34,
    'high': 42.895,
    'low': 41.78,
    'open': 41.975,
    'symbol': 'FCX',
    'timestamp': datetime.datetime(2025, 6, 9, 4, 0, tzinfo=TzInfo(UTC)),
    'trade_count': 83952.0,
    'volume': 9938445.0,
    'vwap': 42.486428}, {   'close': 42.19,
    'high': 42.5,
    'low': 41.91,
    'open': 42.43,
    'symbol': 'FCX',
    'timestamp': datetime.datetime(2025, 6, 10, 4, 0, tzinfo=TzInfo(UTC)),
    'trade_count': 78156.0,
    'volume': 9460623.0,
    'vwap': 42.181362}, {   'close': 41.01,
    'high': 41.6,
    'low': 40.48,
    'open': 41.385,
    'symbol': 'FCX',
    'timestamp': datetime.datetime(2025, 6, 11, 4, 0, tzinfo=TzInfo(UTC)),
    'trade_count': 97688.0,
    'volume': 13531012.0,
    'vwap': 41.145388}, {   'close': 41.18,
    'high': 41.675,
    'low': 40.25,
    'open': 40.4,
    'symbol': 'FCX',
    'timestamp': datetime.datetime(2025, 6, 12, 4, 0, tzinfo=TzInfo(UTC)),
    'trade_count': 77149.0,
    'volume': 8750119.0,
    'vwap': 41.209027}, {   'close': 40.94,
    'high': 41.225,
    'low': 40.09,
    'open': 40.18,
    'symbol': 'FCX',
    'timestamp': datetime.datetime(2025, 6, 13, 4, 0, tzinfo=TzInfo(UTC)),
    'trade_count': 87603.0,
    'volume': 9722074.0,
    'vwap': 40.823338}]}
2025-06-15 20:49:46,226 - data_provider - DEBUG - Using object response, data type: <class 'dict'>
2025-06-15 20:49:46,226 - data_provider - DEBUG - Data dir: ['__class__', '__class_getitem__', '__contains__', '__delattr__', '__delitem__', '__dir__', '__doc__', '__eq__', '__format__', '__ge__', '__getattribute__', '__getitem__', '__getstate__', '__gt__', '__hash__', '__init__', '__init_subclass__', '__ior__', '__iter__', '__le__', '__len__', '__lt__', '__ne__', '__new__', '__or__', '__reduce__', '__reduce_ex__', '__repr__', '__reversed__', '__ror__', '__setattr__', '__setitem__', '__sizeof__', '__str__', '__subclasshook__', 'clear', 'copy', 'fromkeys', 'get', 'items', 'keys', 'pop', 'popitem', 'setdefault', 'update', 'values']
2025-06-15 20:49:46,226 - data_provider - DEBUG - Data content for symbol FCX: {'FCX': [{   'close': 37.48,
    'high': 37.96,
    'low': 36.84,
    'open': 37.155,
    'symbol': 'FCX',
    'timestamp': datetime.datetime(2025, 5, 8, 4, 0, tzinfo=TzInfo(UTC)),
    'trade_count': 86839.0,
    'volume': 9814617.0,
    'vwap': 37.491454}, {   'close': 37.86,
    'high': 38.03,
    'low': 37.365,
    'open': 37.83,
    'symbol': 'FCX',
    'timestamp': datetime.datetime(2025, 5, 9, 4, 0, tzinfo=TzInfo(UTC)),
    'trade_count': 61762.0,
    'volume': 7306047.0,
    'vwap': 37.682742}, {   'close': 39.11,
    'high': 40.59,
    'low': 38.92,
    'open': 40.11,
    'symbol': 'FCX',
    'timestamp': datetime.datetime(2025, 5, 12, 4, 0, tzinfo=TzInfo(UTC)),
    'trade_count': 121741.0,
    'volume': 15649530.0,
    'vwap': 39.329337}, {   'close': 39.47,
    'high': 39.91,
    'low': 39.07,
    'open': 39.325,
    'symbol': 'FCX',
    'timestamp': datetime.datetime(2025, 5, 13, 4, 0, tzinfo=TzInfo(UTC)),
    'trade_count': 91750.0,
    'volume': 11879560.0,
    'vwap': 39.54909}, {   'close': 39.06,
    'high': 39.24,
    'low': 38.85,
    'open': 39.085,
    'symbol': 'FCX',
    'timestamp': datetime.datetime(2025, 5, 14, 4, 0, tzinfo=TzInfo(UTC)),
    'trade_count': 74292.0,
    'volume': 10292839.0,
    'vwap': 39.034405}, {   'close': 38.47,
    'high': 38.73,
    'low': 37.57,
    'open': 38.61,
    'symbol': 'FCX',
    'timestamp': datetime.datetime(2025, 5, 15, 4, 0, tzinfo=TzInfo(UTC)),
    'trade_count': 105543.0,
    'volume': 13149047.0,
    'vwap': 38.180224}, {   'close': 38.02,
    'high': 38.12,
    'low': 36.99,
    'open': 38.09,
    'symbol': 'FCX',
    'timestamp': datetime.datetime(2025, 5, 16, 4, 0, tzinfo=TzInfo(UTC)),
    'trade_count': 105269.0,
    'volume': 13552195.0,
    'vwap': 37.648339}, {   'close': 38.8,
    'high': 38.85,
    'low': 37.29,
    'open': 37.4,
    'symbol': 'FCX',
    'timestamp': datetime.datetime(2025, 5, 19, 4, 0, tzinfo=TzInfo(UTC)),
    'trade_count': 82791.0,
    'volume': 11107271.0,
    'vwap': 38.485128}, {   'close': 38.4,
    'high': 38.69,
    'low': 38.08,
    'open': 38.44,
    'symbol': 'FCX',
    'timestamp': datetime.datetime(2025, 5, 20, 4, 0, tzinfo=TzInfo(UTC)),
    'trade_count': 60588.0,
    'volume': 7848306.0,
    'vwap': 38.37564}, {   'close': 38.01,
    'high': 38.69,
    'low': 37.84,
    'open': 38.12,
    'symbol': 'FCX',
    'timestamp': datetime.datetime(2025, 5, 21, 4, 0, tzinfo=TzInfo(UTC)),
    'trade_count': 72740.0,
    'volume': 11012426.0,
    'vwap': 38.122736}, {   'close': 37.7,
    'high': 38.0569,
    'low': 37.35,
    'open': 37.68,
    'symbol': 'FCX',
    'timestamp': datetime.datetime(2025, 5, 22, 4, 0, tzinfo=TzInfo(UTC)),
    'trade_count': 72205.0,
    'volume': 9415423.0,
    'vwap': 37.725439}, {   'close': 39.02,
    'high': 39.07,
    'low': 37.22,
    'open': 37.22,
    'symbol': 'FCX',
    'timestamp': datetime.datetime(2025, 5, 23, 4, 0, tzinfo=TzInfo(UTC)),
    'trade_count': 103327.0,
    'volume': 15295482.0,
    'vwap': 38.627592}, {   'close': 39.64,
    'high': 40.01,
    'low': 39.08,
    'open': 39.14,
    'symbol': 'FCX',
    'timestamp': datetime.datetime(2025, 5, 27, 4, 0, tzinfo=TzInfo(UTC)),
    'trade_count': 75447.0,
    'volume': 11247769.0,
    'vwap': 39.613971}, {   'close': 38.89,
    'high': 39.52,
    'low': 38.7,
    'open': 39.4,
    'symbol': 'FCX',
    'timestamp': datetime.datetime(2025, 5, 28, 4, 0, tzinfo=TzInfo(UTC)),
    'trade_count': 68293.0,
    'volume': 7689498.0,
    'vwap': 38.943058}, {   'close': 39.03,
    'high': 39.5,
    'low': 38.73,
    'open': 39.37,
    'symbol': 'FCX',
    'timestamp': datetime.datetime(2025, 5, 29, 4, 0, tzinfo=TzInfo(UTC)),
    'trade_count': 73370.0,
    'volume': 8928155.0,
    'vwap': 39.0404}, {   'close': 38.48,
    'high': 38.93,
    'low': 37.725,
    'open': 38.84,
    'symbol': 'FCX',
    'timestamp': datetime.datetime(2025, 5, 30, 4, 0, tzinfo=TzInfo(UTC)),
    'trade_count': 101713.0,
    'volume': 17241162.0,
    'vwap': 38.372019}, {   'close': 40.15,
    'high': 40.54,
    'low': 39.59,
    'open': 40.09,
    'symbol': 'FCX',
    'timestamp': datetime.datetime(2025, 6, 2, 4, 0, tzinfo=TzInfo(UTC)),
    'trade_count': 115975.0,
    'volume': 15316708.0,
    'vwap': 40.039802}, {   'close': 40.24,
    'high': 40.39,
    'low': 39.51,
    'open': 39.69,
    'symbol': 'FCX',
    'timestamp': datetime.datetime(2025, 6, 3, 4, 0, tzinfo=TzInfo(UTC)),
    'trade_count': 89389.0,
    'volume': 11741415.0,
    'vwap': 40.155941}, {   'close': 40.86,
    'high': 41.2,
    'low': 40.37,
    'open': 40.505,
    'symbol': 'FCX',
    'timestamp': datetime.datetime(2025, 6, 4, 4, 0, tzinfo=TzInfo(UTC)),
    'trade_count': 86945.0,
    'volume': 10979253.0,
    'vwap': 40.856749}, {   'close': 41.69,
    'high': 42.61,
    'low': 41.48,
    'open': 41.98,
    'symbol': 'FCX',
    'timestamp': datetime.datetime(2025, 6, 5, 4, 0, tzinfo=TzInfo(UTC)),
    'trade_count': 142007.0,
    'volume': 17271403.0,
    'vwap': 42.104387}, {   'close': 41.48,
    'high': 42.48,
    'low': 41.475,
    'open': 42.01,
    'symbol': 'FCX',
    'timestamp': datetime.datetime(2025, 6, 6, 4, 0, tzinfo=TzInfo(UTC)),
    'trade_count': 77776.0,
    'volume': 8501836.0,
    'vwap': 41.808043}, {   'close': 42.34,
    'high': 42.895,
    'low': 41.78,
    'open': 41.975,
    'symbol': 'FCX',
    'timestamp': datetime.datetime(2025, 6, 9, 4, 0, tzinfo=TzInfo(UTC)),
    'trade_count': 83952.0,
    'volume': 9938445.0,
    'vwap': 42.486428}, {   'close': 42.19,
    'high': 42.5,
    'low': 41.91,
    'open': 42.43,
    'symbol': 'FCX',
    'timestamp': datetime.datetime(2025, 6, 10, 4, 0, tzinfo=TzInfo(UTC)),
    'trade_count': 78156.0,
    'volume': 9460623.0,
    'vwap': 42.181362}, {   'close': 41.01,
    'high': 41.6,
    'low': 40.48,
    'open': 41.385,
    'symbol': 'FCX',
    'timestamp': datetime.datetime(2025, 6, 11, 4, 0, tzinfo=TzInfo(UTC)),
    'trade_count': 97688.0,
    'volume': 13531012.0,
    'vwap': 41.145388}, {   'close': 41.18,
    'high': 41.675,
    'low': 40.25,
    'open': 40.4,
    'symbol': 'FCX',
    'timestamp': datetime.datetime(2025, 6, 12, 4, 0, tzinfo=TzInfo(UTC)),
    'trade_count': 77149.0,
    'volume': 8750119.0,
    'vwap': 41.209027}, {   'close': 40.94,
    'high': 41.225,
    'low': 40.09,
    'open': 40.18,
    'symbol': 'FCX',
    'timestamp': datetime.datetime(2025, 6, 13, 4, 0, tzinfo=TzInfo(UTC)),
    'trade_count': 87603.0,
    'volume': 9722074.0,
    'vwap': 40.823338}]}
2025-06-15 20:49:46,231 - data_provider - DEBUG - Looking for symbol FCX in data
2025-06-15 20:49:46,231 - data_provider - DEBUG - Dict access result for FCX: Found
2025-06-15 20:49:46,252 - __main__ - INFO - Algorithm interrupted by user
2025-06-15 20:50:20,753 - __main__ - INFO - ==================================================
2025-06-15 20:50:20,753 - __main__ - INFO - Trading Algorithm Starting
2025-06-15 20:50:20,753 - __main__ - INFO - Paper Trading: True
2025-06-15 20:50:20,753 - __main__ - INFO - Dry Run: True
2025-06-15 20:50:20,753 - __main__ - INFO - ==================================================
2025-06-15 20:50:20,769 - __main__ - INFO - 🚀🚀🚀🚀🚀🚀🚀🚀🚀🚀🚀🚀🚀🚀🚀🚀🚀🚀🚀🚀
2025-06-15 20:50:20,769 - __main__ - INFO - 🚀 TRADING ALGORITHM STARTING
2025-06-15 20:50:20,769 - __main__ - INFO - 🚀🚀🚀🚀🚀🚀🚀🚀🚀🚀🚀🚀🚀🚀🚀🚀🚀🚀🚀🚀
2025-06-15 20:50:20,769 - __main__ - INFO - 📅 Session Date: 2025-06-15 20:50:20
2025-06-15 20:50:20,769 - __main__ - INFO - 💼 Paper Trading: True
2025-06-15 20:50:20,769 - __main__ - INFO - 🔄 Force Backtest: False
2025-06-15 20:50:20,769 - __main__ - INFO - 🔍 Dry Run Mode: True
2025-06-15 20:50:20,769 - __main__ - INFO - ============================================================
2025-06-15 20:50:20,769 - trading_engine - INFO - 🌵 DRY RUN MODE ENABLED - No actual orders will be placed
2025-06-15 20:50:20,769 - __main__ - INFO - 🔍 Checking account status and current positions...
2025-06-15 20:50:21,602 - cloud_storage - INFO - Loaded position entries from positions_20250615_204936.csv
2025-06-15 20:50:21,753 - cloud_storage - INFO - Saved positions to qa/Positions/positions_20250615_205021.csv
2025-06-15 20:50:21,754 - __main__ - INFO - 💰 Account Summary:
2025-06-15 20:50:21,754 - __main__ - INFO -    • Equity: $9769.13
2025-06-15 20:50:21,754 - __main__ - INFO -    • Cash Available: $6445.25
2025-06-15 20:50:21,754 - __main__ - INFO -    • Current Positions: 5
2025-06-15 20:50:21,754 - __main__ - INFO - ────────────────────────────────────────
2025-06-15 20:50:21,754 - __main__ - INFO - 🔍 Checking for recent cached backtest results...
2025-06-15 20:50:21,826 - __main__ - INFO - Most recent backtest file: backtest_results_20250615_201411.csv
2025-06-15 20:50:22,030 - cloud_storage - INFO - Loaded 215 backtest results from backtest_results_20250615_201411.csv
2025-06-15 20:50:22,030 - __main__ - INFO - ✅ Found cached results: 215 profitable strategies
2025-06-15 20:50:22,030 - __main__ - INFO - ⚡ Skipping backtest - using cached data
2025-06-15 20:50:22,030 - __main__ - INFO - 🎯 Analyzing trading opportunities and executing orders...
2025-06-15 20:50:22,030 - trading_engine - INFO - Starting trading session...
2025-06-15 20:50:22,369 - cloud_storage - INFO - Loaded position entries from positions_20250615_205021.csv
2025-06-15 20:50:22,514 - cloud_storage - INFO - Saved positions to qa/Positions/positions_20250615_205022.csv
2025-06-15 20:50:22,757 - data_provider - DEBUG - API response type: <class 'alpaca.data.models.bars.BarSet'>
2025-06-15 20:50:22,757 - data_provider - DEBUG - API response dir: ['__abstractmethods__', '__annotations__', '__class__', '__class_getitem__', '__class_vars__', '__copy__', '__deepcopy__', '__delattr__', '__dict__', '__dir__', '__doc__', '__eq__', '__fields__', '__fields_set__', '__firstlineno__', '__format__', '__ge__', '__get_pydantic_core_schema__', '__get_pydantic_json_schema__', '__getattr__', '__getattribute__', '__getitem__', '__getstate__', '__gt__', '__hash__', '__init__', '__init_subclass__', '__iter__', '__le__', '__lt__', '__module__', '__ne__', '__new__', '__pretty__', '__private_attributes__', '__pydantic_complete__', '__pydantic_computed_fields__', '__pydantic_core_schema__', '__pydantic_custom_init__', '__pydantic_decorators__', '__pydantic_extra__', '__pydantic_fields__', '__pydantic_fields_set__', '__pydantic_generic_metadata__', '__pydantic_init_subclass__', '__pydantic_parent_namespace__', '__pydantic_post_init__', '__pydantic_private__', '__pydantic_root_model__', '__pydantic_serializer__', '__pydantic_setattr_handlers__', '__pydantic_validator__', '__reduce__', '__reduce_ex__', '__replace__', '__repr__', '__repr_args__', '__repr_name__', '__repr_recursion__', '__repr_str__', '__rich_repr__', '__setattr__', '__setstate__', '__signature__', '__sizeof__', '__slots__', '__static_attributes__', '__str__', '__subclasshook__', '__weakref__', '_abc_impl', '_calculate_keys', '_copy_and_set_values', '_get_value', '_iter', '_setattr_handler', 'construct', 'copy', 'data', 'df', 'dict', 'from_orm', 'json', 'model_computed_fields', 'model_config', 'model_construct', 'model_copy', 'model_dump', 'model_dump_json', 'model_extra', 'model_fields', 'model_fields_set', 'model_json_schema', 'model_parametrized_name', 'model_post_init', 'model_rebuild', 'model_validate', 'model_validate_json', 'model_validate_strings', 'parse_file', 'parse_obj', 'parse_raw', 'schema', 'schema_json', 'update_forward_refs', 'validate']
2025-06-15 20:50:22,757 - data_provider - DEBUG - Raw API response for symbol BBWI: data={'BBWI': [{   'close': 30.32,
    'high': 30.94,
    'low': 30.27,
    'open': 30.9,
    'symbol': 'BBWI',
    'timestamp': datetime.datetime(2025, 5, 5, 4, 0, tzinfo=TzInfo(UTC)),
    'trade_count': 36885.0,
    'volume': 3307278.0,
    'vwap': 30.527481}, {   'close': 29.87,
    'high': 30.28,
    'low': 29.74,
    'open': 29.93,
    'symbol': 'BBWI',
    'timestamp': datetime.datetime(2025, 5, 6, 4, 0, tzinfo=TzInfo(UTC)),
    'trade_count': 33698.0,
    'volume': 2627807.0,
    'vwap': 29.949787}, {   'close': 30.49,
    'high': 30.825,
    'low': 29.87,
    'open': 30.38,
    'symbol': 'BBWI',
    'timestamp': datetime.datetime(2025, 5, 7, 4, 0, tzinfo=TzInfo(UTC)),
    'trade_count': 35805.0,
    'volume': 2509756.0,
    'vwap': 30.362802}, {   'close': 31.74,
    'high': 31.915,
    'low': 30.77,
    'open': 31.09,
    'symbol': 'BBWI',
    'timestamp': datetime.datetime(2025, 5, 8, 4, 0, tzinfo=TzInfo(UTC)),
    'trade_count': 37212.0,
    'volume': 3140459.0,
    'vwap': 31.593961}, {   'close': 31.05,
    'high': 32.06,
    'low': 30.97,
    'open': 31.88,
    'symbol': 'BBWI',
    'timestamp': datetime.datetime(2025, 5, 9, 4, 0, tzinfo=TzInfo(UTC)),
    'trade_count': 28587.0,
    'volume': 2329384.0,
    'vwap': 31.197472}, {   'close': 33.43,
    'high': 34.66,
    'low': 32.79,
    'open': 32.9,
    'symbol': 'BBWI',
    'timestamp': datetime.datetime(2025, 5, 12, 4, 0, tzinfo=TzInfo(UTC)),
    'trade_count': 51301.0,
    'volume': 4863898.0,
    'vwap': 33.499953}, {   'close': 33.67,
    'high': 33.82,
    'low': 33.14,
    'open': 33.63,
    'symbol': 'BBWI',
    'timestamp': datetime.datetime(2025, 5, 13, 4, 0, tzinfo=TzInfo(UTC)),
    'trade_count': 32139.0,
    'volume': 3073046.0,
    'vwap': 33.62353}, {   'close': 34.03,
    'high': 34.64,
    'low': 33.375,
    'open': 33.63,
    'symbol': 'BBWI',
    'timestamp': datetime.datetime(2025, 5, 14, 4, 0, tzinfo=TzInfo(UTC)),
    'trade_count': 42920.0,
    'volume': 3641015.0,
    'vwap': 34.107066}, {   'close': 33.97,
    'high': 34.11,
    'low': 33.35,
    'open': 34.06,
    'symbol': 'BBWI',
    'timestamp': datetime.datetime(2025, 5, 15, 4, 0, tzinfo=TzInfo(UTC)),
    'trade_count': 32986.0,
    'volume': 2665767.0,
    'vwap': 33.913579}, {   'close': 33.76,
    'high': 34.2,
    'low': 33.5,
    'open': 34.13,
    'symbol': 'BBWI',
    'timestamp': datetime.datetime(2025, 5, 16, 4, 0, tzinfo=TzInfo(UTC)),
    'trade_count': 44897.0,
    'volume': 5680716.0,
    'vwap': 33.91136}, {   'close': 33.58,
    'high': 33.85,
    'low': 32.7,
    'open': 32.92,
    'symbol': 'BBWI',
    'timestamp': datetime.datetime(2025, 5, 19, 4, 0, tzinfo=TzInfo(UTC)),
    'trade_count': 47706.0,
    'volume': 5259972.0,
    'vwap': 33.499022}, {   'close': 33.46,
    'high': 34.29,
    'low': 33.38,
    'open': 34.18,
    'symbol': 'BBWI',
    'timestamp': datetime.datetime(2025, 5, 20, 4, 0, tzinfo=TzInfo(UTC)),
    'trade_count': 40710.0,
    'volume': 4007784.0,
    'vwap': 33.597641}, {   'close': 31.17,
    'high': 33.24,
    'low': 31.12,
    'open': 32.9,
    'symbol': 'BBWI',
    'timestamp': datetime.datetime(2025, 5, 21, 4, 0, tzinfo=TzInfo(UTC)),
    'trade_count': 48180.0,
    'volume': 4526570.0,
    'vwap': 31.688863}, {   'close': 31.38,
    'high': 31.66,
    'low': 30.99,
    'open': 31.13,
    'symbol': 'BBWI',
    'timestamp': datetime.datetime(2025, 5, 22, 4, 0, tzinfo=TzInfo(UTC)),
    'trade_count': 41062.0,
    'volume': 4085302.0,
    'vwap': 31.401646}, {   'close': 30.27,
    'high': 31.16,
    'low': 30.19,
    'open': 30.86,
    'symbol': 'BBWI',
    'timestamp': datetime.datetime(2025, 5, 23, 4, 0, tzinfo=TzInfo(UTC)),
    'trade_count': 42365.0,
    'volume': 4249730.0,
    'vwap': 30.501609}, {   'close': 30.54,
    'high': 31.11,
    'low': 30.26,
    'open': 30.91,
    'symbol': 'BBWI',
    'timestamp': datetime.datetime(2025, 5, 27, 4, 0, tzinfo=TzInfo(UTC)),
    'trade_count': 66652.0,
    'volume': 7606968.0,
    'vwap': 30.589274}, {   'close': 30.48,
    'high': 30.82,
    'low': 30.13,
    'open': 30.74,
    'symbol': 'BBWI',
    'timestamp': datetime.datetime(2025, 5, 28, 4, 0, tzinfo=TzInfo(UTC)),
    'trade_count': 67052.0,
    'volume': 8570626.0,
    'vwap': 30.492958}, {   'close': 28.58,
    'high': 31.3,
    'low': 28.08,
    'open': 31.22,
    'symbol': 'BBWI',
    'timestamp': datetime.datetime(2025, 5, 29, 4, 0, tzinfo=TzInfo(UTC)),
    'trade_count': 112665.0,
    'volume': 11888041.0,
    'vwap': 28.68866}, {   'close': 28.12,
    'high': 28.74,
    'low': 27.86,
    'open': 28.42,
    'symbol': 'BBWI',
    'timestamp': datetime.datetime(2025, 5, 30, 4, 0, tzinfo=TzInfo(UTC)),
    'trade_count': 55515.0,
    'volume': 6155197.0,
    'vwap': 28.198584}, {   'close': 26.73,
    'high': 28.035,
    'low': 26.45,
    'open': 27.95,
    'symbol': 'BBWI',
    'timestamp': datetime.datetime(2025, 6, 2, 4, 0, tzinfo=TzInfo(UTC)),
    'trade_count': 77445.0,
    'volume': 9521764.0,
    'vwap': 26.843927}, {   'close': 27.15,
    'high': 27.53,
    'low': 26.55,
    'open': 26.83,
    'symbol': 'BBWI',
    'timestamp': datetime.datetime(2025, 6, 3, 4, 0, tzinfo=TzInfo(UTC)),
    'trade_count': 53582.0,
    'volume': 6370301.0,
    'vwap': 27.166432}, {   'close': 27.04,
    'high': 27.32,
    'low': 26.65,
    'open': 27.16,
    'symbol': 'BBWI',
    'timestamp': datetime.datetime(2025, 6, 4, 4, 0, tzinfo=TzInfo(UTC)),
    'trade_count': 56162.0,
    'volume': 6019138.0,
    'vwap': 27.011332}, {   'close': 26.59,
    'high': 27.04,
    'low': 26.35,
    'open': 26.63,
    'symbol': 'BBWI',
    'timestamp': datetime.datetime(2025, 6, 5, 4, 0, tzinfo=TzInfo(UTC)),
    'trade_count': 50746.0,
    'volume': 5165129.0,
    'vwap': 26.683379}, {   'close': 26.63,
    'high': 26.97,
    'low': 26.42,
    'open': 26.66,
    'symbol': 'BBWI',
    'timestamp': datetime.datetime(2025, 6, 6, 4, 0, tzinfo=TzInfo(UTC)),
    'trade_count': 43149.0,
    'volume': 4339043.0,
    'vwap': 26.666917}, {   'close': 26.83,
    'high': 27.44,
    'low': 26.65,
    'open': 26.93,
    'symbol': 'BBWI',
    'timestamp': datetime.datetime(2025, 6, 9, 4, 0, tzinfo=TzInfo(UTC)),
    'trade_count': 45676.0,
    'volume': 4724120.0,
    'vwap': 26.897684}, {   'close': 26.65,
    'high': 27.29,
    'low': 26.555,
    'open': 27.11,
    'symbol': 'BBWI',
    'timestamp': datetime.datetime(2025, 6, 10, 4, 0, tzinfo=TzInfo(UTC)),
    'trade_count': 48688.0,
    'volume': 4772467.0,
    'vwap': 26.748579}, {   'close': 26.26,
    'high': 27.14,
    'low': 26.115,
    'open': 26.78,
    'symbol': 'BBWI',
    'timestamp': datetime.datetime(2025, 6, 11, 4, 0, tzinfo=TzInfo(UTC)),
    'trade_count': 46287.0,
    'volume': 4102585.0,
    'vwap': 26.503592}, {   'close': 26.11,
    'high': 26.29,
    'low': 25.84,
    'open': 26.0,
    'symbol': 'BBWI',
    'timestamp': datetime.datetime(2025, 6, 12, 4, 0, tzinfo=TzInfo(UTC)),
    'trade_count': 45357.0,
    'volume': 4446306.0,
    'vwap': 26.047027}, {   'close': 25.21,
    'high': 26.43,
    'low': 24.94,
    'open': 25.82,
    'symbol': 'BBWI',
    'timestamp': datetime.datetime(2025, 6, 13, 4, 0, tzinfo=TzInfo(UTC)),
    'trade_count': 54973.0,
    'volume': 5886894.0,
    'vwap': 25.529656}]}
2025-06-15 20:50:22,760 - data_provider - DEBUG - Using object response, data type: <class 'dict'>
2025-06-15 20:50:22,760 - data_provider - DEBUG - Data dir: ['__class__', '__class_getitem__', '__contains__', '__delattr__', '__delitem__', '__dir__', '__doc__', '__eq__', '__format__', '__ge__', '__getattribute__', '__getitem__', '__getstate__', '__gt__', '__hash__', '__init__', '__init_subclass__', '__ior__', '__iter__', '__le__', '__len__', '__lt__', '__ne__', '__new__', '__or__', '__reduce__', '__reduce_ex__', '__repr__', '__reversed__', '__ror__', '__setattr__', '__setitem__', '__sizeof__', '__str__', '__subclasshook__', 'clear', 'copy', 'fromkeys', 'get', 'items', 'keys', 'pop', 'popitem', 'setdefault', 'update', 'values']
2025-06-15 20:50:22,760 - data_provider - DEBUG - Data content for symbol BBWI: {'BBWI': [{   'close': 30.32,
    'high': 30.94,
    'low': 30.27,
    'open': 30.9,
    'symbol': 'BBWI',
    'timestamp': datetime.datetime(2025, 5, 5, 4, 0, tzinfo=TzInfo(UTC)),
    'trade_count': 36885.0,
    'volume': 3307278.0,
    'vwap': 30.527481}, {   'close': 29.87,
    'high': 30.28,
    'low': 29.74,
    'open': 29.93,
    'symbol': 'BBWI',
    'timestamp': datetime.datetime(2025, 5, 6, 4, 0, tzinfo=TzInfo(UTC)),
    'trade_count': 33698.0,
    'volume': 2627807.0,
    'vwap': 29.949787}, {   'close': 30.49,
    'high': 30.825,
    'low': 29.87,
    'open': 30.38,
    'symbol': 'BBWI',
    'timestamp': datetime.datetime(2025, 5, 7, 4, 0, tzinfo=TzInfo(UTC)),
    'trade_count': 35805.0,
    'volume': 2509756.0,
    'vwap': 30.362802}, {   'close': 31.74,
    'high': 31.915,
    'low': 30.77,
    'open': 31.09,
    'symbol': 'BBWI',
    'timestamp': datetime.datetime(2025, 5, 8, 4, 0, tzinfo=TzInfo(UTC)),
    'trade_count': 37212.0,
    'volume': 3140459.0,
    'vwap': 31.593961}, {   'close': 31.05,
    'high': 32.06,
    'low': 30.97,
    'open': 31.88,
    'symbol': 'BBWI',
    'timestamp': datetime.datetime(2025, 5, 9, 4, 0, tzinfo=TzInfo(UTC)),
    'trade_count': 28587.0,
    'volume': 2329384.0,
    'vwap': 31.197472}, {   'close': 33.43,
    'high': 34.66,
    'low': 32.79,
    'open': 32.9,
    'symbol': 'BBWI',
    'timestamp': datetime.datetime(2025, 5, 12, 4, 0, tzinfo=TzInfo(UTC)),
    'trade_count': 51301.0,
    'volume': 4863898.0,
    'vwap': 33.499953}, {   'close': 33.67,
    'high': 33.82,
    'low': 33.14,
    'open': 33.63,
    'symbol': 'BBWI',
    'timestamp': datetime.datetime(2025, 5, 13, 4, 0, tzinfo=TzInfo(UTC)),
    'trade_count': 32139.0,
    'volume': 3073046.0,
    'vwap': 33.62353}, {   'close': 34.03,
    'high': 34.64,
    'low': 33.375,
    'open': 33.63,
    'symbol': 'BBWI',
    'timestamp': datetime.datetime(2025, 5, 14, 4, 0, tzinfo=TzInfo(UTC)),
    'trade_count': 42920.0,
    'volume': 3641015.0,
    'vwap': 34.107066}, {   'close': 33.97,
    'high': 34.11,
    'low': 33.35,
    'open': 34.06,
    'symbol': 'BBWI',
    'timestamp': datetime.datetime(2025, 5, 15, 4, 0, tzinfo=TzInfo(UTC)),
    'trade_count': 32986.0,
    'volume': 2665767.0,
    'vwap': 33.913579}, {   'close': 33.76,
    'high': 34.2,
    'low': 33.5,
    'open': 34.13,
    'symbol': 'BBWI',
    'timestamp': datetime.datetime(2025, 5, 16, 4, 0, tzinfo=TzInfo(UTC)),
    'trade_count': 44897.0,
    'volume': 5680716.0,
    'vwap': 33.91136}, {   'close': 33.58,
    'high': 33.85,
    'low': 32.7,
    'open': 32.92,
    'symbol': 'BBWI',
    'timestamp': datetime.datetime(2025, 5, 19, 4, 0, tzinfo=TzInfo(UTC)),
    'trade_count': 47706.0,
    'volume': 5259972.0,
    'vwap': 33.499022}, {   'close': 33.46,
    'high': 34.29,
    'low': 33.38,
    'open': 34.18,
    'symbol': 'BBWI',
    'timestamp': datetime.datetime(2025, 5, 20, 4, 0, tzinfo=TzInfo(UTC)),
    'trade_count': 40710.0,
    'volume': 4007784.0,
    'vwap': 33.597641}, {   'close': 31.17,
    'high': 33.24,
    'low': 31.12,
    'open': 32.9,
    'symbol': 'BBWI',
    'timestamp': datetime.datetime(2025, 5, 21, 4, 0, tzinfo=TzInfo(UTC)),
    'trade_count': 48180.0,
    'volume': 4526570.0,
    'vwap': 31.688863}, {   'close': 31.38,
    'high': 31.66,
    'low': 30.99,
    'open': 31.13,
    'symbol': 'BBWI',
    'timestamp': datetime.datetime(2025, 5, 22, 4, 0, tzinfo=TzInfo(UTC)),
    'trade_count': 41062.0,
    'volume': 4085302.0,
    'vwap': 31.401646}, {   'close': 30.27,
    'high': 31.16,
    'low': 30.19,
    'open': 30.86,
    'symbol': 'BBWI',
    'timestamp': datetime.datetime(2025, 5, 23, 4, 0, tzinfo=TzInfo(UTC)),
    'trade_count': 42365.0,
    'volume': 4249730.0,
    'vwap': 30.501609}, {   'close': 30.54,
    'high': 31.11,
    'low': 30.26,
    'open': 30.91,
    'symbol': 'BBWI',
    'timestamp': datetime.datetime(2025, 5, 27, 4, 0, tzinfo=TzInfo(UTC)),
    'trade_count': 66652.0,
    'volume': 7606968.0,
    'vwap': 30.589274}, {   'close': 30.48,
    'high': 30.82,
    'low': 30.13,
    'open': 30.74,
    'symbol': 'BBWI',
    'timestamp': datetime.datetime(2025, 5, 28, 4, 0, tzinfo=TzInfo(UTC)),
    'trade_count': 67052.0,
    'volume': 8570626.0,
    'vwap': 30.492958}, {   'close': 28.58,
    'high': 31.3,
    'low': 28.08,
    'open': 31.22,
    'symbol': 'BBWI',
    'timestamp': datetime.datetime(2025, 5, 29, 4, 0, tzinfo=TzInfo(UTC)),
    'trade_count': 112665.0,
    'volume': 11888041.0,
    'vwap': 28.68866}, {   'close': 28.12,
    'high': 28.74,
    'low': 27.86,
    'open': 28.42,
    'symbol': 'BBWI',
    'timestamp': datetime.datetime(2025, 5, 30, 4, 0, tzinfo=TzInfo(UTC)),
    'trade_count': 55515.0,
    'volume': 6155197.0,
    'vwap': 28.198584}, {   'close': 26.73,
    'high': 28.035,
    'low': 26.45,
    'open': 27.95,
    'symbol': 'BBWI',
    'timestamp': datetime.datetime(2025, 6, 2, 4, 0, tzinfo=TzInfo(UTC)),
    'trade_count': 77445.0,
    'volume': 9521764.0,
    'vwap': 26.843927}, {   'close': 27.15,
    'high': 27.53,
    'low': 26.55,
    'open': 26.83,
    'symbol': 'BBWI',
    'timestamp': datetime.datetime(2025, 6, 3, 4, 0, tzinfo=TzInfo(UTC)),
    'trade_count': 53582.0,
    'volume': 6370301.0,
    'vwap': 27.166432}, {   'close': 27.04,
    'high': 27.32,
    'low': 26.65,
    'open': 27.16,
    'symbol': 'BBWI',
    'timestamp': datetime.datetime(2025, 6, 4, 4, 0, tzinfo=TzInfo(UTC)),
    'trade_count': 56162.0,
    'volume': 6019138.0,
    'vwap': 27.011332}, {   'close': 26.59,
    'high': 27.04,
    'low': 26.35,
    'open': 26.63,
    'symbol': 'BBWI',
    'timestamp': datetime.datetime(2025, 6, 5, 4, 0, tzinfo=TzInfo(UTC)),
    'trade_count': 50746.0,
    'volume': 5165129.0,
    'vwap': 26.683379}, {   'close': 26.63,
    'high': 26.97,
    'low': 26.42,
    'open': 26.66,
    'symbol': 'BBWI',
    'timestamp': datetime.datetime(2025, 6, 6, 4, 0, tzinfo=TzInfo(UTC)),
    'trade_count': 43149.0,
    'volume': 4339043.0,
    'vwap': 26.666917}, {   'close': 26.83,
    'high': 27.44,
    'low': 26.65,
    'open': 26.93,
    'symbol': 'BBWI',
    'timestamp': datetime.datetime(2025, 6, 9, 4, 0, tzinfo=TzInfo(UTC)),
    'trade_count': 45676.0,
    'volume': 4724120.0,
    'vwap': 26.897684}, {   'close': 26.65,
    'high': 27.29,
    'low': 26.555,
    'open': 27.11,
    'symbol': 'BBWI',
    'timestamp': datetime.datetime(2025, 6, 10, 4, 0, tzinfo=TzInfo(UTC)),
    'trade_count': 48688.0,
    'volume': 4772467.0,
    'vwap': 26.748579}, {   'close': 26.26,
    'high': 27.14,
    'low': 26.115,
    'open': 26.78,
    'symbol': 'BBWI',
    'timestamp': datetime.datetime(2025, 6, 11, 4, 0, tzinfo=TzInfo(UTC)),
    'trade_count': 46287.0,
    'volume': 4102585.0,
    'vwap': 26.503592}, {   'close': 26.11,
    'high': 26.29,
    'low': 25.84,
    'open': 26.0,
    'symbol': 'BBWI',
    'timestamp': datetime.datetime(2025, 6, 12, 4, 0, tzinfo=TzInfo(UTC)),
    'trade_count': 45357.0,
    'volume': 4446306.0,
    'vwap': 26.047027}, {   'close': 25.21,
    'high': 26.43,
    'low': 24.94,
    'open': 25.82,
    'symbol': 'BBWI',
    'timestamp': datetime.datetime(2025, 6, 13, 4, 0, tzinfo=TzInfo(UTC)),
    'trade_count': 54973.0,
    'volume': 5886894.0,
    'vwap': 25.529656}]}
2025-06-15 20:50:22,763 - data_provider - DEBUG - Looking for symbol BBWI in data
2025-06-15 20:50:22,763 - data_provider - DEBUG - Dict access result for BBWI: Found
2025-06-15 20:50:22,872 - trading_engine - INFO - Calculated target price for BBWI based on RSI: $37.81
2025-06-15 20:50:22,937 - data_provider - DEBUG - API response type: <class 'alpaca.data.models.bars.BarSet'>
2025-06-15 20:50:22,937 - data_provider - DEBUG - API response dir: ['__abstractmethods__', '__annotations__', '__class__', '__class_getitem__', '__class_vars__', '__copy__', '__deepcopy__', '__delattr__', '__dict__', '__dir__', '__doc__', '__eq__', '__fields__', '__fields_set__', '__firstlineno__', '__format__', '__ge__', '__get_pydantic_core_schema__', '__get_pydantic_json_schema__', '__getattr__', '__getattribute__', '__getitem__', '__getstate__', '__gt__', '__hash__', '__init__', '__init_subclass__', '__iter__', '__le__', '__lt__', '__module__', '__ne__', '__new__', '__pretty__', '__private_attributes__', '__pydantic_complete__', '__pydantic_computed_fields__', '__pydantic_core_schema__', '__pydantic_custom_init__', '__pydantic_decorators__', '__pydantic_extra__', '__pydantic_fields__', '__pydantic_fields_set__', '__pydantic_generic_metadata__', '__pydantic_init_subclass__', '__pydantic_parent_namespace__', '__pydantic_post_init__', '__pydantic_private__', '__pydantic_root_model__', '__pydantic_serializer__', '__pydantic_setattr_handlers__', '__pydantic_validator__', '__reduce__', '__reduce_ex__', '__replace__', '__repr__', '__repr_args__', '__repr_name__', '__repr_recursion__', '__repr_str__', '__rich_repr__', '__setattr__', '__setstate__', '__signature__', '__sizeof__', '__slots__', '__static_attributes__', '__str__', '__subclasshook__', '__weakref__', '_abc_impl', '_calculate_keys', '_copy_and_set_values', '_get_value', '_iter', '_setattr_handler', 'construct', 'copy', 'data', 'df', 'dict', 'from_orm', 'json', 'model_computed_fields', 'model_config', 'model_construct', 'model_copy', 'model_dump', 'model_dump_json', 'model_extra', 'model_fields', 'model_fields_set', 'model_json_schema', 'model_parametrized_name', 'model_post_init', 'model_rebuild', 'model_validate', 'model_validate_json', 'model_validate_strings', 'parse_file', 'parse_obj', 'parse_raw', 'schema', 'schema_json', 'update_forward_refs', 'validate']
2025-06-15 20:50:22,938 - data_provider - DEBUG - Raw API response for symbol BBWI: data={}
2025-06-15 20:50:22,938 - data_provider - DEBUG - Using object response, data type: <class 'dict'>
2025-06-15 20:50:22,938 - data_provider - DEBUG - No data found for symbol BBWI
2025-06-15 20:50:23,042 - trading_engine - INFO - 🔍 DRY RUN: Would update stop loss for BBWI to $25.62 and take profit to $31.02
2025-06-15 20:50:23,117 - data_provider - DEBUG - API response type: <class 'alpaca.data.models.bars.BarSet'>
2025-06-15 20:50:23,117 - data_provider - DEBUG - API response dir: ['__abstractmethods__', '__annotations__', '__class__', '__class_getitem__', '__class_vars__', '__copy__', '__deepcopy__', '__delattr__', '__dict__', '__dir__', '__doc__', '__eq__', '__fields__', '__fields_set__', '__firstlineno__', '__format__', '__ge__', '__get_pydantic_core_schema__', '__get_pydantic_json_schema__', '__getattr__', '__getattribute__', '__getitem__', '__getstate__', '__gt__', '__hash__', '__init__', '__init_subclass__', '__iter__', '__le__', '__lt__', '__module__', '__ne__', '__new__', '__pretty__', '__private_attributes__', '__pydantic_complete__', '__pydantic_computed_fields__', '__pydantic_core_schema__', '__pydantic_custom_init__', '__pydantic_decorators__', '__pydantic_extra__', '__pydantic_fields__', '__pydantic_fields_set__', '__pydantic_generic_metadata__', '__pydantic_init_subclass__', '__pydantic_parent_namespace__', '__pydantic_post_init__', '__pydantic_private__', '__pydantic_root_model__', '__pydantic_serializer__', '__pydantic_setattr_handlers__', '__pydantic_validator__', '__reduce__', '__reduce_ex__', '__replace__', '__repr__', '__repr_args__', '__repr_name__', '__repr_recursion__', '__repr_str__', '__rich_repr__', '__setattr__', '__setstate__', '__signature__', '__sizeof__', '__slots__', '__static_attributes__', '__str__', '__subclasshook__', '__weakref__', '_abc_impl', '_calculate_keys', '_copy_and_set_values', '_get_value', '_iter', '_setattr_handler', 'construct', 'copy', 'data', 'df', 'dict', 'from_orm', 'json', 'model_computed_fields', 'model_config', 'model_construct', 'model_copy', 'model_dump', 'model_dump_json', 'model_extra', 'model_fields', 'model_fields_set', 'model_json_schema', 'model_parametrized_name', 'model_post_init', 'model_rebuild', 'model_validate', 'model_validate_json', 'model_validate_strings', 'parse_file', 'parse_obj', 'parse_raw', 'schema', 'schema_json', 'update_forward_refs', 'validate']
2025-06-15 20:50:23,118 - data_provider - DEBUG - Raw API response for symbol ENPH: data={'ENPH': [{   'close': 44.42,
    'high': 45.62,
    'low': 44.12,
    'open': 45.5,
    'symbol': 'ENPH',
    'timestamp': datetime.datetime(2025, 5, 5, 4, 0, tzinfo=TzInfo(UTC)),
    'trade_count': 55694.0,
    'volume': 4156051.0,
    'vwap': 44.594297}, {   'close': 43.87,
    'high': 45.98,
    'low': 43.78,
    'open': 44.765,
    'symbol': 'ENPH',
    'timestamp': datetime.datetime(2025, 5, 6, 4, 0, tzinfo=TzInfo(UTC)),
    'trade_count': 76153.0,
    'volume': 5876844.0,
    'vwap': 44.764094}, {   'close': 43.73,
    'high': 44.32,
    'low': 43.09,
    'open': 43.56,
    'symbol': 'ENPH',
    'timestamp': datetime.datetime(2025, 5, 7, 4, 0, tzinfo=TzInfo(UTC)),
    'trade_count': 60769.0,
    'volume': 4682562.0,
    'vwap': 43.674494}, {   'close': 49.05,
    'high': 50.48,
    'low': 43.77,
    'open': 43.96,
    'symbol': 'ENPH',
    'timestamp': datetime.datetime(2025, 5, 8, 4, 0, tzinfo=TzInfo(UTC)),
    'trade_count': 115423.0,
    'volume': 10304512.0,
    'vwap': 47.483884}, {   'close': 50.775,
    'high': 51.18,
    'low': 48.83,
    'open': 49.29,
    'symbol': 'ENPH',
    'timestamp': datetime.datetime(2025, 5, 9, 4, 0, tzinfo=TzInfo(UTC)),
    'trade_count': 77836.0,
    'volume': 6578328.0,
    'vwap': 50.265628}, {   'close': 47.94,
    'high': 54.43,
    'low': 47.24,
    'open': 54.165,
    'symbol': 'ENPH',
    'timestamp': datetime.datetime(2025, 5, 12, 4, 0, tzinfo=TzInfo(UTC)),
    'trade_count': 176366.0,
    'volume': 14879522.0,
    'vwap': 49.484594}, {   'close': 45.63,
    'high': 47.19,
    'low': 43.93,
    'open': 45.27,
    'symbol': 'ENPH',
    'timestamp': datetime.datetime(2025, 5, 13, 4, 0, tzinfo=TzInfo(UTC)),
    'trade_count': 201278.0,
    'volume': 18298764.0,
    'vwap': 45.338275}, {   'close': 48.27,
    'high': 48.725,
    'low': 45.485,
    'open': 45.6,
    'symbol': 'ENPH',
    'timestamp': datetime.datetime(2025, 5, 14, 4, 0, tzinfo=TzInfo(UTC)),
    'trade_count': 110706.0,
    'volume': 8374661.0,
    'vwap': 47.440935}, {   'close': 49.725,
    'high': 50.29,
    'low': 46.57,
    'open': 47.325,
    'symbol': 'ENPH',
    'timestamp': datetime.datetime(2025, 5, 15, 4, 0, tzinfo=TzInfo(UTC)),
    'trade_count': 81039.0,
    'volume': 6505196.0,
    'vwap': 48.828987}, {   'close': 50.4,
    'high': 51.88,
    'low': 49.1,
    'open': 49.945,
    'symbol': 'ENPH',
    'timestamp': datetime.datetime(2025, 5, 16, 4, 0, tzinfo=TzInfo(UTC)),
    'trade_count': 73995.0,
    'volume': 6249593.0,
    'vwap': 50.400128}, {   'close': 48.78,
    'high': 49.3,
    'low': 47.75,
    'open': 48.87,
    'symbol': 'ENPH',
    'timestamp': datetime.datetime(2025, 5, 19, 4, 0, tzinfo=TzInfo(UTC)),
    'trade_count': 66527.0,
    'volume': 5521337.0,
    'vwap': 48.575457}, {   'close': 49.04,
    'high': 50.529,
    'low': 48.665,
    'open': 48.78,
    'symbol': 'ENPH',
    'timestamp': datetime.datetime(2025, 5, 20, 4, 0, tzinfo=TzInfo(UTC)),
    'trade_count': 57981.0,
    'volume': 4367389.0,
    'vwap': 49.420858}, {   'close': 47.29,
    'high': 48.4799,
    'low': 46.94,
    'open': 48.35,
    'symbol': 'ENPH',
    'timestamp': datetime.datetime(2025, 5, 21, 4, 0, tzinfo=TzInfo(UTC)),
    'trade_count': 65239.0,
    'volume': 5738648.0,
    'vwap': 47.444263}, {   'close': 38.005,
    'high': 40.5,
    'low': 37.59,
    'open': 37.8,
    'symbol': 'ENPH',
    'timestamp': datetime.datetime(2025, 5, 22, 4, 0, tzinfo=TzInfo(UTC)),
    'trade_count': 308459.0,
    'volume': 30803200.0,
    'vwap': 38.685182}, {   'close': 39.64,
    'high': 39.98,
    'low': 37.6,
    'open': 37.77,
    'symbol': 'ENPH',
    'timestamp': datetime.datetime(2025, 5, 23, 4, 0, tzinfo=TzInfo(UTC)),
    'trade_count': 119948.0,
    'volume': 10168324.0,
    'vwap': 39.390218}, {   'close': 40.22,
    'high': 40.8,
    'low': 39.5,
    'open': 40.15,
    'symbol': 'ENPH',
    'timestamp': datetime.datetime(2025, 5, 27, 4, 0, tzinfo=TzInfo(UTC)),
    'trade_count': 74683.0,
    'volume': 6167287.0,
    'vwap': 40.136512}, {   'close': 38.96,
    'high': 40.115,
    'low': 38.94,
    'open': 40.085,
    'symbol': 'ENPH',
    'timestamp': datetime.datetime(2025, 5, 28, 4, 0, tzinfo=TzInfo(UTC)),
    'trade_count': 65580.0,
    'volume': 4880720.0,
    'vwap': 39.396016}, {   'close': 39.24,
    'high': 39.9,
    'low': 38.6,
    'open': 39.46,
    'symbol': 'ENPH',
    'timestamp': datetime.datetime(2025, 5, 29, 4, 0, tzinfo=TzInfo(UTC)),
    'trade_count': 79564.0,
    'volume': 6359656.0,
    'vwap': 39.165389}, {   'close': 41.39,
    'high': 41.805,
    'low': 38.15,
    'open': 38.985,
    'symbol': 'ENPH',
    'timestamp': datetime.datetime(2025, 5, 30, 4, 0, tzinfo=TzInfo(UTC)),
    'trade_count': 98163.0,
    'volume': 9516472.0,
    'vwap': 40.596021}, {   'close': 41.32,
    'high': 41.72,
    'low': 40.342,
    'open': 41.39,
    'symbol': 'ENPH',
    'timestamp': datetime.datetime(2025, 6, 2, 4, 0, tzinfo=TzInfo(UTC)),
    'trade_count': 71050.0,
    'volume': 5034860.0,
    'vwap': 41.211482}, {   'close': 43.75,
    'high': 43.855,
    'low': 40.39,
    'open': 40.88,
    'symbol': 'ENPH',
    'timestamp': datetime.datetime(2025, 6, 3, 4, 0, tzinfo=TzInfo(UTC)),
    'trade_count': 80242.0,
    'volume': 6100362.0,
    'vwap': 42.926926}, {   'close': 43.16,
    'high': 44.1357,
    'low': 42.8,
    'open': 44.07,
    'symbol': 'ENPH',
    'timestamp': datetime.datetime(2025, 6, 4, 4, 0, tzinfo=TzInfo(UTC)),
    'trade_count': 51936.0,
    'volume': 4167891.0,
    'vwap': 43.461525}, {   'close': 41.3,
    'high': 43.165,
    'low': 41.06,
    'open': 43.13,
    'symbol': 'ENPH',
    'timestamp': datetime.datetime(2025, 6, 5, 4, 0, tzinfo=TzInfo(UTC)),
    'trade_count': 74992.0,
    'volume': 7291671.0,
    'vwap': 41.864094}, {   'close': 41.18,
    'high': 41.96,
    'low': 41.01,
    'open': 41.68,
    'symbol': 'ENPH',
    'timestamp': datetime.datetime(2025, 6, 6, 4, 0, tzinfo=TzInfo(UTC)),
    'trade_count': 82131.0,
    'volume': 6994651.0,
    'vwap': 41.291038}, {   'close': 43.26,
    'high': 44.4,
    'low': 41.52,
    'open': 41.75,
    'symbol': 'ENPH',
    'timestamp': datetime.datetime(2025, 6, 9, 4, 0, tzinfo=TzInfo(UTC)),
    'trade_count': 89048.0,
    'volume': 6755719.0,
    'vwap': 43.353417}, {   'close': 45.08,
    'high': 46.3993,
    'low': 43.95,
    'open': 44.84,
    'symbol': 'ENPH',
    'timestamp': datetime.datetime(2025, 6, 10, 4, 0, tzinfo=TzInfo(UTC)),
    'trade_count': 80364.0,
    'volume': 6139114.0,
    'vwap': 45.377502}, {   'close': 45.28,
    'high': 46.24,
    'low': 45.03,
    'open': 45.67,
    'symbol': 'ENPH',
    'timestamp': datetime.datetime(2025, 6, 11, 4, 0, tzinfo=TzInfo(UTC)),
    'trade_count': 53202.0,
    'volume': 3956323.0,
    'vwap': 45.483686}, {   'close': 44.695,
    'high': 45.8378,
    'low': 44.02,
    'open': 45.55,
    'symbol': 'ENPH',
    'timestamp': datetime.datetime(2025, 6, 12, 4, 0, tzinfo=TzInfo(UTC)),
    'trade_count': 53664.0,
    'volume': 3755722.0,
    'vwap': 44.659018}, {   'close': 45.6,
    'high': 46.94,
    'low': 44.1046,
    'open': 44.34,
    'symbol': 'ENPH',
    'timestamp': datetime.datetime(2025, 6, 13, 4, 0, tzinfo=TzInfo(UTC)),
    'trade_count': 83875.0,
    'volume': 6456416.0,
    'vwap': 45.548104}]}
2025-06-15 20:50:23,123 - data_provider - DEBUG - Using object response, data type: <class 'dict'>
2025-06-15 20:50:23,123 - data_provider - DEBUG - Data dir: ['__class__', '__class_getitem__', '__contains__', '__delattr__', '__delitem__', '__dir__', '__doc__', '__eq__', '__format__', '__ge__', '__getattribute__', '__getitem__', '__getstate__', '__gt__', '__hash__', '__init__', '__init_subclass__', '__ior__', '__iter__', '__le__', '__len__', '__lt__', '__ne__', '__new__', '__or__', '__reduce__', '__reduce_ex__', '__repr__', '__reversed__', '__ror__', '__setattr__', '__setitem__', '__sizeof__', '__str__', '__subclasshook__', 'clear', 'copy', 'fromkeys', 'get', 'items', 'keys', 'pop', 'popitem', 'setdefault', 'update', 'values']
2025-06-15 20:50:23,123 - data_provider - DEBUG - Data content for symbol ENPH: {'ENPH': [{   'close': 44.42,
    'high': 45.62,
    'low': 44.12,
    'open': 45.5,
    'symbol': 'ENPH',
    'timestamp': datetime.datetime(2025, 5, 5, 4, 0, tzinfo=TzInfo(UTC)),
    'trade_count': 55694.0,
    'volume': 4156051.0,
    'vwap': 44.594297}, {   'close': 43.87,
    'high': 45.98,
    'low': 43.78,
    'open': 44.765,
    'symbol': 'ENPH',
    'timestamp': datetime.datetime(2025, 5, 6, 4, 0, tzinfo=TzInfo(UTC)),
    'trade_count': 76153.0,
    'volume': 5876844.0,
    'vwap': 44.764094}, {   'close': 43.73,
    'high': 44.32,
    'low': 43.09,
    'open': 43.56,
    'symbol': 'ENPH',
    'timestamp': datetime.datetime(2025, 5, 7, 4, 0, tzinfo=TzInfo(UTC)),
    'trade_count': 60769.0,
    'volume': 4682562.0,
    'vwap': 43.674494}, {   'close': 49.05,
    'high': 50.48,
    'low': 43.77,
    'open': 43.96,
    'symbol': 'ENPH',
    'timestamp': datetime.datetime(2025, 5, 8, 4, 0, tzinfo=TzInfo(UTC)),
    'trade_count': 115423.0,
    'volume': 10304512.0,
    'vwap': 47.483884}, {   'close': 50.775,
    'high': 51.18,
    'low': 48.83,
    'open': 49.29,
    'symbol': 'ENPH',
    'timestamp': datetime.datetime(2025, 5, 9, 4, 0, tzinfo=TzInfo(UTC)),
    'trade_count': 77836.0,
    'volume': 6578328.0,
    'vwap': 50.265628}, {   'close': 47.94,
    'high': 54.43,
    'low': 47.24,
    'open': 54.165,
    'symbol': 'ENPH',
    'timestamp': datetime.datetime(2025, 5, 12, 4, 0, tzinfo=TzInfo(UTC)),
    'trade_count': 176366.0,
    'volume': 14879522.0,
    'vwap': 49.484594}, {   'close': 45.63,
    'high': 47.19,
    'low': 43.93,
    'open': 45.27,
    'symbol': 'ENPH',
    'timestamp': datetime.datetime(2025, 5, 13, 4, 0, tzinfo=TzInfo(UTC)),
    'trade_count': 201278.0,
    'volume': 18298764.0,
    'vwap': 45.338275}, {   'close': 48.27,
    'high': 48.725,
    'low': 45.485,
    'open': 45.6,
    'symbol': 'ENPH',
    'timestamp': datetime.datetime(2025, 5, 14, 4, 0, tzinfo=TzInfo(UTC)),
    'trade_count': 110706.0,
    'volume': 8374661.0,
    'vwap': 47.440935}, {   'close': 49.725,
    'high': 50.29,
    'low': 46.57,
    'open': 47.325,
    'symbol': 'ENPH',
    'timestamp': datetime.datetime(2025, 5, 15, 4, 0, tzinfo=TzInfo(UTC)),
    'trade_count': 81039.0,
    'volume': 6505196.0,
    'vwap': 48.828987}, {   'close': 50.4,
    'high': 51.88,
    'low': 49.1,
    'open': 49.945,
    'symbol': 'ENPH',
    'timestamp': datetime.datetime(2025, 5, 16, 4, 0, tzinfo=TzInfo(UTC)),
    'trade_count': 73995.0,
    'volume': 6249593.0,
    'vwap': 50.400128}, {   'close': 48.78,
    'high': 49.3,
    'low': 47.75,
    'open': 48.87,
    'symbol': 'ENPH',
    'timestamp': datetime.datetime(2025, 5, 19, 4, 0, tzinfo=TzInfo(UTC)),
    'trade_count': 66527.0,
    'volume': 5521337.0,
    'vwap': 48.575457}, {   'close': 49.04,
    'high': 50.529,
    'low': 48.665,
    'open': 48.78,
    'symbol': 'ENPH',
    'timestamp': datetime.datetime(2025, 5, 20, 4, 0, tzinfo=TzInfo(UTC)),
    'trade_count': 57981.0,
    'volume': 4367389.0,
    'vwap': 49.420858}, {   'close': 47.29,
    'high': 48.4799,
    'low': 46.94,
    'open': 48.35,
    'symbol': 'ENPH',
    'timestamp': datetime.datetime(2025, 5, 21, 4, 0, tzinfo=TzInfo(UTC)),
    'trade_count': 65239.0,
    'volume': 5738648.0,
    'vwap': 47.444263}, {   'close': 38.005,
    'high': 40.5,
    'low': 37.59,
    'open': 37.8,
    'symbol': 'ENPH',
    'timestamp': datetime.datetime(2025, 5, 22, 4, 0, tzinfo=TzInfo(UTC)),
    'trade_count': 308459.0,
    'volume': 30803200.0,
    'vwap': 38.685182}, {   'close': 39.64,
    'high': 39.98,
    'low': 37.6,
    'open': 37.77,
    'symbol': 'ENPH',
    'timestamp': datetime.datetime(2025, 5, 23, 4, 0, tzinfo=TzInfo(UTC)),
    'trade_count': 119948.0,
    'volume': 10168324.0,
    'vwap': 39.390218}, {   'close': 40.22,
    'high': 40.8,
    'low': 39.5,
    'open': 40.15,
    'symbol': 'ENPH',
    'timestamp': datetime.datetime(2025, 5, 27, 4, 0, tzinfo=TzInfo(UTC)),
    'trade_count': 74683.0,
    'volume': 6167287.0,
    'vwap': 40.136512}, {   'close': 38.96,
    'high': 40.115,
    'low': 38.94,
    'open': 40.085,
    'symbol': 'ENPH',
    'timestamp': datetime.datetime(2025, 5, 28, 4, 0, tzinfo=TzInfo(UTC)),
    'trade_count': 65580.0,
    'volume': 4880720.0,
    'vwap': 39.396016}, {   'close': 39.24,
    'high': 39.9,
    'low': 38.6,
    'open': 39.46,
    'symbol': 'ENPH',
    'timestamp': datetime.datetime(2025, 5, 29, 4, 0, tzinfo=TzInfo(UTC)),
    'trade_count': 79564.0,
    'volume': 6359656.0,
    'vwap': 39.165389}, {   'close': 41.39,
    'high': 41.805,
    'low': 38.15,
    'open': 38.985,
    'symbol': 'ENPH',
    'timestamp': datetime.datetime(2025, 5, 30, 4, 0, tzinfo=TzInfo(UTC)),
    'trade_count': 98163.0,
    'volume': 9516472.0,
    'vwap': 40.596021}, {   'close': 41.32,
    'high': 41.72,
    'low': 40.342,
    'open': 41.39,
    'symbol': 'ENPH',
    'timestamp': datetime.datetime(2025, 6, 2, 4, 0, tzinfo=TzInfo(UTC)),
    'trade_count': 71050.0,
    'volume': 5034860.0,
    'vwap': 41.211482}, {   'close': 43.75,
    'high': 43.855,
    'low': 40.39,
    'open': 40.88,
    'symbol': 'ENPH',
    'timestamp': datetime.datetime(2025, 6, 3, 4, 0, tzinfo=TzInfo(UTC)),
    'trade_count': 80242.0,
    'volume': 6100362.0,
    'vwap': 42.926926}, {   'close': 43.16,
    'high': 44.1357,
    'low': 42.8,
    'open': 44.07,
    'symbol': 'ENPH',
    'timestamp': datetime.datetime(2025, 6, 4, 4, 0, tzinfo=TzInfo(UTC)),
    'trade_count': 51936.0,
    'volume': 4167891.0,
    'vwap': 43.461525}, {   'close': 41.3,
    'high': 43.165,
    'low': 41.06,
    'open': 43.13,
    'symbol': 'ENPH',
    'timestamp': datetime.datetime(2025, 6, 5, 4, 0, tzinfo=TzInfo(UTC)),
    'trade_count': 74992.0,
    'volume': 7291671.0,
    'vwap': 41.864094}, {   'close': 41.18,
    'high': 41.96,
    'low': 41.01,
    'open': 41.68,
    'symbol': 'ENPH',
    'timestamp': datetime.datetime(2025, 6, 6, 4, 0, tzinfo=TzInfo(UTC)),
    'trade_count': 82131.0,
    'volume': 6994651.0,
    'vwap': 41.291038}, {   'close': 43.26,
    'high': 44.4,
    'low': 41.52,
    'open': 41.75,
    'symbol': 'ENPH',
    'timestamp': datetime.datetime(2025, 6, 9, 4, 0, tzinfo=TzInfo(UTC)),
    'trade_count': 89048.0,
    'volume': 6755719.0,
    'vwap': 43.353417}, {   'close': 45.08,
    'high': 46.3993,
    'low': 43.95,
    'open': 44.84,
    'symbol': 'ENPH',
    'timestamp': datetime.datetime(2025, 6, 10, 4, 0, tzinfo=TzInfo(UTC)),
    'trade_count': 80364.0,
    'volume': 6139114.0,
    'vwap': 45.377502}, {   'close': 45.28,
    'high': 46.24,
    'low': 45.03,
    'open': 45.67,
    'symbol': 'ENPH',
    'timestamp': datetime.datetime(2025, 6, 11, 4, 0, tzinfo=TzInfo(UTC)),
    'trade_count': 53202.0,
    'volume': 3956323.0,
    'vwap': 45.483686}, {   'close': 44.695,
    'high': 45.8378,
    'low': 44.02,
    'open': 45.55,
    'symbol': 'ENPH',
    'timestamp': datetime.datetime(2025, 6, 12, 4, 0, tzinfo=TzInfo(UTC)),
    'trade_count': 53664.0,
    'volume': 3755722.0,
    'vwap': 44.659018}, {   'close': 45.6,
    'high': 46.94,
    'low': 44.1046,
    'open': 44.34,
    'symbol': 'ENPH',
    'timestamp': datetime.datetime(2025, 6, 13, 4, 0, tzinfo=TzInfo(UTC)),
    'trade_count': 83875.0,
    'volume': 6456416.0,
    'vwap': 45.548104}]}
2025-06-15 20:50:23,125 - data_provider - DEBUG - Looking for symbol ENPH in data
2025-06-15 20:50:23,125 - data_provider - DEBUG - Dict access result for ENPH: Found
2025-06-15 20:50:23,234 - trading_engine - INFO - Calculated target price for ENPH based on RSI: $46.20
2025-06-15 20:50:23,309 - data_provider - DEBUG - API response type: <class 'alpaca.data.models.bars.BarSet'>
2025-06-15 20:50:23,311 - data_provider - DEBUG - API response dir: ['__abstractmethods__', '__annotations__', '__class__', '__class_getitem__', '__class_vars__', '__copy__', '__deepcopy__', '__delattr__', '__dict__', '__dir__', '__doc__', '__eq__', '__fields__', '__fields_set__', '__firstlineno__', '__format__', '__ge__', '__get_pydantic_core_schema__', '__get_pydantic_json_schema__', '__getattr__', '__getattribute__', '__getitem__', '__getstate__', '__gt__', '__hash__', '__init__', '__init_subclass__', '__iter__', '__le__', '__lt__', '__module__', '__ne__', '__new__', '__pretty__', '__private_attributes__', '__pydantic_complete__', '__pydantic_computed_fields__', '__pydantic_core_schema__', '__pydantic_custom_init__', '__pydantic_decorators__', '__pydantic_extra__', '__pydantic_fields__', '__pydantic_fields_set__', '__pydantic_generic_metadata__', '__pydantic_init_subclass__', '__pydantic_parent_namespace__', '__pydantic_post_init__', '__pydantic_private__', '__pydantic_root_model__', '__pydantic_serializer__', '__pydantic_setattr_handlers__', '__pydantic_validator__', '__reduce__', '__reduce_ex__', '__replace__', '__repr__', '__repr_args__', '__repr_name__', '__repr_recursion__', '__repr_str__', '__rich_repr__', '__setattr__', '__setstate__', '__signature__', '__sizeof__', '__slots__', '__static_attributes__', '__str__', '__subclasshook__', '__weakref__', '_abc_impl', '_calculate_keys', '_copy_and_set_values', '_get_value', '_iter', '_setattr_handler', 'construct', 'copy', 'data', 'df', 'dict', 'from_orm', 'json', 'model_computed_fields', 'model_config', 'model_construct', 'model_copy', 'model_dump', 'model_dump_json', 'model_extra', 'model_fields', 'model_fields_set', 'model_json_schema', 'model_parametrized_name', 'model_post_init', 'model_rebuild', 'model_validate', 'model_validate_json', 'model_validate_strings', 'parse_file', 'parse_obj', 'parse_raw', 'schema', 'schema_json', 'update_forward_refs', 'validate']
2025-06-15 20:50:23,311 - data_provider - DEBUG - Raw API response for symbol ENPH: data={}
2025-06-15 20:50:23,311 - data_provider - DEBUG - Using object response, data type: <class 'dict'>
2025-06-15 20:50:23,311 - data_provider - DEBUG - No data found for symbol ENPH
2025-06-15 20:50:23,322 - __main__ - INFO - Algorithm interrupted by user
